sha256	size	path
b8df227e2107f9076781826bfb6217d191fc7badef3b2ef0d4b5c55628dcd029	47	original/Arcane_Nocd/CDROMDrive.cfg
40209ca76705b5db04ea1974543bdec1739c68acdebdbefe2537ed025b8b7168	2076755	original/Arcane_Nocd/Chaos.exe
51fa5576e7d05a6a084906bdb6abe40574921439a708664d194e9e1c8d9d8d1c	29	original/MagicMayhem_CD/Autorun.inf
12e237fc74f604f7452e7d533a1d846cbf3513410efca316f62f07c9e885afb6	3366912	original/MagicMayhem_CD/Browser.exe
377596e717dc9b3d5714ddb5b71e598f4085103e1d05f8dd7e01115073d86798	60416	original/MagicMayhem_CD/Browser2.exe
303d11beb10d9bbd36c8229da2e2967ecb33822a57c5ff6136cfe51181be5d07	99	original/MagicMayhem_CD/DATA.TAG
a9daa6ec591514337ccfa3df83e363bfa29010ffccf654c0e14ff55dabf98f81	3761432	original/MagicMayhem_CD/DirectX6/Win95/Dx6eng.exe
5f29f38abc8a9cd3ebb90812f377067d401565fdf044e82e5923f6490608839b	1598704	original/MagicMayhem_CD/DirectX6/Win98/dx6core.exe
5ee142c4acf5180b62f3f5f4480606f10313d174e84acd26b3292d81dc242648	3747328	original/MagicMayhem_CD/Dxmedia/Redist/DXMEDIA.EXE
40dcbabe5f88e05f496cc366ade8f45f0ad92ab302de3a5a16c61decbedbe868	22016	original/MagicMayhem_CD/Dxmedia/Redist/EULA.DOC
62b705b305e3373a8e2bc37317d5c2a477a24bcb69cfce71aac3b10c7ad85bce	5281280	original/MagicMayhem_CD/FMV/Celtic.avi
0e393dcbd72e712b6d455906cc3757ab71a7b2ce0d7f43b96e48c47b9bfac4b9	5533184	original/MagicMayhem_CD/FMV/Greek.avi
9a6f05f0c9379d03f5b2f7b5f8d026dea33e4644a7c8ae23ddf3e52657f32515	37819392	original/MagicMayhem_CD/FMV/Intro0.avi
74ec6aa269e9ae7e4f2c8b3cffb4dc35f02b0a2b40412a5fcd959657a8d37b69	21117440	original/MagicMayhem_CD/FMV/Intro1.avi
6f7d47d477f01fde5a8f74382537274d8edc1f3762edff4c574ef7b509181852	14189056	original/MagicMayhem_CD/FMV/Medieval.avi
1719b5a6a48392f901106a00f671dca539aca5927ee1055ae9e8fb8cf7fb057e	1888	original/MagicMayhem_CD/Realms/Celtic/Forest/CFsec01.evt
69fa6e62aaf678d97cf0d8519bcbbaa783daaba75eb1e378c3ebb0f5ec369ee5	47815	original/MagicMayhem_CD/Realms/Celtic/Forest/CFsec01.map
878b817540a5ae1361295b142115e61b33259207f0f84f64afb272a54d76423d	3096	original/MagicMayhem_CD/Realms/Celtic/Forest/CFsec01.mps
5a60545bdec2c6183a64c6ba8b09572b364627784832bd1e0224a4c6edc3c900	64244	original/MagicMayhem_CD/Realms/Celtic/Forest/CFsec01.nod
70856d07047510ea9873773e948212b595b3bd99efbe7bd9fa652f3cec420918	664	original/MagicMayhem_CD/Realms/Celtic/Forest/CFsec02.evt
5ffe5e1bea6b8e0db8812fec049c718bf3c5e46e5c40158d6d722fc0ede27843	59837	original/MagicMayhem_CD/Realms/Celtic/Forest/CFsec02.map
abd7977c634cf3a07e7b209eeb789fd0dc4416a4abfb70eaf5cee3dfbe5ced75	2336	original/MagicMayhem_CD/Realms/Celtic/Forest/CFsec02.mps
6e371303e0bd1b69eccf986741a5e5f0c32bdf1f151e6e3b8f0084acd6038895	59798	original/MagicMayhem_CD/Realms/Celtic/Forest/CFsec02.nod
e67e123be49f3bc3a1a1d81ee9b6bc48dc189d8754c4ace997f516be91095220	2464	original/MagicMayhem_CD/Realms/Celtic/Forest/CFsec03.evt
9a8ecd537ae38d7f31811ac405ab5abfad2d89d9a1cc1406566e8de8d5194f7c	62506	original/MagicMayhem_CD/Realms/Celtic/Forest/CFsec03.map
2c8bde1b8d00c035f95ee1fce5ff684252f5ed23a7fe178aa4ede961d0f25b5b	1656	original/MagicMayhem_CD/Realms/Celtic/Forest/CFsec03.mps
bfd6d422e0a44111c6aa76d596d28a1197b1a7ec702d9a64fc18a6f4c4379e41	51894	original/MagicMayhem_CD/Realms/Celtic/Forest/CFsec03.nod
7fa28f628c73bf3ab053730e53d378a1f3d748993ffa3a42914fdb828c220689	1672	original/MagicMayhem_CD/Realms/Celtic/Forest/CFsec04.evt
f190da30486a3cc3d55c1773a1d0c477bcc4276824f8582197f2a673964c56ee	72664	original/MagicMayhem_CD/Realms/Celtic/Forest/CFsec04.map
4bec9f92cdbdff92852c96122cee8bc12ff4e905ad8bdbb0e5eb63cb6a54d655	1536	original/MagicMayhem_CD/Realms/Celtic/Forest/CFsec04.mps
d00afefdc9a461887c0cfcc8dfa5f228a461d392c8735ca7cbd1cbc4cb281faa	60786	original/MagicMayhem_CD/Realms/Celtic/Forest/CFsec04.nod
4b1cf1938cdd2ab0393ce2bf939553c01b327d9b1431743636f91bd9aff2733b	448	original/MagicMayhem_CD/Realms/Celtic/Forest/CFsec05.evt
d196d5b5c585189c24510bd16a8034a3df081feb07690a11db4ef08c7c780375	13190	original/MagicMayhem_CD/Realms/Celtic/Forest/CFsec05.map
37f23ecf664c882df83ea13d2a7bfdc6239c1d039cc937bd42504141d6e3b646	336	original/MagicMayhem_CD/Realms/Celtic/Forest/CFsec05.mps
d04a693c48c072719a6bde66f389e7ea54d2be332a4c2e7161ad0276e091b3ac	16820	original/MagicMayhem_CD/Realms/Celtic/Forest/CFsec05.nod
bc5de961972b28c06b78b5fa38b8c959ddaf03d5762f40ec56b4b951a70e6468	16	original/MagicMayhem_CD/Realms/Celtic/Forest/CFsec10.evt
d52658561d8bf6a5d6bd9efae4e656246b78047caeedea1a9f83482a6d0461bb	14977	original/MagicMayhem_CD/Realms/Celtic/Forest/CFsec10.map
9700d1090d019f29bbed680ce404935734f55a41646adedab6f9e8a4ed174beb	456	original/MagicMayhem_CD/Realms/Celtic/Forest/CFsec10.mps
3714c09641089d52b6dfd7d1d0d8efdc5cbf3d2bbf31106600feb4d8de7baab4	9904	original/MagicMayhem_CD/Realms/Celtic/Forest/CFsec10.nod
bc5de961972b28c06b78b5fa38b8c959ddaf03d5762f40ec56b4b951a70e6468	16	original/MagicMayhem_CD/Realms/Celtic/Forest/CFsec11.evt
511fa579cd795cd773f0b5e66be17180bddf04e0edff19b41dd2cb593de33b0e	15555	original/MagicMayhem_CD/Realms/Celtic/Forest/CFsec11.map
fd64867e9b794c660482a6afe9b603911503ff8a92b2ea994752220b6c6001bd	416	original/MagicMayhem_CD/Realms/Celtic/Forest/CFsec11.mps
6efdd5675b9c2fe46a520139c816c8e79689e464f33d995b27f5f20bf21b383d	12374	original/MagicMayhem_CD/Realms/Celtic/Forest/CFsec11.nod
bc5de961972b28c06b78b5fa38b8c959ddaf03d5762f40ec56b4b951a70e6468	16	original/MagicMayhem_CD/Realms/Celtic/Forest/CFsec12.evt
0109f58b72ee27c076f0cee2ece8107e00432ed9ac510fa33e4ec0fb0b1d9e1f	14949	original/MagicMayhem_CD/Realms/Celtic/Forest/CFsec12.map
6e2eeb45c5472cebeab334b802731cd76b1d0d872ad05da88f4e9c6b34474cf5	456	original/MagicMayhem_CD/Realms/Celtic/Forest/CFsec12.mps
2b33c7639b2de5997cecdea1669bca7eaeb67f466e14f4cbee14fe928954801f	11880	original/MagicMayhem_CD/Realms/Celtic/Forest/CFsec12.nod
bc5de961972b28c06b78b5fa38b8c959ddaf03d5762f40ec56b4b951a70e6468	16	original/MagicMayhem_CD/Realms/Celtic/Forest/CFsec13.evt
b402180853ef1e8e98ce34f2102a6ef720cc4496c9c21531c4eb345cb3f50f72	15340	original/MagicMayhem_CD/Realms/Celtic/Forest/CFsec13.map
2f524c3982250dd418f6327910f4decfd6e1882813bb1e8c35e065f4a0b80e4a	376	original/MagicMayhem_CD/Realms/Celtic/Forest/CFsec13.mps
0096ea16998ee58ffef54f6819e34d2d743fc86a44cf2638c2ff59832687c782	13856	original/MagicMayhem_CD/Realms/Celtic/Forest/CFsec13.nod
bc5de961972b28c06b78b5fa38b8c959ddaf03d5762f40ec56b4b951a70e6468	16	original/MagicMayhem_CD/Realms/Celtic/Forest/CFsec14.evt
31109467bdd42442418439df9965a8f0a27c90a8efc203ba4efea356bef5e6e8	14978	original/MagicMayhem_CD/Realms/Celtic/Forest/CFsec14.map
2d07c39cb66eb2af03101b94227298ea5ff2df7ae74ad94f2ed462005499652a	456	original/MagicMayhem_CD/Realms/Celtic/Forest/CFsec14.mps
95278be0a259753bbd208d6b9812ff0b62985bf87445ffc88cc4d8893611f64a	8916	original/MagicMayhem_CD/Realms/Celtic/Forest/CFsec14.nod
bc5de961972b28c06b78b5fa38b8c959ddaf03d5762f40ec56b4b951a70e6468	16	original/MagicMayhem_CD/Realms/Celtic/Forest/CFsec20.evt
d69eb54e9187cfa5e01356bdca2c3713b4e956551c0df09891269d1e9f2224c7	14955	original/MagicMayhem_CD/Realms/Celtic/Forest/CFsec20.map
2a52df40093a9316d98c7967bcfbfa91eb5ac4cc0fb08d1bb90c57c035ab0991	576	original/MagicMayhem_CD/Realms/Celtic/Forest/CFsec20.mps
1b6a877dc8d1e185c06168d929adcb3a0a6bcdc0d929acc6efcb2908d0545471	8916	original/MagicMayhem_CD/Realms/Celtic/Forest/CFsec20.nod
bc5de961972b28c06b78b5fa38b8c959ddaf03d5762f40ec56b4b951a70e6468	16	original/MagicMayhem_CD/Realms/Celtic/Forest/CFsec21.evt
8c7f9dc975b235e9f9c0a37fa3cbe5a09cac18a81dbad5bab999b8188ecff303	14891	original/MagicMayhem_CD/Realms/Celtic/Forest/CFsec21.map
11aba112eb481bc4046ae9ec146eeea4dc2e51cbb066af0a3a89fea1e63e9f21	576	original/MagicMayhem_CD/Realms/Celtic/Forest/CFsec21.mps
fbe7cb71b6c294c4f536bbde2b6fa3f867c48f92e474ef180e6d399500b89df0	8916	original/MagicMayhem_CD/Realms/Celtic/Forest/CFsec21.nod
bc5de961972b28c06b78b5fa38b8c959ddaf03d5762f40ec56b4b951a70e6468	16	original/MagicMayhem_CD/Realms/Celtic/Forest/CFsec22.evt
07cea0e764bac60090efe0de125e1204d1576103ef8b5cb2c220f4992bd7ff00	15199	original/MagicMayhem_CD/Realms/Celtic/Forest/CFsec22.map
14f204993e044e34b2d9b2f1f2c1102cf35e5ab5e2d6bfb19997a0be15ed8620	496	original/MagicMayhem_CD/Realms/Celtic/Forest/CFsec22.mps
88c48e85fc4a999ee2e0b24ce22b3fd469e1d4ff2e36e5fe1c7a1c62a01ae989	15338	original/MagicMayhem_CD/Realms/Celtic/Forest/CFsec22.nod
bc5de961972b28c06b78b5fa38b8c959ddaf03d5762f40ec56b4b951a70e6468	16	original/MagicMayhem_CD/Realms/Celtic/Forest/CFsec23.evt
5aeca5b88bfbb9c82ebafbd99cb17e7fa9ebc5fd39a682f3ff83edfc52560cd1	15581	original/MagicMayhem_CD/Realms/Celtic/Forest/CFsec23.map
40655e4f1b48968199b7aa95ac6fe28574684711833e3a201f129b5eff05abf4	576	original/MagicMayhem_CD/Realms/Celtic/Forest/CFsec23.mps
9b6cdda1178804e64afc4020b1f7e59efcd8c4b2abf2b9f0be052c1b67ceb0aa	10398	original/MagicMayhem_CD/Realms/Celtic/Forest/CFsec23.nod
bc5de961972b28c06b78b5fa38b8c959ddaf03d5762f40ec56b4b951a70e6468	16	original/MagicMayhem_CD/Realms/Celtic/Forest/CFsec24.evt
7090a9c0de53594d60532f34d7ef5d440e3321ecfa50a44132ced25781a0cb2c	15456	original/MagicMayhem_CD/Realms/Celtic/Forest/CFsec24.map
e0feb37bba8d0024c5f98ada8bb3e5a39696642a5bfaf848cdc5268fd9182b74	576	original/MagicMayhem_CD/Realms/Celtic/Forest/CFsec24.mps
4ad0337be0ab9db0a83f59f2dcbf09851677f5ebc12f8e11a19ce57caa03de6d	8422	original/MagicMayhem_CD/Realms/Celtic/Forest/CFsec24.nod
bc5de961972b28c06b78b5fa38b8c959ddaf03d5762f40ec56b4b951a70e6468	16	original/MagicMayhem_CD/Realms/Celtic/Forest/CFsec25.evt
bcb1d60ee7a1c22fc4bf04348fca4a75f50b112e935c643463df646948af54b7	15685	original/MagicMayhem_CD/Realms/Celtic/Forest/CFsec25.map
4a1e99b3cc5e57cc5087a50dfbe82192a74d9337e8cce5196ddefda4bada7c20	576	original/MagicMayhem_CD/Realms/Celtic/Forest/CFsec25.mps
eb5d9beca544c3dcd39bf6cf8f1af19d53f63abaf6eef4e73d5a99f0abf09cd2	11386	original/MagicMayhem_CD/Realms/Celtic/Forest/CFsec25.nod
bc5de961972b28c06b78b5fa38b8c959ddaf03d5762f40ec56b4b951a70e6468	16	original/MagicMayhem_CD/Realms/Celtic/Forest/CFsec26.evt
93e52b6981be373023708f513ed4a40e226e00b260bd85458d518fe13892f3cb	15043	original/MagicMayhem_CD/Realms/Celtic/Forest/CFsec26.map
36e045ddb9655b824e9a0f1d0d39080e85793009864216655b13520f708997d3	496	original/MagicMayhem_CD/Realms/Celtic/Forest/CFsec26.mps
fb4dfbc8bf96dd45435ebe61f2ef00851327a7cb465c3064d0429d2b4cc88591	11880	original/MagicMayhem_CD/Realms/Celtic/Forest/CFsec26.nod
bc5de961972b28c06b78b5fa38b8c959ddaf03d5762f40ec56b4b951a70e6468	16	original/MagicMayhem_CD/Realms/Celtic/Forest/CFsec27.evt
d06d8f44019270996a91abbf2482455a4049c7ef200c3e39c9c0da2038853ad7	14987	original/MagicMayhem_CD/Realms/Celtic/Forest/CFsec27.map
cf1dc6551f14e6bcd18cac59686c55436b37c6f1a8aaec022eeb0be01c3b2de4	576	original/MagicMayhem_CD/Realms/Celtic/Forest/CFsec27.mps
bfdfb28694d61893dd752789231c21201ca82fab2c724f49e4fa811cb5e2345a	8422	original/MagicMayhem_CD/Realms/Celtic/Forest/CFsec27.nod
bc5de961972b28c06b78b5fa38b8c959ddaf03d5762f40ec56b4b951a70e6468	16	original/MagicMayhem_CD/Realms/Celtic/Forest/CFsec28.evt
b6f7ae8b8b131c5f78128f49376f31779153e452b200d5e1e4375b8c8d9a6c71	15675	original/MagicMayhem_CD/Realms/Celtic/Forest/CFsec28.map
51259fe7efe7df7ec98cb9bf178e2f64574b2374a14494d1bcde0e1c50d1d32d	576	original/MagicMayhem_CD/Realms/Celtic/Forest/CFsec28.mps
40988483b701110ff82a262c3ced8283b92004a9a213c11a04f278f6091d97de	11386	original/MagicMayhem_CD/Realms/Celtic/Forest/CFsec28.nod
bc5de961972b28c06b78b5fa38b8c959ddaf03d5762f40ec56b4b951a70e6468	16	original/MagicMayhem_CD/Realms/Celtic/Forest/CFsec29.evt
29eb567d2f3c4508c1cc50c749ef52337d8477f8973c2e054263ceda887239fe	15700	original/MagicMayhem_CD/Realms/Celtic/Forest/CFsec29.map
400c7305fede49c7246bc1622379e834a4f7ef5726c6f5b53f8950fd3dbdcc39	576	original/MagicMayhem_CD/Realms/Celtic/Forest/CFsec29.mps
bec970eb3ccb6e8de634a8eb17bb934eb2441cca99d57932cc6271b67f9aaf76	10398	original/MagicMayhem_CD/Realms/Celtic/Forest/CFsec29.nod
bc5de961972b28c06b78b5fa38b8c959ddaf03d5762f40ec56b4b951a70e6468	16	original/MagicMayhem_CD/Realms/Celtic/Forest/CFsec30.evt
839553d11d43dd078c2638dc0fcdffdb4a929e68b3e9322a7e111ac85d9b94c2	15673	original/MagicMayhem_CD/Realms/Celtic/Forest/CFsec30.map
e7e0255c5820766d7aa41ca356d034c16de55103ddc0d21ab44070d653295dca	536	original/MagicMayhem_CD/Realms/Celtic/Forest/CFsec30.mps
2fcf6a01dc129453558f9438d25c0151c29e5c94eeca64cdead451a74c7c27f3	15338	original/MagicMayhem_CD/Realms/Celtic/Forest/CFsec30.nod
bc5de961972b28c06b78b5fa38b8c959ddaf03d5762f40ec56b4b951a70e6468	16	original/MagicMayhem_CD/Realms/Celtic/Forest/CFsec31.evt
b44dc9e72964f012eed0e3dc4fc3fc40ecdb2de88354d31947906f6b9f640f16	15575	original/MagicMayhem_CD/Realms/Celtic/Forest/CFsec31.map
34af9e6ff7a5295e1135c187688662b544843a9a7cc33dc344bb14a81582bba3	536	original/MagicMayhem_CD/Realms/Celtic/Forest/CFsec31.mps
3dbc669eb36ec55bb49b69c478586ded91837e1c9bd8d8369f5b2c6a41f6629a	18796	original/MagicMayhem_CD/Realms/Celtic/Forest/CFsec31.nod
bc5de961972b28c06b78b5fa38b8c959ddaf03d5762f40ec56b4b951a70e6468	16	original/MagicMayhem_CD/Realms/Celtic/Forest/CFsec32.evt
00f3a434719bf5fcf703deaa4cdc53c6137b7a784ab0641e7ae09cc8421d3cce	14924	original/MagicMayhem_CD/Realms/Celtic/Forest/CFsec32.map
22846ae55249aaeab72794d9d1fe6e99df2d997f3404a1010a7a2bed7542fb6a	576	original/MagicMayhem_CD/Realms/Celtic/Forest/CFsec32.mps
3532f8c96de778a4a95ea5f6e4cc3d4c799139d509738b0503a47b6f15142f06	15338	original/MagicMayhem_CD/Realms/Celtic/Forest/CFsec32.nod
bc5de961972b28c06b78b5fa38b8c959ddaf03d5762f40ec56b4b951a70e6468	16	original/MagicMayhem_CD/Realms/Celtic/Forest/CFsec33.evt
8ed61cb9be6b2081beae77131c57bf8509c2c623f8973ce8c559bb8af5180e15	15117	original/MagicMayhem_CD/Realms/Celtic/Forest/CFsec33.map
d9732452a887902b534643a42c878a01b28c110d6526df2d90a914e37b140ba0	616	original/MagicMayhem_CD/Realms/Celtic/Forest/CFsec33.mps
84dfd61a5fbbd23dc911b25c7c5338df107afa018ce445b4f8c8a1c15f7cb591	14844	original/MagicMayhem_CD/Realms/Celtic/Forest/CFsec33.nod
bc5de961972b28c06b78b5fa38b8c959ddaf03d5762f40ec56b4b951a70e6468	16	original/MagicMayhem_CD/Realms/Celtic/Forest/CFsec34.evt
b9322aad50b0763536364af1b1666d990d4c8575ecb7b14c402ba45dfdf3491c	15499	original/MagicMayhem_CD/Realms/Celtic/Forest/CFsec34.map
3f8a7f514365a40f687a2bf80fdc8a7475f6657580f81645e6d3ac6ef7ed0c2a	496	original/MagicMayhem_CD/Realms/Celtic/Forest/CFsec34.mps
df21c07fe49bdfebe6bc5edf4ec5e336a93d225cce5b915c6e05f8e055006d98	20772	original/MagicMayhem_CD/Realms/Celtic/Forest/CFsec34.nod
bc5de961972b28c06b78b5fa38b8c959ddaf03d5762f40ec56b4b951a70e6468	16	original/MagicMayhem_CD/Realms/Celtic/Forest/CFsec35.evt
c66fbbb6acfaaa35e7de08cc009b8ad1c00764262708b8942f1a337b4c8c5f7e	15048	original/MagicMayhem_CD/Realms/Celtic/Forest/CFsec35.map
253f012783ad5f396884ea7cd8fc5efb9854c1b074d18d06f2c67aa0042ec453	576	original/MagicMayhem_CD/Realms/Celtic/Forest/CFsec35.mps
072d551034689246a53c0d07fe7d91f4833f79d109ebd40440933f987cf83077	14350	original/MagicMayhem_CD/Realms/Celtic/Forest/CFsec35.nod
bc5de961972b28c06b78b5fa38b8c959ddaf03d5762f40ec56b4b951a70e6468	16	original/MagicMayhem_CD/Realms/Celtic/Forest/CFsec36.evt
7cf5ce5c01d0ac58356adab3ce7688f1f456d30f0798e6087a035abcc847ff12	15135	original/MagicMayhem_CD/Realms/Celtic/Forest/CFsec36.map
0112737fce863e85ee0cda06d4595f764e7628829d2d679fa7e27742bbc4c739	576	original/MagicMayhem_CD/Realms/Celtic/Forest/CFsec36.mps
8d6730bed4b6a9e3c7f322fe8c74c453de4ed6fc3efbed235f4b4b81cdfa42d2	14350	original/MagicMayhem_CD/Realms/Celtic/Forest/CFsec36.nod
bc5de961972b28c06b78b5fa38b8c959ddaf03d5762f40ec56b4b951a70e6468	16	original/MagicMayhem_CD/Realms/Celtic/Forest/CFsec37.evt
48a7196450f1128ecb322f4ea0472e7e8a4292f70471ab79b9a7cb3810006d3b	15749	original/MagicMayhem_CD/Realms/Celtic/Forest/CFsec37.map
3953cb57dad9098d3464a7d2b036b775ca7520646451ba90087422582724990a	576	original/MagicMayhem_CD/Realms/Celtic/Forest/CFsec37.mps
a59d3c116a30b417025711cce7ac92376aef19de5094885f723b61f06f7e3ecb	16326	original/MagicMayhem_CD/Realms/Celtic/Forest/CFsec37.nod
bc5de961972b28c06b78b5fa38b8c959ddaf03d5762f40ec56b4b951a70e6468	16	original/MagicMayhem_CD/Realms/Celtic/Forest/CFsec38.evt
74865dfd3b45eb068672cf0776b8ece1278bde6f3adc08c525f39d0ccb33a374	15594	original/MagicMayhem_CD/Realms/Celtic/Forest/CFsec38.map
973620b75caf73c78244a21a5157efb70a500af970deebbcf302c9672f45b086	576	original/MagicMayhem_CD/Realms/Celtic/Forest/CFsec38.mps
15a5d4fcd318a5b38e8231fc28ee53f7b4beb0ff3e1b2f838054c966d0e05dc0	14350	original/MagicMayhem_CD/Realms/Celtic/Forest/CFsec38.nod
bc5de961972b28c06b78b5fa38b8c959ddaf03d5762f40ec56b4b951a70e6468	16	original/MagicMayhem_CD/Realms/Celtic/Forest/CFsec39.evt
140048f34929b00068cf82e43eb624cbc05ec84caa540724814d3e3608d8d35a	15277	original/MagicMayhem_CD/Realms/Celtic/Forest/CFsec39.map
2b6118b30d4a75397d8e745d5db5292d8b70ee7b2269bcfac0e0d2587467cbd5	496	original/MagicMayhem_CD/Realms/Celtic/Forest/CFsec39.mps
50afad59f90b9f2b15f72eb87bd9a2424f47aed95ef5ec7462574f1104824823	20772	original/MagicMayhem_CD/Realms/Celtic/Forest/CFsec39.nod
bc5de961972b28c06b78b5fa38b8c959ddaf03d5762f40ec56b4b951a70e6468	16	original/MagicMayhem_CD/Realms/Celtic/Forest/CFsec40.evt
11e42e302de3bb9b819d1603acbd3262090725fd4d6e5120cf0f8436a18d3905	15009	original/MagicMayhem_CD/Realms/Celtic/Forest/CFsec40.map
c4607d8b1c1e2b28b2b03921bfdc7abf796c8c2261e6d875f99123acd0d7a37b	496	original/MagicMayhem_CD/Realms/Celtic/Forest/CFsec40.mps
e6784237abc22b1d88e85f06a2ac9f07dd93b6d811a31b24a4896dbf7b5502ce	17314	original/MagicMayhem_CD/Realms/Celtic/Forest/CFsec40.nod
bc5de961972b28c06b78b5fa38b8c959ddaf03d5762f40ec56b4b951a70e6468	16	original/MagicMayhem_CD/Realms/Celtic/Forest/CFsec41.evt
fd362b68064e866dae118821e1938f0e7ed45d2bcd3ace34f5720b9ba83b5aa9	15029	original/MagicMayhem_CD/Realms/Celtic/Forest/CFsec41.map
a3bff541c97cbcdc4f1683810a4ce76a6676cdd25f585e7081f5b9598834df92	576	original/MagicMayhem_CD/Realms/Celtic/Forest/CFsec41.mps
cbd10145c3440ecc5c7177de82a5a568264e910d495a5e4da51f1776c21e6ce7	12374	original/MagicMayhem_CD/Realms/Celtic/Forest/CFsec41.nod
bc5de961972b28c06b78b5fa38b8c959ddaf03d5762f40ec56b4b951a70e6468	16	original/MagicMayhem_CD/Realms/Celtic/Forest/CFsec42.evt
3de2d53adac7fbf8ad29b47091386263ed437da7b3b5980395ea68b1647fc33a	15051	original/MagicMayhem_CD/Realms/Celtic/Forest/CFsec42.map
a8b86a74a6c48a2e1f11fa0a5984164077864005fb6b6d4cdcab8b9de16d370d	496	original/MagicMayhem_CD/Realms/Celtic/Forest/CFsec42.mps
07b7407be09e0b87ec9cb375816277b0051af94c09d5a04d9d6d9ce4a860cbff	16820	original/MagicMayhem_CD/Realms/Celtic/Forest/CFsec42.nod
bc5de961972b28c06b78b5fa38b8c959ddaf03d5762f40ec56b4b951a70e6468	16	original/MagicMayhem_CD/Realms/Celtic/Forest/CFsec43.evt
cf61f5ea430143ce7a757bde96dccdcc60c9309aff868cb466e934955ffad48f	14925	original/MagicMayhem_CD/Realms/Celtic/Forest/CFsec43.map
9d6acb41b62219c3ac07c09a7c9b247f246765f582957cda67882544a5822eab	576	original/MagicMayhem_CD/Realms/Celtic/Forest/CFsec43.mps
4f1a7d93a37edac8fb79bed75d3b03c84cfbd2899e34197032dfd78e07c26c69	12868	original/MagicMayhem_CD/Realms/Celtic/Forest/CFsec43.nod
bc5de961972b28c06b78b5fa38b8c959ddaf03d5762f40ec56b4b951a70e6468	16	original/MagicMayhem_CD/Realms/Celtic/Forest/CFsec44.evt
5e85378942de06297789336589eff311e391cd6bff0eec21688fefbbc02046f0	15668	original/MagicMayhem_CD/Realms/Celtic/Forest/CFsec44.map
878f606bf269981351ac0f28e64f36b198743f7fbd675c8e299a91940cbe5863	616	original/MagicMayhem_CD/Realms/Celtic/Forest/CFsec44.mps
5face50f595ebdb8563ea771035ddaf24bbd7f31ddcc6c953a13e953b7286d5d	14350	original/MagicMayhem_CD/Realms/Celtic/Forest/CFsec44.nod
a15610fd122b27c44c0e665f7de5ad8bac71ad4b20cf8931f2288b47f51dcf33	520	original/MagicMayhem_CD/Realms/Celtic/Forest/CFsec50.evt
a0a1e72d5c1e545f0e6d43d05a0395c6f3975616876b42e757b9802115958898	15539	original/MagicMayhem_CD/Realms/Celtic/Forest/CFsec50.map
8cb0cec5c0fdd46286a5ceca0cd0ece8e0638639769b0194d0a44ae09f48aba2	56	original/MagicMayhem_CD/Realms/Celtic/Forest/CFsec50.mps
fed4a58c2a411170e177d3fef6c121233d13e8944b2cb08c5d33056263d014e1	10398	original/MagicMayhem_CD/Realms/Celtic/Forest/CFsec50.nod
4af1b5097c6411042d8abaaa7e862514458058203dd3897c1a15e0a1c42e24b4	304	original/MagicMayhem_CD/Realms/Celtic/Forest/CFsec51.evt
c6a72543da478c51be70eb052749e3d1c97a4d50a5e249c7c0effd4d77d4b149	15636	original/MagicMayhem_CD/Realms/Celtic/Forest/CFsec51.map
fb9af9cd328587de6a359637165fbd6736837a76326f362880a57d541d3655ce	56	original/MagicMayhem_CD/Realms/Celtic/Forest/CFsec51.mps
4f62ce1bf860023e258908cc17481a53dabcf56650ea46b87252023743b54478	13856	original/MagicMayhem_CD/Realms/Celtic/Forest/CFsec51.nod
0a2c716f4d81738057397d71e76c977c2eb34242ddc80c77ed8988ca0c08b00a	448	original/MagicMayhem_CD/Realms/Celtic/Forest/CFsec52.evt
df82f7f5ea2e24cce98daf180a67b7505a9a83c1b30111a1a2369d1a3e44f57a	15783	original/MagicMayhem_CD/Realms/Celtic/Forest/CFsec52.map
ccf4147eb76edd3ef448a690832409a8ea903f3d06c9917b5c0e56d47f16d699	96	original/MagicMayhem_CD/Realms/Celtic/Forest/CFsec52.mps
bf1fa749e3ef29606ac170f997a1019717a48b48af743b73214cf5715d3fff5b	11880	original/MagicMayhem_CD/Realms/Celtic/Forest/CFsec52.nod
bc5de961972b28c06b78b5fa38b8c959ddaf03d5762f40ec56b4b951a70e6468	16	original/MagicMayhem_CD/Realms/Celtic/Forest/CFsec53.evt
e83a1162a8a5403ea5076e2ba8aa0bc2b05c5d83517b86abc4ab3c7cc8225673	15421	original/MagicMayhem_CD/Realms/Celtic/Forest/CFsec53.map
585a6551a9810b81a1592fe263b7733d82aebe5244f484b4cfa0bf4b49014ccf	16	original/MagicMayhem_CD/Realms/Celtic/Forest/CFsec53.mps
2d2824bc085fe83b28dc704592cf0054096f2b416307f1631b4e2accdf482ef5	8916	original/MagicMayhem_CD/Realms/Celtic/Forest/CFsec53.nod
452b5b2d2575ad7bb0e8ed78093dbe7fc43b2f0fea7f84226c09bc7697c07838	160	original/MagicMayhem_CD/Realms/Celtic/Forest/CFsec54.evt
eff6943077367f0b4cd40a21330aca3e035689d44d09497a6f11c10c0689802d	15600	original/MagicMayhem_CD/Realms/Celtic/Forest/CFsec54.map
1697a71026149b57ce398fcde55fd35461d94c35e65d8154ec9f897c6b37b94c	56	original/MagicMayhem_CD/Realms/Celtic/Forest/CFsec54.mps
5781f8149e4f6f5ac083df0ddaad35eacfb0219011fedc56472c7eed5bdc69eb	11880	original/MagicMayhem_CD/Realms/Celtic/Forest/CFsec54.nod
bc5de961972b28c06b78b5fa38b8c959ddaf03d5762f40ec56b4b951a70e6468	16	original/MagicMayhem_CD/Realms/Celtic/Forest/CFsec55.evt
93d1b9087a9f74eb9314e16b18e69ab9dbff8b5cf538a970a3f65000580a9a97	15269	original/MagicMayhem_CD/Realms/Celtic/Forest/CFsec55.map
d3842262b2022ec7deebadb31a68008642e7af85aa0bb8072c471afef6c0009d	56	original/MagicMayhem_CD/Realms/Celtic/Forest/CFsec55.mps
01f9e53c03693a25dca69fc046848ced361209109a13ab30b9bbe1aa93b7de6e	12374	original/MagicMayhem_CD/Realms/Celtic/Forest/CFsec55.nod
bc5de961972b28c06b78b5fa38b8c959ddaf03d5762f40ec56b4b951a70e6468	16	original/MagicMayhem_CD/Realms/Celtic/Forest/CFsec56.evt
25eca02c5eef3f5ecb1b65181d6969894e31b01ad5cb0e6b0d0b79225b91a7b3	15482	original/MagicMayhem_CD/Realms/Celtic/Forest/CFsec56.map
737aa648913ebdafa9caf04c487e4f24b5335d6f2b61a6566f8f46e797ef6a18	56	original/MagicMayhem_CD/Realms/Celtic/Forest/CFsec56.mps
9f4296b903e919d7d8aebe01c927dd470fa4977757fc1dac2fff8df0046d2b23	14350	original/MagicMayhem_CD/Realms/Celtic/Forest/CFsec56.nod
bc5de961972b28c06b78b5fa38b8c959ddaf03d5762f40ec56b4b951a70e6468	16	original/MagicMayhem_CD/Realms/Celtic/Forest/CFsec57.evt
0639a03e9f3113f16779be0c3ae6ad4a2f6b6cd7d0daa570abc4f63c1f4607aa	15303	original/MagicMayhem_CD/Realms/Celtic/Forest/CFsec57.map
585a6551a9810b81a1592fe263b7733d82aebe5244f484b4cfa0bf4b49014ccf	16	original/MagicMayhem_CD/Realms/Celtic/Forest/CFsec57.mps
7b40b096bf62baae7c3ad61e50555cc2dc6f776fd8ced0b94b017cb122f6ec0c	11880	original/MagicMayhem_CD/Realms/Celtic/Forest/CFsec57.nod
bc5de961972b28c06b78b5fa38b8c959ddaf03d5762f40ec56b4b951a70e6468	16	original/MagicMayhem_CD/Realms/Celtic/Forest/CFsec58.evt
f2589afa27524deea3434b775d7226b946878e0e5886927d13776ba638aaaac8	15618	original/MagicMayhem_CD/Realms/Celtic/Forest/CFsec58.map
585a6551a9810b81a1592fe263b7733d82aebe5244f484b4cfa0bf4b49014ccf	16	original/MagicMayhem_CD/Realms/Celtic/Forest/CFsec58.mps
590c3764b97f67129c170e6178fa5f647692848ac814dc6dd70e294bed5c3cc6	15338	original/MagicMayhem_CD/Realms/Celtic/Forest/CFsec58.nod
bbff01037b19eaf97c067dc742c2b93bb29f69d4862f0c811a9e2a33fff7b65b	3292404	original/MagicMayhem_CD/Realms/Celtic/Forest/Terrain.spr
901c369dfecd934452c05bb6ce705f9ab1c034e193858c3e8914331c80fd1685	21036	original/MagicMayhem_CD/Realms/Celtic/Forest/Terrain.tag
f644af06f634264786443b3fb30016d5cb4af0757aba760dde16ff2992463c85	624084	original/MagicMayhem_CD/Realms/Celtic/Forest/Terrain.ttd
07ea89ca79aae70e07d7bfdc0e9d7adbff73c5b8e0cf8e1a84dedc991fbfecf5	6576	original/MagicMayhem_CD/Realms/Celtic/Forest/doors.ani
4e7f8e5e36fa0cdd8059b60d24f1eff9b110160c7fd817dc1b21be93da349704	11680	original/MagicMayhem_CD/Realms/Celtic/Forest/terrain.ani
12ea71ab8d2537d616588c0b86b9a593da40e8e484b57d4d69a4787dc76255f2	808	original/MagicMayhem_CD/Realms/Celtic/Plains/CPsec00.evt
1171a246f2ac451ac37190d9bfd65a67935f1e4e4019af512251427b39b4480b	34861	original/MagicMayhem_CD/Realms/Celtic/Plains/CPsec00.map
77f737d951172fcd501db5b9a0cb796f37a8a4ee34c62b07566485a649406222	1136	original/MagicMayhem_CD/Realms/Celtic/Plains/CPsec00.mps
28729c8c47559563495bfe96ea48fec841b6ca6b1d2a6551eef62a21813634bc	45472	original/MagicMayhem_CD/Realms/Celtic/Plains/CPsec00.nod
ca6c0d711300dc08ed328bdfeaf07ced1b0ef2fd2da43cd422aefc735648a5b1	1528	original/MagicMayhem_CD/Realms/Celtic/Plains/CPsec01.evt
43ce2c26e996b2fe9489fcdac5bd86585156838e0423e0186fe1ee7a233658bf	58465	original/MagicMayhem_CD/Realms/Celtic/Plains/CPsec01.map
fea84ac9ad33eb713c12c74473994c2ba86b6c337ae77f7354700526c79d409b	1096	original/MagicMayhem_CD/Realms/Celtic/Plains/CPsec01.mps
9b135d8fa7c01859e710cbccd0def1dba70f37a57b33f434d515ce3deaa24307	46954	original/MagicMayhem_CD/Realms/Celtic/Plains/CPsec01.nod
bc5de961972b28c06b78b5fa38b8c959ddaf03d5762f40ec56b4b951a70e6468	16	original/MagicMayhem_CD/Realms/Celtic/Plains/CPsec02.evt
b2e8e446c784a466b16ed7491310b493cfdb51a469557d41d59f5b9f3a979586	42762	original/MagicMayhem_CD/Realms/Celtic/Plains/CPsec02.map
c380663d9ba487c3e739a0acf0c894a98292c033cc4e77f8f12037af3b1898c2	1216	original/MagicMayhem_CD/Realms/Celtic/Plains/CPsec02.mps
143b189839dc4f8f603568239cb3d4323988f02c4df53218751d6bf7eb6c8fe0	38062	original/MagicMayhem_CD/Realms/Celtic/Plains/CPsec02.nod
c11d547eae282f6f415c0ea22bce451c4df99929c7ba24ebd2879247b7d70bf8	808	original/MagicMayhem_CD/Realms/Celtic/Plains/CPsec03.evt
cf050e3207559652d6b4286e9064a3720de11d293fb30958f451a17b7929cab2	49730	original/MagicMayhem_CD/Realms/Celtic/Plains/CPsec03.map
579aae95efebc133d6dd1e7e1941e79cee473b3f5b420464d79059db8ed25daf	1096	original/MagicMayhem_CD/Realms/Celtic/Plains/CPsec03.mps
9d389a944bbbb1e61756fc9135bf1975ef917463447266a94149f47ad76f587d	36580	original/MagicMayhem_CD/Realms/Celtic/Plains/CPsec03.nod
bc5de961972b28c06b78b5fa38b8c959ddaf03d5762f40ec56b4b951a70e6468	16	original/MagicMayhem_CD/Realms/Celtic/Plains/CPsec10.evt
afa954ac3f1a6cf39bab069f9e10b5a4696afaac97f08f0ede5dd7a322ad6de3	7056	original/MagicMayhem_CD/Realms/Celtic/Plains/CPsec10.map
0a2f6aca35830a7c4d42b470f52c529b045dab6eeb899e8f5d897c1a6a094551	296	original/MagicMayhem_CD/Realms/Celtic/Plains/CPsec10.mps
1ec019a087403a1fa13da6bb041f01710c3d8e841babdb8ca3e62c066fa89b12	11880	original/MagicMayhem_CD/Realms/Celtic/Plains/CPsec10.nod
bc5de961972b28c06b78b5fa38b8c959ddaf03d5762f40ec56b4b951a70e6468	16	original/MagicMayhem_CD/Realms/Celtic/Plains/CPsec11.evt
f257fb29237048b37b0b67f68d38b7c31797d9f2ba6f17bd7a5de7360ea05c70	8862	original/MagicMayhem_CD/Realms/Celtic/Plains/CPsec11.map
f01f40fa9ba30e6dd72a6ae71cf03076cac729a8c72117d34edb33e97e1eacd1	296	original/MagicMayhem_CD/Realms/Celtic/Plains/CPsec11.mps
f50de18b9c25b7efcb1cfcd474721c9f733ba80d5875195b854334604b64e9bd	10398	original/MagicMayhem_CD/Realms/Celtic/Plains/CPsec11.nod
bc5de961972b28c06b78b5fa38b8c959ddaf03d5762f40ec56b4b951a70e6468	16	original/MagicMayhem_CD/Realms/Celtic/Plains/CPsec12.evt
6887a6539514251fef11b04cdd8babf3bfdbb2547dfd98619e3dfd84b52c5ed8	6950	original/MagicMayhem_CD/Realms/Celtic/Plains/CPsec12.map
73cc5d0d9f1b66f28860f16db92a0318903092e366f85978ea903a78f3ce161e	296	original/MagicMayhem_CD/Realms/Celtic/Plains/CPsec12.mps
e054a51eff63a58dec2d3211f0421b14948137be43aff132af2f9cf88b6f0f44	9410	original/MagicMayhem_CD/Realms/Celtic/Plains/CPsec12.nod
bc5de961972b28c06b78b5fa38b8c959ddaf03d5762f40ec56b4b951a70e6468	16	original/MagicMayhem_CD/Realms/Celtic/Plains/CPsec13.evt
d34444519891fc050112932a8bf4aac8f23dc6a7463fc35d176395ebeaedf4f2	11601	original/MagicMayhem_CD/Realms/Celtic/Plains/CPsec13.map
4828332b6b81e8a56934a556b7bd7134f527072b87dcc250219359856194626c	416	original/MagicMayhem_CD/Realms/Celtic/Plains/CPsec13.mps
6e7a1a70f0749f06eb4914fe118f33bba8a3e43d37581ce9971ce0f2c5398f1c	9904	original/MagicMayhem_CD/Realms/Celtic/Plains/CPsec13.nod
bc5de961972b28c06b78b5fa38b8c959ddaf03d5762f40ec56b4b951a70e6468	16	original/MagicMayhem_CD/Realms/Celtic/Plains/CPsec14.evt
d7fd981b39fbe74b6e16fa141f901586f995120a1fa24751a969e460b09bcb90	7695	original/MagicMayhem_CD/Realms/Celtic/Plains/CPsec14.map
6189d8ac525ccc0da1730689e18f33b6ceb5c6ef7f60e5729152802e1cc4aea7	296	original/MagicMayhem_CD/Realms/Celtic/Plains/CPsec14.mps
e5f9516873f1c51b675ece0c33daa3918dbb1385c5945b5fd19d3b7761c5c3b1	10892	original/MagicMayhem_CD/Realms/Celtic/Plains/CPsec14.nod
bc5de961972b28c06b78b5fa38b8c959ddaf03d5762f40ec56b4b951a70e6468	16	original/MagicMayhem_CD/Realms/Celtic/Plains/CPsec15.evt
870ba7f252feabf5ffefd9fab186adafb139f289a727ed64e343950baafa49c8	8327	original/MagicMayhem_CD/Realms/Celtic/Plains/CPsec15.map
9a050f8e2ae0b813ef4df53c831aa2785b56ceea46a0c55ea6f1d6e6f068c973	296	original/MagicMayhem_CD/Realms/Celtic/Plains/CPsec15.mps
1ba8b7fb624861cab4bb8a3b2f3df373f8aed458df71fbc5e8550196dbb51ac3	10398	original/MagicMayhem_CD/Realms/Celtic/Plains/CPsec15.nod
bc5de961972b28c06b78b5fa38b8c959ddaf03d5762f40ec56b4b951a70e6468	16	original/MagicMayhem_CD/Realms/Celtic/Plains/CPsec20.evt
4ec9faa1614884287c3d9d6b7e2e5d75dd5fd48bd875187b32475434965cf3e4	8818	original/MagicMayhem_CD/Realms/Celtic/Plains/CPsec20.map
c47f69ab8b1a0814846bb2b9d8244839fcce9138c6a68c9e3c43df7d713c7324	256	original/MagicMayhem_CD/Realms/Celtic/Plains/CPsec20.mps
22bca4f9ddcee01d21ed69a8c9e10c2b8cab95db49e282d0b39d2cd4c51bc948	7928	original/MagicMayhem_CD/Realms/Celtic/Plains/CPsec20.nod
bc5de961972b28c06b78b5fa38b8c959ddaf03d5762f40ec56b4b951a70e6468	16	original/MagicMayhem_CD/Realms/Celtic/Plains/CPsec21.evt
be819bdd3c57d0f40a41d88ce33ea14817e9ad2868b5d0fddb83e49c3378bc9c	6342	original/MagicMayhem_CD/Realms/Celtic/Plains/CPsec21.map
4c9b30ba3ca5b7a5452350b3dea131aafd74a63b9ea80e333942d2b60e62a740	256	original/MagicMayhem_CD/Realms/Celtic/Plains/CPsec21.mps
d0bb296903b533597f71f16ae771ce61b1b68f62b1786556469a89d2bcb3cbfe	8422	original/MagicMayhem_CD/Realms/Celtic/Plains/CPsec21.nod
bc5de961972b28c06b78b5fa38b8c959ddaf03d5762f40ec56b4b951a70e6468	16	original/MagicMayhem_CD/Realms/Celtic/Plains/CPsec22.evt
22a561b04e9233e40a45823ab6b93e753a8ce5e858ede56e87a010e77fa485dd	8241	original/MagicMayhem_CD/Realms/Celtic/Plains/CPsec22.map
f7d91e5b3266587b99a05bf354a7e6facd9ad30695acca216d3ed2e1cc068b11	256	original/MagicMayhem_CD/Realms/Celtic/Plains/CPsec22.mps
0dcecab5df1c857e36163ec5278d0402d455337d8334bb85d4a338e2ecaa6d7f	9410	original/MagicMayhem_CD/Realms/Celtic/Plains/CPsec22.nod
bc5de961972b28c06b78b5fa38b8c959ddaf03d5762f40ec56b4b951a70e6468	16	original/MagicMayhem_CD/Realms/Celtic/Plains/CPsec23.evt
2e7bf09f0ec89225d392d32be70f3bb9705e38bc2b8d653fd39bded730a5c0a5	13508	original/MagicMayhem_CD/Realms/Celtic/Plains/CPsec23.map
3ca07ca5a06a90632d394b512d037188574f8ab18ae346b5462e819f7f105166	576	original/MagicMayhem_CD/Realms/Celtic/Plains/CPsec23.mps
3e0bb981ffc61bb0b586e7e415a82bb41acab2e207b225a7e5cac48d5198a5b7	11386	original/MagicMayhem_CD/Realms/Celtic/Plains/CPsec23.nod
bc5de961972b28c06b78b5fa38b8c959ddaf03d5762f40ec56b4b951a70e6468	16	original/MagicMayhem_CD/Realms/Celtic/Plains/CPsec24.evt
0f10ceff3fe73b619ae7fd70730db71e247e6d9d8682ceb5e5aa4979a1a6d997	7044	original/MagicMayhem_CD/Realms/Celtic/Plains/CPsec24.map
4388802279cd4d422b47ba311f8cd8e9b34988142b345c631ceac57158daa5c6	256	original/MagicMayhem_CD/Realms/Celtic/Plains/CPsec24.mps
b3240c775ff8b483ba062aa785a53cac1fa50d1895f19b635d1dc4772cde1204	8422	original/MagicMayhem_CD/Realms/Celtic/Plains/CPsec24.nod
bc5de961972b28c06b78b5fa38b8c959ddaf03d5762f40ec56b4b951a70e6468	16	original/MagicMayhem_CD/Realms/Celtic/Plains/CPsec25.evt
f41b1867af5f0a53a47c4536f3014bb3d8b4abff2e3af31073f6bec31664dc97	7612	original/MagicMayhem_CD/Realms/Celtic/Plains/CPsec25.map
05a12a90fa7ae6363a7d77357e5163be7f1de377e05e9218d614abef24c1eeec	256	original/MagicMayhem_CD/Realms/Celtic/Plains/CPsec25.mps
c55940c22358c832d5041eadaa27b00a1627e034ff282d6d93e48dc128c4cea6	8916	original/MagicMayhem_CD/Realms/Celtic/Plains/CPsec25.nod
bc5de961972b28c06b78b5fa38b8c959ddaf03d5762f40ec56b4b951a70e6468	16	original/MagicMayhem_CD/Realms/Celtic/Plains/CPsec26.evt
5299fd868f9f0515c0f6dfc6a7894d059bc3610e59ed0d7827794ebad64e4eab	13227	original/MagicMayhem_CD/Realms/Celtic/Plains/CPsec26.map
514307affcb17c1a351b4bde333b571979e196229a56d2222065a5b27bb4a24d	336	original/MagicMayhem_CD/Realms/Celtic/Plains/CPsec26.mps
a659e554836649de22b0a26dce6cf020059a2cf21b6421f465228748b9ac389b	10892	original/MagicMayhem_CD/Realms/Celtic/Plains/CPsec26.nod
bc5de961972b28c06b78b5fa38b8c959ddaf03d5762f40ec56b4b951a70e6468	16	original/MagicMayhem_CD/Realms/Celtic/Plains/CPsec27.evt
82f4b2cd1199b1decfaf3a8b9b60005d2dc6351feb01c165a3f000bab2038082	7023	original/MagicMayhem_CD/Realms/Celtic/Plains/CPsec27.map
4b45971adc4dfe3a2632012ab73257f4942b5af6c25326571a210479da6ca14c	256	original/MagicMayhem_CD/Realms/Celtic/Plains/CPsec27.mps
39c867529342e72c1c90501dee3db7c7783013fa68d8ba5e07ae8cbcab1a0d06	9410	original/MagicMayhem_CD/Realms/Celtic/Plains/CPsec27.nod
bc5de961972b28c06b78b5fa38b8c959ddaf03d5762f40ec56b4b951a70e6468	16	original/MagicMayhem_CD/Realms/Celtic/Plains/CPsec28.evt
38a69122aab6f504b59c759d5c9e0e76592730548e2337b645989b62a57488fd	11595	original/MagicMayhem_CD/Realms/Celtic/Plains/CPsec28.map
c6913744e988abb2a22bf08efe9d8b3fbf0700b35824268b3adfff125bd6461d	336	original/MagicMayhem_CD/Realms/Celtic/Plains/CPsec28.mps
94ab8ab8a07bc31e78a8856bd49918ca240d94cbcc02b1c646cc5f8fc01bd7ca	12374	original/MagicMayhem_CD/Realms/Celtic/Plains/CPsec28.nod
bc5de961972b28c06b78b5fa38b8c959ddaf03d5762f40ec56b4b951a70e6468	16	original/MagicMayhem_CD/Realms/Celtic/Plains/CPsec29.evt
4019437f1bdabf4c92596cd72baa1a940cabaa64aa50af0e3a33744e9f021d04	7603	original/MagicMayhem_CD/Realms/Celtic/Plains/CPsec29.map
d803a60f67e0e91273d29d693809bf683c8c8427e2ba0eed68db0a271bd151cb	256	original/MagicMayhem_CD/Realms/Celtic/Plains/CPsec29.mps
e1481c182f3a14ba879ecf9c86d87faaa5b58aa62baa0d50e63ff362b059fb22	8916	original/MagicMayhem_CD/Realms/Celtic/Plains/CPsec29.nod
bc5de961972b28c06b78b5fa38b8c959ddaf03d5762f40ec56b4b951a70e6468	16	original/MagicMayhem_CD/Realms/Celtic/Plains/CPsec30.evt
dd367c47a6e6659f05eb420c2142435f0c4ab9860c80f3d2c1dde4e326e5bf07	7687	original/MagicMayhem_CD/Realms/Celtic/Plains/CPsec30.map
c658d218d0493505a569fdf270e9cb5158af47bc962ec535ea0f0b7a20bc2a0e	256	original/MagicMayhem_CD/Realms/Celtic/Plains/CPsec30.mps
faf2ff0730e5603a5fe5283dd9ad70579678eaf190f30fdc9c4736f57870d2e0	9410	original/MagicMayhem_CD/Realms/Celtic/Plains/CPsec30.nod
bc5de961972b28c06b78b5fa38b8c959ddaf03d5762f40ec56b4b951a70e6468	16	original/MagicMayhem_CD/Realms/Celtic/Plains/CPsec31.evt
56b0a439c3912d64bd8e766145aa266a32b23260d0851e04150c8f187eb113e3	7013	original/MagicMayhem_CD/Realms/Celtic/Plains/CPsec31.map
7dc8a4867187f5c68fa82cb1bdac5077ea099b6bb57f34dbff1bd90f09dfe57e	256	original/MagicMayhem_CD/Realms/Celtic/Plains/CPsec31.mps
cbb96d294c3205d1d16a57082a3e949975812679f907d766370ca7ed918305fb	10398	original/MagicMayhem_CD/Realms/Celtic/Plains/CPsec31.nod
bc5de961972b28c06b78b5fa38b8c959ddaf03d5762f40ec56b4b951a70e6468	16	original/MagicMayhem_CD/Realms/Celtic/Plains/CPsec32.evt
fe6a5e325a67a1d9f4c112207385951c3b60d32159515e583939b8d0b24c3378	6396	original/MagicMayhem_CD/Realms/Celtic/Plains/CPsec32.map
01a4a2f587274b468702e89b2ab172dd812e806ec2c0a547490e88a38e89de6b	256	original/MagicMayhem_CD/Realms/Celtic/Plains/CPsec32.mps
416598a46a239468e1326b516c4ee6bf08d3ae7dfd9555b36461bfe2d64cd7e5	8422	original/MagicMayhem_CD/Realms/Celtic/Plains/CPsec32.nod
bc5de961972b28c06b78b5fa38b8c959ddaf03d5762f40ec56b4b951a70e6468	16	original/MagicMayhem_CD/Realms/Celtic/Plains/CPsec33.evt
5a71bf847b61895afcdc10e94580c19df3d510ee08e1d813cdb7098924557577	7087	original/MagicMayhem_CD/Realms/Celtic/Plains/CPsec33.map
b817c98eb7dab6e28f4bfa62178dac4081f72faf44e3c4d09b442589303f96a6	256	original/MagicMayhem_CD/Realms/Celtic/Plains/CPsec33.mps
5127b19d7ca3799cf30b5cf05a1f5e1b93a4f493d62127f176ef6a1ff91c0ecf	8422	original/MagicMayhem_CD/Realms/Celtic/Plains/CPsec33.nod
bc5de961972b28c06b78b5fa38b8c959ddaf03d5762f40ec56b4b951a70e6468	16	original/MagicMayhem_CD/Realms/Celtic/Plains/CPsec34.evt
98e3b9f2ec2d97abbdf1ea41e86e677ca4135e42f14e3e79f2b93ac4e40d9062	7015	original/MagicMayhem_CD/Realms/Celtic/Plains/CPsec34.map
3bc347d7726207dd650c10c09934620aab19195061cde2a7d9073fc357cb5333	256	original/MagicMayhem_CD/Realms/Celtic/Plains/CPsec34.mps
5fb6339e3185cf4e1a96dd4eae259f21415245fa9f32b8eaf5d4d8815cfcd195	9410	original/MagicMayhem_CD/Realms/Celtic/Plains/CPsec34.nod
bc5de961972b28c06b78b5fa38b8c959ddaf03d5762f40ec56b4b951a70e6468	16	original/MagicMayhem_CD/Realms/Celtic/Plains/CPsec35.evt
dac4d1666a869bc343f1afbb6151f2f902c345a730655eb1599454aa22347aa8	7003	original/MagicMayhem_CD/Realms/Celtic/Plains/CPsec35.map
698c5ac462a39127c7c24cea7d10d57e22494e18e2a275733808be05cb7c054a	256	original/MagicMayhem_CD/Realms/Celtic/Plains/CPsec35.mps
beb531c896bfec7da1ad2b83efedb71063a2bcc673b9d86b7a75474d43e5c173	7928	original/MagicMayhem_CD/Realms/Celtic/Plains/CPsec35.nod
bc5de961972b28c06b78b5fa38b8c959ddaf03d5762f40ec56b4b951a70e6468	16	original/MagicMayhem_CD/Realms/Celtic/Plains/CPsec36.evt
021f229791674264fb1218d90636f0e9f4a70408641456b020eae2286af14742	6442	original/MagicMayhem_CD/Realms/Celtic/Plains/CPsec36.map
76f0d415e6c2c3914432c63078a8638f257b4a7e6209d30d0e1909855a6e8317	256	original/MagicMayhem_CD/Realms/Celtic/Plains/CPsec36.mps
9b13f793989cd647546bb06448d6bd30ff50897fc28842f1ea8a02e63fe6dbd5	8422	original/MagicMayhem_CD/Realms/Celtic/Plains/CPsec36.nod
bc5de961972b28c06b78b5fa38b8c959ddaf03d5762f40ec56b4b951a70e6468	16	original/MagicMayhem_CD/Realms/Celtic/Plains/CPsec37.evt
2200809f6019e0e92d6a6161497ba71938443da90e527d168bd7596e6868dca0	7118	original/MagicMayhem_CD/Realms/Celtic/Plains/CPsec37.map
faae40f4ad8cdc0b9a234138aa6acff7830746ebf02986d4499a5e8672e29f41	256	original/MagicMayhem_CD/Realms/Celtic/Plains/CPsec37.mps
c8cb57c27f9768d26657e73567d1c8bd0ff249178df925ecc34c67bfecfa5e9c	9410	original/MagicMayhem_CD/Realms/Celtic/Plains/CPsec37.nod
bc5de961972b28c06b78b5fa38b8c959ddaf03d5762f40ec56b4b951a70e6468	16	original/MagicMayhem_CD/Realms/Celtic/Plains/CPsec38.evt
5657020c9604c65acdadee470ab5905e90851fa1627bfd445b2478237e6f0682	6377	original/MagicMayhem_CD/Realms/Celtic/Plains/CPsec38.map
2cf88d4a25da054fe08f10a594f59f62972738c6010d3261e2400c3051c20130	256	original/MagicMayhem_CD/Realms/Celtic/Plains/CPsec38.mps
0e3e068d78991ada8dd53963dc9cfaf0e425900a3648d286c84c2788cd7f97df	8916	original/MagicMayhem_CD/Realms/Celtic/Plains/CPsec38.nod
bc5de961972b28c06b78b5fa38b8c959ddaf03d5762f40ec56b4b951a70e6468	16	original/MagicMayhem_CD/Realms/Celtic/Plains/CPsec39.evt
e3a21dfe18f07da824e2d1877ff9a6133aaef0865423cbbc53f48faec99da475	7107	original/MagicMayhem_CD/Realms/Celtic/Plains/CPsec39.map
c0b807efbb94814d393767c2f4ae8e46f29975f914126654f41b4c651980faae	216	original/MagicMayhem_CD/Realms/Celtic/Plains/CPsec39.mps
eea1735e5dafb7e7712a3b0dbf70c908760298f5fa999928cc6edc16848dab9e	9904	original/MagicMayhem_CD/Realms/Celtic/Plains/CPsec39.nod
bc5de961972b28c06b78b5fa38b8c959ddaf03d5762f40ec56b4b951a70e6468	16	original/MagicMayhem_CD/Realms/Celtic/Plains/CPsec40.evt
baa277cd16895956783b427e14f9836cc3d55c6b84ed61b7555a521447e59e79	8173	original/MagicMayhem_CD/Realms/Celtic/Plains/CPsec40.map
3f958270c64fc746d8934c04b3f643a308f7fe9818a365c819076314abfdd98c	256	original/MagicMayhem_CD/Realms/Celtic/Plains/CPsec40.mps
4bbd2cdc5d7bda9f4c3e3e0a7e813a25b67d81330eecc4dd11fc71251847f806	7928	original/MagicMayhem_CD/Realms/Celtic/Plains/CPsec40.nod
bc5de961972b28c06b78b5fa38b8c959ddaf03d5762f40ec56b4b951a70e6468	16	original/MagicMayhem_CD/Realms/Celtic/Plains/CPsec41.evt
bf627799a7344b6f6dd5d785876e1595386d8788242dd07e66829bb13f21d010	11400	original/MagicMayhem_CD/Realms/Celtic/Plains/CPsec41.map
ce8363581998ed0033e20fb1f3254323ae66e81e30f5affdd4747d9240dd0e57	256	original/MagicMayhem_CD/Realms/Celtic/Plains/CPsec41.mps
0d6dc6075ff4657505cf6db992785e2700ab8f00405530726bfbe46c8d2c7d04	8916	original/MagicMayhem_CD/Realms/Celtic/Plains/CPsec41.nod
bc5de961972b28c06b78b5fa38b8c959ddaf03d5762f40ec56b4b951a70e6468	16	original/MagicMayhem_CD/Realms/Celtic/Plains/CPsec42.evt
ac134e6de3c1ad8e559ef3ca0e661c2051412379b90b58c8e1c492b132ca2b9c	6403	original/MagicMayhem_CD/Realms/Celtic/Plains/CPsec42.map
86868a9edb064f9fe0022a6eecafdfdb3fa61805d4cf95ded257d31deee77778	256	original/MagicMayhem_CD/Realms/Celtic/Plains/CPsec42.mps
d6972f3c4d328f5b12d9a9181dbdea6e4c24913d00032f2379c6a83cc958521a	8916	original/MagicMayhem_CD/Realms/Celtic/Plains/CPsec42.nod
bc5de961972b28c06b78b5fa38b8c959ddaf03d5762f40ec56b4b951a70e6468	16	original/MagicMayhem_CD/Realms/Celtic/Plains/CPsec43.evt
48e5d42116eb677889c0f29f82b71efe87927c7737b2ffb1baee6501d54a406a	5688	original/MagicMayhem_CD/Realms/Celtic/Plains/CPsec43.map
62a99f2672848d81bb5a3e0e28acbdd11093e099d5d491dd03eaa3faf1e825e6	256	original/MagicMayhem_CD/Realms/Celtic/Plains/CPsec43.mps
b4f2e224996e06b5d7b712bb2e386e9164aa81e086fb6e02a2c8ade931f73fa4	7928	original/MagicMayhem_CD/Realms/Celtic/Plains/CPsec43.nod
bc5de961972b28c06b78b5fa38b8c959ddaf03d5762f40ec56b4b951a70e6468	16	original/MagicMayhem_CD/Realms/Celtic/Plains/CPsec44.evt
199b2d48b33681998d6875b4b63b6d37c3928176d86ba304b79ed53af32348a8	6400	original/MagicMayhem_CD/Realms/Celtic/Plains/CPsec44.map
e826f6d31fcd241cb7cc018a1bb2dc257abf3310ab707341a169536190d8f074	256	original/MagicMayhem_CD/Realms/Celtic/Plains/CPsec44.mps
5568428207f287adffb9612348d4485c5f300f356db6320af38bd6f60ea3220a	7928	original/MagicMayhem_CD/Realms/Celtic/Plains/CPsec44.nod
bc5de961972b28c06b78b5fa38b8c959ddaf03d5762f40ec56b4b951a70e6468	16	original/MagicMayhem_CD/Realms/Celtic/Plains/CPsec50.evt
c4f1b3876aed05023965a7b138f67c7c826583d8850122594977cb95ac6615d1	17567	original/MagicMayhem_CD/Realms/Celtic/Plains/CPsec50.map
837ebe53d448872d378d50e5f5732fe0e3fdb2370181ccf51c1b3d0241ce63a9	576	original/MagicMayhem_CD/Realms/Celtic/Plains/CPsec50.mps
d4518d61873eb16632dfa65b045b367d16a9b7e007f11d31d81a19d653aa7c22	14350	original/MagicMayhem_CD/Realms/Celtic/Plains/CPsec50.nod
bc86b904875f3342130b7d2dde71053a59e1fbf617114eb9a19f78f9f1b0148b	1024	original/MagicMayhem_CD/Realms/Celtic/Plains/CPsec51.evt
781ddcd9dd65dee4c53491745a58e74e122a541715e76899577395caeb5a9178	17643	original/MagicMayhem_CD/Realms/Celtic/Plains/CPsec51.map
0260ab764654a199cd1e2069b20dc0fb10d0fd008c764f6741e19a57786d5e4e	456	original/MagicMayhem_CD/Realms/Celtic/Plains/CPsec51.mps
926a6ba41dfc406138fb921a9d2a66e4a33690c0b8577730e527d10fd14931cd	21760	original/MagicMayhem_CD/Realms/Celtic/Plains/CPsec51.nod
faa4e3ab1ba5d0c86e06a72d0d0d7236faa073247aa9d92c404abbc0f84fe367	88	original/MagicMayhem_CD/Realms/Celtic/Plains/CPsec52.evt
35f434bdd6729dc2118fc10bf9e9694c1744236fdae32e228c7faf3857b1eee6	17629	original/MagicMayhem_CD/Realms/Celtic/Plains/CPsec52.map
78eaafc9c488f04d7e70f5ac1552de5ca47072eb7c36faa45b94c95b9a1a7b26	296	original/MagicMayhem_CD/Realms/Celtic/Plains/CPsec52.mps
04542e5d058d01e2134c21b26951dd7d8a2c13beafc479dc1241cb75b377ff4a	15338	original/MagicMayhem_CD/Realms/Celtic/Plains/CPsec52.nod
bc5de961972b28c06b78b5fa38b8c959ddaf03d5762f40ec56b4b951a70e6468	16	original/MagicMayhem_CD/Realms/Celtic/Plains/CPsec53.evt
213d1c8af1abbf9d8f5d532ef03e007247f72147e5dcea236680c4194bc74a63	17585	original/MagicMayhem_CD/Realms/Celtic/Plains/CPsec53.map
177de576de272c693280fdc367c4901d273844e02374353b3d75bd2d66466f43	376	original/MagicMayhem_CD/Realms/Celtic/Plains/CPsec53.mps
c4f7831b05bd5da403fffe2e400e9085b74cb6ed28a57fcf00d6fa7cd461c2d1	14350	original/MagicMayhem_CD/Realms/Celtic/Plains/CPsec53.nod
bc5de961972b28c06b78b5fa38b8c959ddaf03d5762f40ec56b4b951a70e6468	16	original/MagicMayhem_CD/Realms/Celtic/Plains/CPsec54.evt
3caeaddd82a6a4a65811de729847b8864e5521e2308f8b2accc8aa11e5ec7b1d	17321	original/MagicMayhem_CD/Realms/Celtic/Plains/CPsec54.map
d3057a3d40f5f2961087f907b99c09b39f8788e5e81405600d80e22afe3fd1df	256	original/MagicMayhem_CD/Realms/Celtic/Plains/CPsec54.mps
045886acb073aae64b72071dae20d86e51ea09404f5ce93a285cde7353712834	14844	original/MagicMayhem_CD/Realms/Celtic/Plains/CPsec54.nod
bc5de961972b28c06b78b5fa38b8c959ddaf03d5762f40ec56b4b951a70e6468	16	original/MagicMayhem_CD/Realms/Celtic/Plains/CPsec55.evt
f256a860218728fd7698ac02b13be26f9b6dae8242d5b193c3ffc67634ab4f97	17390	original/MagicMayhem_CD/Realms/Celtic/Plains/CPsec55.map
04de3da9118c6cae5a59f48fe46fc9baf5bd99155a55e59c49f7913ed2b7fd3e	256	original/MagicMayhem_CD/Realms/Celtic/Plains/CPsec55.mps
bee81f93583b7617eda073b8e6def2981c3f89e6d53f723acff45f35d4b7c983	15832	original/MagicMayhem_CD/Realms/Celtic/Plains/CPsec55.nod
3b5ac85a58374cbf8f1aa1d0f846a3b96ebedbdc0449aff1168418ff3df487ef	232	original/MagicMayhem_CD/Realms/Celtic/Plains/CPsec56.evt
f370dda8915427cc58726138c9855b61423a1b49c2f53a1cbfc6165e911fe387	17423	original/MagicMayhem_CD/Realms/Celtic/Plains/CPsec56.map
60680cfa4f900adec5af603dc660ea8e570fa03d910e57e6201a47a4709d598b	256	original/MagicMayhem_CD/Realms/Celtic/Plains/CPsec56.mps
eb9180aeb1facfa543ea6d36c2ccecf5bff5e0c2e953d613c47ed5b09559fa78	17314	original/MagicMayhem_CD/Realms/Celtic/Plains/CPsec56.nod
66054c81e2a6a0581ced7f28da4af2d1a94175c698097900e55119d1dd7639d8	736	original/MagicMayhem_CD/Realms/Celtic/Plains/CPsec57.evt
ccc50f99fa166a5da7bfd95002844f73c5b490178cf24cfdf3324193143c7db5	17340	original/MagicMayhem_CD/Realms/Celtic/Plains/CPsec57.map
fdba40ccad78472940efec46f717f7a6ab051e3525f49709ee1694e918b80308	376	original/MagicMayhem_CD/Realms/Celtic/Plains/CPsec57.mps
1c2dd0a4e9ab0d352c289679d6aac36f9fbd38f1fdc718144cd57bff43422344	17314	original/MagicMayhem_CD/Realms/Celtic/Plains/CPsec57.nod
bc5de961972b28c06b78b5fa38b8c959ddaf03d5762f40ec56b4b951a70e6468	16	original/MagicMayhem_CD/Realms/Celtic/Plains/CPsec58.evt
b77e91b8e3a9f034eb5922d56e01a033f52986fc18bb65cbeea7886c2ab4812c	17369	original/MagicMayhem_CD/Realms/Celtic/Plains/CPsec58.map
7c9743ab85e7be5613f10b6287872d570961222dc7a919795022529c613d3b9a	296	original/MagicMayhem_CD/Realms/Celtic/Plains/CPsec58.mps
cc6c76c0136e4521a4e31aaf1a8d75ffcc807576ecc30bcf5fa8d6e802f95d23	17314	original/MagicMayhem_CD/Realms/Celtic/Plains/CPsec58.nod
bc5de961972b28c06b78b5fa38b8c959ddaf03d5762f40ec56b4b951a70e6468	16	original/MagicMayhem_CD/Realms/Celtic/Plains/CPsec59.evt
5b0d7821d99c29d47327fdb037202de9c9c3fc98caeede9dccadc4356f3c976d	17443	original/MagicMayhem_CD/Realms/Celtic/Plains/CPsec59.map
4f71b6a74e8b27608163cafb6f427c4067b1a193756c061e9f5c295d1aee1bfa	416	original/MagicMayhem_CD/Realms/Celtic/Plains/CPsec59.mps
debb3a5a4bc5de9491ac820d183fbdf82d5c2f9b9739fcb38a1731bc4db402ac	16326	original/MagicMayhem_CD/Realms/Celtic/Plains/CPsec59.nod
677d604b50b2ddfbbfa88119c10ffad0b237cdec6551a5a7df2d8627958adb75	160	original/MagicMayhem_CD/Realms/Celtic/Plains/CPsec60.evt
037cd36d9a8e95b767b065353844b6948880addbf6f5a7e977d898774aa9a185	17566	original/MagicMayhem_CD/Realms/Celtic/Plains/CPsec60.map
93396093baa4866a054a89a4b67c785608f9c4fc3e0962d835bccdf67640da38	296	original/MagicMayhem_CD/Realms/Celtic/Plains/CPsec60.mps
4418833f030cd3b106dd7c92874e7c62da3c2af90b47a3add27b04d39e870cd3	17314	original/MagicMayhem_CD/Realms/Celtic/Plains/CPsec60.nod
7b2892c4c7e329d88eb6c75f02363ba5ada23d0ec9ce1ea76c1dc301451b99ca	160	original/MagicMayhem_CD/Realms/Celtic/Plains/CPsec61.evt
39e7aee59a5cbbfaccfd8156729b7426df71f0789f6daf73b5e10da31a963bc1	17379	original/MagicMayhem_CD/Realms/Celtic/Plains/CPsec61.map
8c68e801ba5673e022955229852281e812d4d97f6f4c1cac8908f63e3dc866a4	336	original/MagicMayhem_CD/Realms/Celtic/Plains/CPsec61.mps
3a2a9cb8c81fefb290b91ec67e4dcaaa188cfd36923e445362024d8dba162f45	15338	original/MagicMayhem_CD/Realms/Celtic/Plains/CPsec61.nod
b20824bab8ed40d04d01b167091a1bacc7534e715d52f139aa7232de089c3e60	1816	original/MagicMayhem_CD/Realms/Celtic/Plains/CPsec62.evt
4945f777bda1cb2fea78f2a36d18bea672c2f078c9c3705bde0e52875494b124	17399	original/MagicMayhem_CD/Realms/Celtic/Plains/CPsec62.map
002c0e55e4684363472009b51d41a21784071cc0e6a9fe9691912b50d9727b6e	456	original/MagicMayhem_CD/Realms/Celtic/Plains/CPsec62.mps
e29aa38af5e0c2588ca145ed49dcff2b46fda45648ec56e2d3dd0bbbd8ea6b9c	21266	original/MagicMayhem_CD/Realms/Celtic/Plains/CPsec62.nod
bc5de961972b28c06b78b5fa38b8c959ddaf03d5762f40ec56b4b951a70e6468	16	original/MagicMayhem_CD/Realms/Celtic/Plains/CPsec63.evt
e424872a75c307d4a79f8e0bc894aef4cccbfbe8860818edfdfdfcbf0651e6b7	68788	original/MagicMayhem_CD/Realms/Celtic/Plains/CPsec63.map
ac8240d310bb0a8101851ed72822dcd69ca0be77bdb5476d923df1ef6384a828	976	original/MagicMayhem_CD/Realms/Celtic/Plains/CPsec63.mps
78dbc823e96c391efe3171537ca3d5a31f524884e07ee71bcba0b29f866bcdfa	58810	original/MagicMayhem_CD/Realms/Celtic/Plains/CPsec63.nod
bc5de961972b28c06b78b5fa38b8c959ddaf03d5762f40ec56b4b951a70e6468	16	original/MagicMayhem_CD/Realms/Celtic/Plains/CPsec64.evt
d01c3aef2ef326bcf88b73e262d7b88d4fc3d2ee8dfa8b3ba25c00250bd2fd1f	17237	original/MagicMayhem_CD/Realms/Celtic/Plains/CPsec64.map
e8ae8e9eb0169d039fcefbc9ef7f0429bd4e2ea052c586abc8e424a0b7c30f54	296	original/MagicMayhem_CD/Realms/Celtic/Plains/CPsec64.mps
c78e7609e3927352bfebea14ba93038fa9e8353aa957d52f215a92b03c64be96	14350	original/MagicMayhem_CD/Realms/Celtic/Plains/CPsec64.nod
5f94f332a1a3c09f1c0ea4ab47e6998c9d0eee1444ea128c2be85e6c556156c9	664	original/MagicMayhem_CD/Realms/Celtic/Plains/CPsec65.evt
c45ff24ccdae4cf7a5b76c24f3c90ad2b4936d719b48eda260081a11b3e094b3	17054	original/MagicMayhem_CD/Realms/Celtic/Plains/CPsec65.map
93f46d3837e33b46752c5928a136fdb3de53610a324c223ac5f92772aa009fd6	296	original/MagicMayhem_CD/Realms/Celtic/Plains/CPsec65.mps
933ba287614f55649066edaaf06f169df663f3e929a8e2e6fce16f5a78fd256f	11386	original/MagicMayhem_CD/Realms/Celtic/Plains/CPsec65.nod
60414df1c6f23d3e25a3da4485563eb93e2471de068867d1e996da0938ed9c51	376	original/MagicMayhem_CD/Realms/Celtic/Plains/CPsec66.evt
c5fbf262648e7ba30d3785d0aa421a389aa8ff077094fabb576cd6b8a6aea5d7	17425	original/MagicMayhem_CD/Realms/Celtic/Plains/CPsec66.map
b3285158ed18a1429a22b36f31d53501a6515ccec4440705701d26e61b37c0b7	296	original/MagicMayhem_CD/Realms/Celtic/Plains/CPsec66.mps
5741b444c348024519280974d909427b954b2241059553c2b377fa75c17fcfd0	18302	original/MagicMayhem_CD/Realms/Celtic/Plains/CPsec66.nod
f2f07395ee32d862eb5eec3600f85aae1453df6f0c74547955c9985c64c29244	880	original/MagicMayhem_CD/Realms/Celtic/Plains/CPsec67.evt
bd34be928820165051ba2022f8b6bae70cfd13148d3bc28e7d46a2c2eae6499f	17507	original/MagicMayhem_CD/Realms/Celtic/Plains/CPsec67.map
3558bdcb0a791365512875c611dfb2e3dc827c2c6a472057a3da7982d4450df1	256	original/MagicMayhem_CD/Realms/Celtic/Plains/CPsec67.mps
e5853a235add4039e6e0fb984d8d4c18fea096e0c2799aec08546fadb7786666	14844	original/MagicMayhem_CD/Realms/Celtic/Plains/CPsec67.nod
c0897ee632163b1acd22a64f86ba54350f2e118512b39b3c9b58da36acb92066	376	original/MagicMayhem_CD/Realms/Celtic/Plains/CPsec68.evt
457320ad4fd79573569c53002e3f0c8ec1e00f87bea549a79ad955331c860f46	17202	original/MagicMayhem_CD/Realms/Celtic/Plains/CPsec68.map
fb472d846edb94416b814fa87dd5b625867f4aa74f58bba8579908927ef6ac53	216	original/MagicMayhem_CD/Realms/Celtic/Plains/CPsec68.mps
7e4cd8bbf129b5241dbc8c5b32ea37c261993e8a09bf88ba5fa1fa4d05330969	15338	original/MagicMayhem_CD/Realms/Celtic/Plains/CPsec68.nod
bc5de961972b28c06b78b5fa38b8c959ddaf03d5762f40ec56b4b951a70e6468	16	original/MagicMayhem_CD/Realms/Celtic/Plains/CPsec69.evt
ec3547cf08e125b3fbd551894a86122377c9f2621451a9041c4977c291fefbc0	17301	original/MagicMayhem_CD/Realms/Celtic/Plains/CPsec69.map
1a601de6b3d36c45b2ce7e730336dd6bbe5f485ce86851b5341623f39b9061e0	256	original/MagicMayhem_CD/Realms/Celtic/Plains/CPsec69.mps
619b12df51b3aafcc130cc1865a534a06731cd3990e04d07d568a84baa23fbcb	7928	original/MagicMayhem_CD/Realms/Celtic/Plains/CPsec69.nod
af9f5de2b6c6df2eab0f07e13ccd29ebb8e16e1be2da2d80bf7cb16dbb2ea2fc	448	original/MagicMayhem_CD/Realms/Celtic/Plains/CPsec70.evt
31f4e23be96281e18fa510d5bab917486c7728673bdfa099692e6160fea77d8e	9398	original/MagicMayhem_CD/Realms/Celtic/Plains/CPsec70.map
adb503d8239a1067b54406f0d1990604f1f641099077d36138587ff73e02c917	296	original/MagicMayhem_CD/Realms/Celtic/Plains/CPsec70.mps
578d9e48aa1a2ad4daebfa0aa4968a3a4abfdeec484ba245c76786eb9a63abcd	9904	original/MagicMayhem_CD/Realms/Celtic/Plains/CPsec70.nod
bc5de961972b28c06b78b5fa38b8c959ddaf03d5762f40ec56b4b951a70e6468	16	original/MagicMayhem_CD/Realms/Celtic/Plains/CPsec71.evt
6e7e23e06e2f92d67c92d741a8647784f5ad1894e84aadffb6299ea3e357c85a	17706	original/MagicMayhem_CD/Realms/Celtic/Plains/CPsec71.map
4aebf49fe0ab7ed5a75ca03eb3e8377c09278c59571348fc7106e61ccf07e492	256	original/MagicMayhem_CD/Realms/Celtic/Plains/CPsec71.mps
95c7f705b46d7631719f25f034d78120f264d1e4ad4fa135d4487d82631228e1	16820	original/MagicMayhem_CD/Realms/Celtic/Plains/CPsec71.nod
bc5de961972b28c06b78b5fa38b8c959ddaf03d5762f40ec56b4b951a70e6468	16	original/MagicMayhem_CD/Realms/Celtic/Plains/CPsec72.evt
17f2d566495dc112247f5dbacdf9db661eab9b0ad2926a3edcbcbebb2206dbf4	17558	original/MagicMayhem_CD/Realms/Celtic/Plains/CPsec72.map
837ebe53d448872d378d50e5f5732fe0e3fdb2370181ccf51c1b3d0241ce63a9	576	original/MagicMayhem_CD/Realms/Celtic/Plains/CPsec72.mps
d4518d61873eb16632dfa65b045b367d16a9b7e007f11d31d81a19d653aa7c22	14350	original/MagicMayhem_CD/Realms/Celtic/Plains/CPsec72.nod
1dfb9abf195945bbdc40f0e504795da14187b5e64c228493f59522481a866ae7	304	original/MagicMayhem_CD/Realms/Celtic/Plains/CPsec73.evt
157c377db676937653531fbd22b0e3fa67de0b05b49ad7c851d271b50f47a7ea	17644	original/MagicMayhem_CD/Realms/Celtic/Plains/CPsec73.map
0260ab764654a199cd1e2069b20dc0fb10d0fd008c764f6741e19a57786d5e4e	456	original/MagicMayhem_CD/Realms/Celtic/Plains/CPsec73.mps
926a6ba41dfc406138fb921a9d2a66e4a33690c0b8577730e527d10fd14931cd	21760	original/MagicMayhem_CD/Realms/Celtic/Plains/CPsec73.nod
bc5de961972b28c06b78b5fa38b8c959ddaf03d5762f40ec56b4b951a70e6468	16	original/MagicMayhem_CD/Realms/Celtic/Plains/CPsec74.evt
b3132eae566bd66b97fe9923840dcb6076710982eb65c8103310426f7ab9166c	17576	original/MagicMayhem_CD/Realms/Celtic/Plains/CPsec74.map
177de576de272c693280fdc367c4901d273844e02374353b3d75bd2d66466f43	376	original/MagicMayhem_CD/Realms/Celtic/Plains/CPsec74.mps
c4f7831b05bd5da403fffe2e400e9085b74cb6ed28a57fcf00d6fa7cd461c2d1	14350	original/MagicMayhem_CD/Realms/Celtic/Plains/CPsec74.nod
bc5de961972b28c06b78b5fa38b8c959ddaf03d5762f40ec56b4b951a70e6468	16	original/MagicMayhem_CD/Realms/Celtic/Plains/CPsec95.evt
f091b6d38a595417bfc25fc9a9994cb3f693e8dd307d6249a2986eab887ad940	15186	original/MagicMayhem_CD/Realms/Celtic/Plains/CPsec95.map
d493fe25caf78555538d93ef69ca4671e63867467977eca1f415334ad7ddfbf7	216	original/MagicMayhem_CD/Realms/Celtic/Plains/CPsec95.mps
a413ba22a5d6da0055d0c2ef619f7170d10c4d01780c4914ea6294c11abfc990	8916	original/MagicMayhem_CD/Realms/Celtic/Plains/CPsec95.nod
bc5de961972b28c06b78b5fa38b8c959ddaf03d5762f40ec56b4b951a70e6468	16	original/MagicMayhem_CD/Realms/Celtic/Plains/CPsec96.evt
6b6cfe27537789d416cfda6966ee6a90e642ab4249ffd61cad1ecbc0979d41b5	15122	original/MagicMayhem_CD/Realms/Celtic/Plains/CPsec96.map
d0fd58a5a9f77260260812bbd934675e0d4359530460dbe52b564e0714381c84	3176	original/MagicMayhem_CD/Realms/Celtic/Plains/CPsec96.mps
a8e828e5faa5f84fe91b02c8ddfc9797be3efe24536aa272e99bd8197cf167cf	7928	original/MagicMayhem_CD/Realms/Celtic/Plains/CPsec96.nod
bc5de961972b28c06b78b5fa38b8c959ddaf03d5762f40ec56b4b951a70e6468	16	original/MagicMayhem_CD/Realms/Celtic/Plains/CPsec97.evt
9960192d432e6f676b3a6d6d45eacf9088bfe40dfd67d190e7367b27485c3a4f	15215	original/MagicMayhem_CD/Realms/Celtic/Plains/CPsec97.map
e29c1061f3632327dba6866c470ff34ac9a41058c44ece417ba4962b43f06861	96	original/MagicMayhem_CD/Realms/Celtic/Plains/CPsec97.mps
63bffe447f73c4a3b5a94a9fe99efbdc915eff4d3198758f5d05995ecf66ad87	10398	original/MagicMayhem_CD/Realms/Celtic/Plains/CPsec97.nod
bc5de961972b28c06b78b5fa38b8c959ddaf03d5762f40ec56b4b951a70e6468	16	original/MagicMayhem_CD/Realms/Celtic/Plains/CPsec98.evt
61ea06e02fc4d487dd54bbfd4f847b2e96dd342569c770aedc814bc3235f7ad4	15252	original/MagicMayhem_CD/Realms/Celtic/Plains/CPsec98.map
fdb7838ae4aeeeecbdc4f79937a2f0eb2ea3d5f8ef21296351069ed620658556	96	original/MagicMayhem_CD/Realms/Celtic/Plains/CPsec98.mps
47f7b9b37e01fcfdaaf35306a9c344a54568fe74cd724eed589c462a1e04d965	11880	original/MagicMayhem_CD/Realms/Celtic/Plains/CPsec98.nod
bc5de961972b28c06b78b5fa38b8c959ddaf03d5762f40ec56b4b951a70e6468	16	original/MagicMayhem_CD/Realms/Celtic/Plains/CPsec99.evt
36a169bdf1c19805b1309e54a9296062d939e1ba0fad734db674a7edba567c78	15528	original/MagicMayhem_CD/Realms/Celtic/Plains/CPsec99.map
56c719dce09fb3350e43eed4c12f5e66f72a6c94ad31660d3eba215be27592d7	496	original/MagicMayhem_CD/Realms/Celtic/Plains/CPsec99.mps
f398e8002fcb91e6cd9ab303e338c83700315304d06ea1f323589701460c70ed	13362	original/MagicMayhem_CD/Realms/Celtic/Plains/CPsec99.nod
db01740f661a4a05688bb4e745aa4249e31640b64b984ebe030b4ffcf17c3a00	3471760	original/MagicMayhem_CD/Realms/Celtic/Plains/Terrain.spr
f5890f794700cde691b79d0f47923072513d07455aff2111249f7af9a50cfa47	22392	original/MagicMayhem_CD/Realms/Celtic/Plains/Terrain.tag
cbdf65f63da986d737108e5295696d011885cae17d65f32338017da0234e5dcc	664312	original/MagicMayhem_CD/Realms/Celtic/Plains/Terrain.ttd
313f098bb91cc3ef9ab3875ad4faf90873ac1c372d83410cc4815110baa5f506	7168	original/MagicMayhem_CD/Realms/Celtic/Plains/doors.ani
83dbacd835197699f10f4d60ba83cedadc788c04ce355b5ed3cdeb4346082a50	11680	original/MagicMayhem_CD/Realms/Celtic/Plains/terrain.ani
289db1fb277fbb2f65d25633171b8d59990f0235f3cb0fe161c831f164fb9737	232	original/MagicMayhem_CD/Realms/Celtic/Swamp/CSsec00.evt
ce846018e0166618ac6bab5f6685555275a9314d807a7b937bf1e7749108875c	58027	original/MagicMayhem_CD/Realms/Celtic/Swamp/CSsec00.map
7112032e51c779ed4b2a3c78c91bde256ef7ed6e63b34bf60b3665469a37f059	1536	original/MagicMayhem_CD/Realms/Celtic/Swamp/CSsec00.mps
91fea2965eef60f810d67143d576271a27318995060a5e455c96c8c4d8235d5a	101294	original/MagicMayhem_CD/Realms/Celtic/Swamp/CSsec00.nod
f768902c5666027779ddb9506235b0426a0f66cdda0d02d2a46ceaad791cbfed	15228	original/MagicMayhem_CD/Realms/Celtic/Swamp/CSsec00.tag
e7f79300557d7f976ff5f3046b77cfa7d2216146c2464e7e7f4859045b62c521	1384	original/MagicMayhem_CD/Realms/Celtic/Swamp/CSsec01.evt
43b7d424c23fef5f0bc4136aec2afe43dfa4e3e7e923490ebdf59adfeb91b901	49949	original/MagicMayhem_CD/Realms/Celtic/Swamp/CSsec01.map
f8ea3b482c72e1ffa88bf296df4b1767ded6cecc781f09eef0fff4d67a37593d	1736	original/MagicMayhem_CD/Realms/Celtic/Swamp/CSsec01.mps
604e5f23f5e66a605b37b332e6c585db9dc0e2258172e3f9f88df2d32436e34f	84498	original/MagicMayhem_CD/Realms/Celtic/Swamp/CSsec01.nod
f768902c5666027779ddb9506235b0426a0f66cdda0d02d2a46ceaad791cbfed	15228	original/MagicMayhem_CD/Realms/Celtic/Swamp/CSsec01.tag
3768d71cb0a1fec1d7e7b80c28889887c0b23ab0042a6300907cd0a6a217e9ff	736	original/MagicMayhem_CD/Realms/Celtic/Swamp/CSsec02.evt
989f077644eeeed660ade1f6da7fb6a3f545cd6cde9839272c4a276008940bfa	62255	original/MagicMayhem_CD/Realms/Celtic/Swamp/CSsec02.map
fdaa72b2a39096daf2e3ecc73b646c621aafd0e4acc54eb204bc70a5b90a2e43	2016	original/MagicMayhem_CD/Realms/Celtic/Swamp/CSsec02.mps
d7c1c1c71925be9e06ba62790f6351811caecb6e12b5c85fec5a0d87c6da6d87	90920	original/MagicMayhem_CD/Realms/Celtic/Swamp/CSsec02.nod
f768902c5666027779ddb9506235b0426a0f66cdda0d02d2a46ceaad791cbfed	15228	original/MagicMayhem_CD/Realms/Celtic/Swamp/CSsec02.tag
a12db149cf337058d1875bbeee8eb12a36af7cefbe3c0d68f57e796171a43fe1	1240	original/MagicMayhem_CD/Realms/Celtic/Swamp/CSsec03.evt
3b2f56de52fc4c5d81e0f53fd53cce3fcf03cc8ec58f605c8ead9a538baa90f2	50104	original/MagicMayhem_CD/Realms/Celtic/Swamp/CSsec03.map
f275cd0081583217eddef32115b8b01ea105086609c5c1285a3df5395ad19143	976	original/MagicMayhem_CD/Realms/Celtic/Swamp/CSsec03.mps
f802386df029939db1129770514e5180cdd3272ebafd4c55f30ef550dc5803bf	94872	original/MagicMayhem_CD/Realms/Celtic/Swamp/CSsec03.nod
f768902c5666027779ddb9506235b0426a0f66cdda0d02d2a46ceaad791cbfed	15228	original/MagicMayhem_CD/Realms/Celtic/Swamp/CSsec03.tag
365ea5f0bc1823aa5db43b9fcc82cdf26a9cd298618e268af65ae27e70127d50	376	original/MagicMayhem_CD/Realms/Celtic/Swamp/CSsec04.evt
6f9bf74e7fa288225d818108f06972f4e917ef1a9fdc3f8022182335c1799267	62551	original/MagicMayhem_CD/Realms/Celtic/Swamp/CSsec04.map
57a5efbb7c7042274be03961ed7837d4b07187c9e154b0d4fbfa97e85779a6f3	2096	original/MagicMayhem_CD/Realms/Celtic/Swamp/CSsec04.mps
39bfe1a3868c1aed3a957a124c14adb365b276ad1d66c07842362e6a651ade34	97342	original/MagicMayhem_CD/Realms/Celtic/Swamp/CSsec04.nod
f768902c5666027779ddb9506235b0426a0f66cdda0d02d2a46ceaad791cbfed	15228	original/MagicMayhem_CD/Realms/Celtic/Swamp/CSsec04.tag
bc5de961972b28c06b78b5fa38b8c959ddaf03d5762f40ec56b4b951a70e6468	16	original/MagicMayhem_CD/Realms/Celtic/Swamp/CSsec10.evt
026af82900e488255aecfc3a615e9ab0ccbda19c781d1b256cd54b022cf88737	12631	original/MagicMayhem_CD/Realms/Celtic/Swamp/CSsec10.map
3a144acbf9e03bad814b36afea0025619f77938e3a3869b12e47253af2004005	416	original/MagicMayhem_CD/Realms/Celtic/Swamp/CSsec10.mps
0b348780de5c06445af552127648a145f6975e8eea2a376f6a0dcdeedfc602d1	10892	original/MagicMayhem_CD/Realms/Celtic/Swamp/CSsec10.nod
f768902c5666027779ddb9506235b0426a0f66cdda0d02d2a46ceaad791cbfed	15228	original/MagicMayhem_CD/Realms/Celtic/Swamp/CSsec10.tag
bc5de961972b28c06b78b5fa38b8c959ddaf03d5762f40ec56b4b951a70e6468	16	original/MagicMayhem_CD/Realms/Celtic/Swamp/CSsec11.evt
8f785d561d997afa745ce8a0bc0abdf17794e0ee21e1e8a453189113eddaf151	13830	original/MagicMayhem_CD/Realms/Celtic/Swamp/CSsec11.map
da508a2511153935993715f912f8c9188a028d5a70b59f0448cbad56fe9a8b81	416	original/MagicMayhem_CD/Realms/Celtic/Swamp/CSsec11.mps
5c798898e57df149e34863618b052eef0c6ccf6e52ab65f6cc07e9a56ff56a8d	14844	original/MagicMayhem_CD/Realms/Celtic/Swamp/CSsec11.nod
f768902c5666027779ddb9506235b0426a0f66cdda0d02d2a46ceaad791cbfed	15228	original/MagicMayhem_CD/Realms/Celtic/Swamp/CSsec11.tag
bc5de961972b28c06b78b5fa38b8c959ddaf03d5762f40ec56b4b951a70e6468	16	original/MagicMayhem_CD/Realms/Celtic/Swamp/CSsec12.evt
302e4053a59a03c3ad82e8b91bb6564859699fc3cae82ed8de0170f7ab4c1498	13231	original/MagicMayhem_CD/Realms/Celtic/Swamp/CSsec12.map
0ce49f785f4c07834d1a05102c4396b1d5075c19d119bc0edf8ff306c71e7a9b	416	original/MagicMayhem_CD/Realms/Celtic/Swamp/CSsec12.mps
f1ddb1008f91cb08c82b19ddc2b0f3b7a7727c11e6156e3a511cb5913c68cdd6	21266	original/MagicMayhem_CD/Realms/Celtic/Swamp/CSsec12.nod
f768902c5666027779ddb9506235b0426a0f66cdda0d02d2a46ceaad791cbfed	15228	original/MagicMayhem_CD/Realms/Celtic/Swamp/CSsec12.tag
bc5de961972b28c06b78b5fa38b8c959ddaf03d5762f40ec56b4b951a70e6468	16	original/MagicMayhem_CD/Realms/Celtic/Swamp/CSsec13.evt
3254b4d4fee17039c77790d4eafadc73d084a7eaf2376ee458a84973c353dae1	12027	original/MagicMayhem_CD/Realms/Celtic/Swamp/CSsec13.map
4d8e7a20564e5f34ac819dd64e21df05801eb27b1370b16bd749f43fa5da2f98	416	original/MagicMayhem_CD/Realms/Celtic/Swamp/CSsec13.mps
e3d59c92144541af8bc626a3ce2fefec56abd04551021851fc7d3f1bd01b73a3	23736	original/MagicMayhem_CD/Realms/Celtic/Swamp/CSsec13.nod
f768902c5666027779ddb9506235b0426a0f66cdda0d02d2a46ceaad791cbfed	15228	original/MagicMayhem_CD/Realms/Celtic/Swamp/CSsec13.tag
bc5de961972b28c06b78b5fa38b8c959ddaf03d5762f40ec56b4b951a70e6468	16	original/MagicMayhem_CD/Realms/Celtic/Swamp/CSsec14.evt
f33488343d7f7423fdbe1c920eaee97b9e822e82fed914608b132ec8bc0367ed	14765	original/MagicMayhem_CD/Realms/Celtic/Swamp/CSsec14.map
dfea23079ca58a38535155497ea9cafe5218cae1dfb83f04b7635846bf424067	416	original/MagicMayhem_CD/Realms/Celtic/Swamp/CSsec14.mps
21327589a79a2a6c8a472d52d16d6f88a17982b4dcaa5dd57eb16aa7690a75fc	17808	original/MagicMayhem_CD/Realms/Celtic/Swamp/CSsec14.nod
f768902c5666027779ddb9506235b0426a0f66cdda0d02d2a46ceaad791cbfed	15228	original/MagicMayhem_CD/Realms/Celtic/Swamp/CSsec14.tag
bc5de961972b28c06b78b5fa38b8c959ddaf03d5762f40ec56b4b951a70e6468	16	original/MagicMayhem_CD/Realms/Celtic/Swamp/CSsec20.evt
0c91ef7b1316529df47f10f1e57f670d97165b3acc834611f2dd9ed68d785184	14332	original/MagicMayhem_CD/Realms/Celtic/Swamp/CSsec20.map
7c3b87a7217199da6913b18663ac88af5c7b77960ba3658f90bb0d3a793599a6	656	original/MagicMayhem_CD/Realms/Celtic/Swamp/CSsec20.mps
735c09c8936383017137770cd4830d71536039e736436279647550400ab9caa2	18796	original/MagicMayhem_CD/Realms/Celtic/Swamp/CSsec20.nod
f768902c5666027779ddb9506235b0426a0f66cdda0d02d2a46ceaad791cbfed	15228	original/MagicMayhem_CD/Realms/Celtic/Swamp/CSsec20.tag
bc5de961972b28c06b78b5fa38b8c959ddaf03d5762f40ec56b4b951a70e6468	16	original/MagicMayhem_CD/Realms/Celtic/Swamp/CSsec21.evt
7664f0750ff7bed480d6b8aab4c2bd15d7c2a505393261b87b611a2c8cdb359c	14429	original/MagicMayhem_CD/Realms/Celtic/Swamp/CSsec21.map
ec4e422b6d32a2d11c2abde476f65c64973a9b06c73a82a43bf0f904b4e504ad	376	original/MagicMayhem_CD/Realms/Celtic/Swamp/CSsec21.mps
2454df9822218e59c15458cbb9b59d7d03bcd4aea97aa363c66587d429853327	11386	original/MagicMayhem_CD/Realms/Celtic/Swamp/CSsec21.nod
f768902c5666027779ddb9506235b0426a0f66cdda0d02d2a46ceaad791cbfed	15228	original/MagicMayhem_CD/Realms/Celtic/Swamp/CSsec21.tag
bc5de961972b28c06b78b5fa38b8c959ddaf03d5762f40ec56b4b951a70e6468	16	original/MagicMayhem_CD/Realms/Celtic/Swamp/CSsec22.evt
66b499f46664de94d5e0c19ea3608708d98a68e8ffe6ef0653026d141558ad53	14997	original/MagicMayhem_CD/Realms/Celtic/Swamp/CSsec22.map
752b861316bcebb5a49cd0aa1afaed8fdba5ebe566157796cdd5d1d0f6b954fd	416	original/MagicMayhem_CD/Realms/Celtic/Swamp/CSsec22.mps
e8bc1b8ad13c3276806afd674cf2ec9d5dfa64289f16e2f5ae6ed9471fe69883	12868	original/MagicMayhem_CD/Realms/Celtic/Swamp/CSsec22.nod
f768902c5666027779ddb9506235b0426a0f66cdda0d02d2a46ceaad791cbfed	15228	original/MagicMayhem_CD/Realms/Celtic/Swamp/CSsec22.tag
bc5de961972b28c06b78b5fa38b8c959ddaf03d5762f40ec56b4b951a70e6468	16	original/MagicMayhem_CD/Realms/Celtic/Swamp/CSsec23.evt
afa6c12f124e806bfe19d3e40716f6cd5781418177df913639b1bca01ceaf19d	13910	original/MagicMayhem_CD/Realms/Celtic/Swamp/CSsec23.map
64d59a4fd9975a539d4ae3e2af0d1d8141a18810b62fd434f82ea19173dd1ea2	416	original/MagicMayhem_CD/Realms/Celtic/Swamp/CSsec23.mps
8f7465fe95121d33b7420b12c14f367fe81d6f71c8de3620389ff8515ce5e3b1	13362	original/MagicMayhem_CD/Realms/Celtic/Swamp/CSsec23.nod
f768902c5666027779ddb9506235b0426a0f66cdda0d02d2a46ceaad791cbfed	15228	original/MagicMayhem_CD/Realms/Celtic/Swamp/CSsec23.tag
bc5de961972b28c06b78b5fa38b8c959ddaf03d5762f40ec56b4b951a70e6468	16	original/MagicMayhem_CD/Realms/Celtic/Swamp/CSsec24.evt
6972a52373eb15e94777afce4808d1ea737aec1deb211b2535debb9a0310a92c	12605	original/MagicMayhem_CD/Realms/Celtic/Swamp/CSsec24.map
164738295524adbe8a5641b004e79024858ed893fd5a9f53e0cc30a6aad39fda	416	original/MagicMayhem_CD/Realms/Celtic/Swamp/CSsec24.mps
3918dcf5c75d7f1355c1ccda9310e638889d8f36a8c5669d7d96939715a6da16	15832	original/MagicMayhem_CD/Realms/Celtic/Swamp/CSsec24.nod
f768902c5666027779ddb9506235b0426a0f66cdda0d02d2a46ceaad791cbfed	15228	original/MagicMayhem_CD/Realms/Celtic/Swamp/CSsec24.tag
bc5de961972b28c06b78b5fa38b8c959ddaf03d5762f40ec56b4b951a70e6468	16	original/MagicMayhem_CD/Realms/Celtic/Swamp/CSsec25.evt
5d34685d44c0291d472644655a0e16ab68e86b8ee2a5b4ef8cf342a160e33526	14679	original/MagicMayhem_CD/Realms/Celtic/Swamp/CSsec25.map
b54b4ea41afbd177f77e01da9b960e4db99edbc8c018c6002106f77d1a343df1	416	original/MagicMayhem_CD/Realms/Celtic/Swamp/CSsec25.mps
fe40ac5d465a40851f41070c8b87d94d1f0c27f494e0fa0340ba4f090c73e442	14350	original/MagicMayhem_CD/Realms/Celtic/Swamp/CSsec25.nod
f768902c5666027779ddb9506235b0426a0f66cdda0d02d2a46ceaad791cbfed	15228	original/MagicMayhem_CD/Realms/Celtic/Swamp/CSsec25.tag
bc5de961972b28c06b78b5fa38b8c959ddaf03d5762f40ec56b4b951a70e6468	16	original/MagicMayhem_CD/Realms/Celtic/Swamp/CSsec26.evt
95ee42223a3cf9f2696bd14e3e02e5d3f4a734f391636e470552e4a0ee91d111	14524	original/MagicMayhem_CD/Realms/Celtic/Swamp/CSsec26.map
8986e35262cb88e46b82fad23a92c6eae7d32e1490136ca905bf44e463c90112	416	original/MagicMayhem_CD/Realms/Celtic/Swamp/CSsec26.mps
eb5cb5068460d3b178fb211ab13bf78d6bcfa7857963db92bdd7008b09d743dc	12374	original/MagicMayhem_CD/Realms/Celtic/Swamp/CSsec26.nod
f768902c5666027779ddb9506235b0426a0f66cdda0d02d2a46ceaad791cbfed	15228	original/MagicMayhem_CD/Realms/Celtic/Swamp/CSsec26.tag
bc5de961972b28c06b78b5fa38b8c959ddaf03d5762f40ec56b4b951a70e6468	16	original/MagicMayhem_CD/Realms/Celtic/Swamp/CSsec27.evt
1cd29f2d71c198a1a97f01dcb2b790160da10c056b304c23187676bbe3f3cb87	14555	original/MagicMayhem_CD/Realms/Celtic/Swamp/CSsec27.map
c2290015aa8ebccdc494f7ceb4c4519837d42563de4215cf5051decbba6325b1	416	original/MagicMayhem_CD/Realms/Celtic/Swamp/CSsec27.mps
2415dafdc0b1aa7dd06cf660beb1da04a8bb3d0641ee94509b505bffa13e2054	11880	original/MagicMayhem_CD/Realms/Celtic/Swamp/CSsec27.nod
f768902c5666027779ddb9506235b0426a0f66cdda0d02d2a46ceaad791cbfed	15228	original/MagicMayhem_CD/Realms/Celtic/Swamp/CSsec27.tag
bc5de961972b28c06b78b5fa38b8c959ddaf03d5762f40ec56b4b951a70e6468	16	original/MagicMayhem_CD/Realms/Celtic/Swamp/CSsec28.evt
cd39825bd76c6e3fed1b48a96a2c6cad3f73a5f710d62aaf0eed0631dea40476	14834	original/MagicMayhem_CD/Realms/Celtic/Swamp/CSsec28.map
63b47a604224f67b1d6cd42c8f973b9aafb6b3d4549ccea43c00938c986abce3	416	original/MagicMayhem_CD/Realms/Celtic/Swamp/CSsec28.mps
60069f2c42fbd210e9e7e0c858c275fb98248f62780d2725f434d50f1ac1813a	17808	original/MagicMayhem_CD/Realms/Celtic/Swamp/CSsec28.nod
f768902c5666027779ddb9506235b0426a0f66cdda0d02d2a46ceaad791cbfed	15228	original/MagicMayhem_CD/Realms/Celtic/Swamp/CSsec28.tag
bc5de961972b28c06b78b5fa38b8c959ddaf03d5762f40ec56b4b951a70e6468	16	original/MagicMayhem_CD/Realms/Celtic/Swamp/CSsec29.evt
49caded39ddb6d420e948b764a7eb045547bc3091388f6b72500a2c5f804afbd	13761	original/MagicMayhem_CD/Realms/Celtic/Swamp/CSsec29.map
b0b5c5bc6caad0f8a1416be4f5b63abec327c9dae894711f728cedaa2549363b	376	original/MagicMayhem_CD/Realms/Celtic/Swamp/CSsec29.mps
a9d3ecf2f1dad44d3d4b4e1c8f94da39efc1465c60303cba63b986758318add0	17314	original/MagicMayhem_CD/Realms/Celtic/Swamp/CSsec29.nod
f768902c5666027779ddb9506235b0426a0f66cdda0d02d2a46ceaad791cbfed	15228	original/MagicMayhem_CD/Realms/Celtic/Swamp/CSsec29.tag
bc5de961972b28c06b78b5fa38b8c959ddaf03d5762f40ec56b4b951a70e6468	16	original/MagicMayhem_CD/Realms/Celtic/Swamp/CSsec30.evt
4698ff5b34e05b267a273ce0d1bbe20c09f8cd23122ee03238ae9f5f3dc23404	13581	original/MagicMayhem_CD/Realms/Celtic/Swamp/CSsec30.map
aa663cb849b2a146b77ebc8d1e838e7792e682b017a56cf60cc2b9b6a651211d	576	original/MagicMayhem_CD/Realms/Celtic/Swamp/CSsec30.mps
8ca43d3612af38113e5d2ffd55f5120358e99fb12dea5749bc19f63729de9afd	25218	original/MagicMayhem_CD/Realms/Celtic/Swamp/CSsec30.nod
f768902c5666027779ddb9506235b0426a0f66cdda0d02d2a46ceaad791cbfed	15228	original/MagicMayhem_CD/Realms/Celtic/Swamp/CSsec30.tag
bc5de961972b28c06b78b5fa38b8c959ddaf03d5762f40ec56b4b951a70e6468	16	original/MagicMayhem_CD/Realms/Celtic/Swamp/CSsec31.evt
c53d26907868d4ff89ec168c03ba0bd3d8329ce70033a1d5f09610c79aeae94d	11846	original/MagicMayhem_CD/Realms/Celtic/Swamp/CSsec31.map
740caaae998f3a7f6719c9855bda1f79d19b26bc0e5c6d86aac7f37ad47e384a	496	original/MagicMayhem_CD/Realms/Celtic/Swamp/CSsec31.mps
987ad99023ffa9737de15e1419e27b6992ebe12fe4a78e5de18c73ff9a96e56b	31640	original/MagicMayhem_CD/Realms/Celtic/Swamp/CSsec31.nod
f768902c5666027779ddb9506235b0426a0f66cdda0d02d2a46ceaad791cbfed	15228	original/MagicMayhem_CD/Realms/Celtic/Swamp/CSsec31.tag
bc5de961972b28c06b78b5fa38b8c959ddaf03d5762f40ec56b4b951a70e6468	16	original/MagicMayhem_CD/Realms/Celtic/Swamp/CSsec32.evt
153f37e45d3a5c4d5688e5f6a93d5d02897e8224fbe2d47d0eb9beeba6fa27c6	13851	original/MagicMayhem_CD/Realms/Celtic/Swamp/CSsec32.map
54ba3fd3e31b5a131e2e8f3efc66f1d531b91ec42d5437eae3e11273b8749a93	416	original/MagicMayhem_CD/Realms/Celtic/Swamp/CSsec32.mps
4b42e51f9c4ac539681c834d98cf60dd8312b67bba532d13b1b674cfc4995e2c	27194	original/MagicMayhem_CD/Realms/Celtic/Swamp/CSsec32.nod
f768902c5666027779ddb9506235b0426a0f66cdda0d02d2a46ceaad791cbfed	15228	original/MagicMayhem_CD/Realms/Celtic/Swamp/CSsec32.tag
bc5de961972b28c06b78b5fa38b8c959ddaf03d5762f40ec56b4b951a70e6468	16	original/MagicMayhem_CD/Realms/Celtic/Swamp/CSsec33.evt
9aa132324fed0703c6ddf1179eba7710502b7f6d01a6f7c5e6479582e9774bd5	14341	original/MagicMayhem_CD/Realms/Celtic/Swamp/CSsec33.map
bbbc28144bbc23f66ec539ddb7d9380d7a7cf5cd241585c0dedb9c1fa833db24	616	original/MagicMayhem_CD/Realms/Celtic/Swamp/CSsec33.mps
cc7914e1bd05b8e430b28e79b0d3a9c07c4b00814d745fd21b863ee5a01ad5d6	28182	original/MagicMayhem_CD/Realms/Celtic/Swamp/CSsec33.nod
f768902c5666027779ddb9506235b0426a0f66cdda0d02d2a46ceaad791cbfed	15228	original/MagicMayhem_CD/Realms/Celtic/Swamp/CSsec33.tag
bc5de961972b28c06b78b5fa38b8c959ddaf03d5762f40ec56b4b951a70e6468	16	original/MagicMayhem_CD/Realms/Celtic/Swamp/CSsec34.evt
e0f98488e74147c614190cb5dba97f264a1c1d39e350ad7880dd8ef6cc434319	14068	original/MagicMayhem_CD/Realms/Celtic/Swamp/CSsec34.map
2fd477e6c30922433db3b819c80c59f6ab20ad5a38ff9d87c221603c00684026	416	original/MagicMayhem_CD/Realms/Celtic/Swamp/CSsec34.mps
90666affa88bc37a34815b125b4d5e61808b4be2dac97767a607c6576faf5313	24230	original/MagicMayhem_CD/Realms/Celtic/Swamp/CSsec34.nod
f768902c5666027779ddb9506235b0426a0f66cdda0d02d2a46ceaad791cbfed	15228	original/MagicMayhem_CD/Realms/Celtic/Swamp/CSsec34.tag
bc5de961972b28c06b78b5fa38b8c959ddaf03d5762f40ec56b4b951a70e6468	16	original/MagicMayhem_CD/Realms/Celtic/Swamp/CSsec35.evt
40b398b36dcc4bf42923dd6c08be308c958fdbb99c6401237ef5a80deb5f32ea	13477	original/MagicMayhem_CD/Realms/Celtic/Swamp/CSsec35.map
6ca4f35f75c9394b122251c13998556c303db8213189a166ef4c5e363d029fd5	416	original/MagicMayhem_CD/Realms/Celtic/Swamp/CSsec35.mps
5e85d697ca4b61a5b8ca02f4397215d34b9943c8970f253d03b12f5dd5010a85	31146	original/MagicMayhem_CD/Realms/Celtic/Swamp/CSsec35.nod
f768902c5666027779ddb9506235b0426a0f66cdda0d02d2a46ceaad791cbfed	15228	original/MagicMayhem_CD/Realms/Celtic/Swamp/CSsec35.tag
bc5de961972b28c06b78b5fa38b8c959ddaf03d5762f40ec56b4b951a70e6468	16	original/MagicMayhem_CD/Realms/Celtic/Swamp/CSsec36.evt
87cd1e0c408433860c09db14974636708d3304ffdc541bd4f314a191e77334a4	13475	original/MagicMayhem_CD/Realms/Celtic/Swamp/CSsec36.map
a9be2461a27493063103faefcf8ff5ad6b09288d46daccb147ac67d928f3d68c	496	original/MagicMayhem_CD/Realms/Celtic/Swamp/CSsec36.mps
672fe25b45cb0085ef4c4f9a423620b8bb2c4a2e4ca17ecd0d56a396ff0625b4	26700	original/MagicMayhem_CD/Realms/Celtic/Swamp/CSsec36.nod
f768902c5666027779ddb9506235b0426a0f66cdda0d02d2a46ceaad791cbfed	15228	original/MagicMayhem_CD/Realms/Celtic/Swamp/CSsec36.tag
bc5de961972b28c06b78b5fa38b8c959ddaf03d5762f40ec56b4b951a70e6468	16	original/MagicMayhem_CD/Realms/Celtic/Swamp/CSsec37.evt
c7f9b4c6738f6957497cf4d3a5e5fd83571cc4b3f99b04834476ce83ee3d4277	14156	original/MagicMayhem_CD/Realms/Celtic/Swamp/CSsec37.map
73fa0173dd348cba3d27ba2435b854a9acffd72e03d57133fc340f13deb51870	336	original/MagicMayhem_CD/Realms/Celtic/Swamp/CSsec37.mps
c3c0d9c45405ca79c78b4b36c03be3cd30fea1dcf0e2e2981cbcaf18052ce766	31146	original/MagicMayhem_CD/Realms/Celtic/Swamp/CSsec37.nod
f768902c5666027779ddb9506235b0426a0f66cdda0d02d2a46ceaad791cbfed	15228	original/MagicMayhem_CD/Realms/Celtic/Swamp/CSsec37.tag
bc5de961972b28c06b78b5fa38b8c959ddaf03d5762f40ec56b4b951a70e6468	16	original/MagicMayhem_CD/Realms/Celtic/Swamp/CSsec38.evt
75a1769b4b0878e43276292cf8aa981a81ddaa235e587e2d8848684034eafdb6	13756	original/MagicMayhem_CD/Realms/Celtic/Swamp/CSsec38.map
4e3a22440aed3086b9bc30b118e14e0ed2683607b457f9baa98dfd788666a72a	496	original/MagicMayhem_CD/Realms/Celtic/Swamp/CSsec38.mps
b969eed63dfa4a6e828fdca37f22a848ae635dd3ce18e0810b04f5736e0885a9	17808	original/MagicMayhem_CD/Realms/Celtic/Swamp/CSsec38.nod
f768902c5666027779ddb9506235b0426a0f66cdda0d02d2a46ceaad791cbfed	15228	original/MagicMayhem_CD/Realms/Celtic/Swamp/CSsec38.tag
bc5de961972b28c06b78b5fa38b8c959ddaf03d5762f40ec56b4b951a70e6468	16	original/MagicMayhem_CD/Realms/Celtic/Swamp/CSsec39.evt
5385cf5ff02a6adb19a14aec0e59bc08f001108bd59e22420191615048084b28	13626	original/MagicMayhem_CD/Realms/Celtic/Swamp/CSsec39.map
3f2fa3842cacf3cc6ae70eb1046e63267367a56aa776f9f4b3cfc065ce85db0b	416	original/MagicMayhem_CD/Realms/Celtic/Swamp/CSsec39.mps
2e0c04cb29ecee36104cf3ac36992d6918e24c88afcd28f6d1de11956cf79000	29664	original/MagicMayhem_CD/Realms/Celtic/Swamp/CSsec39.nod
f768902c5666027779ddb9506235b0426a0f66cdda0d02d2a46ceaad791cbfed	15228	original/MagicMayhem_CD/Realms/Celtic/Swamp/CSsec39.tag
4168d66e307dbc7fd22a3394494202a7d1106e23f3f3eae4efd5220b6ac3eea2	304	original/MagicMayhem_CD/Realms/Celtic/Swamp/CSsec40.evt
291e82803f9d230211fd6eacb3dcdbd0b9e1c2a16379c18b4a5391514d7dafb0	14166	original/MagicMayhem_CD/Realms/Celtic/Swamp/CSsec40.map
c44fdd69884b30aa0e203cf38e8ddda419b8e549524fd85ad781c436e68c82b3	416	original/MagicMayhem_CD/Realms/Celtic/Swamp/CSsec40.mps
88de8e1bded1112b1ac09a3e98e0d6a1dae932f33f9c40234cb0bc26197df616	29664	original/MagicMayhem_CD/Realms/Celtic/Swamp/CSsec40.nod
f768902c5666027779ddb9506235b0426a0f66cdda0d02d2a46ceaad791cbfed	15228	original/MagicMayhem_CD/Realms/Celtic/Swamp/CSsec40.tag
bc5de961972b28c06b78b5fa38b8c959ddaf03d5762f40ec56b4b951a70e6468	16	original/MagicMayhem_CD/Realms/Celtic/Swamp/CSsec41.evt
1234cc9e1999dd4184cf83ddb4c8e60932419eea6046d4cdceab74cf62cfb2bd	13683	original/MagicMayhem_CD/Realms/Celtic/Swamp/CSsec41.map
00b5de5ce7bfa446ad4d38e8287da92b71aadc90f336a76793447370b0202f57	416	original/MagicMayhem_CD/Realms/Celtic/Swamp/CSsec41.mps
89174102b5af1af1a667565bdd2dc01d5e15081875740a028f5972956ba8a444	23736	original/MagicMayhem_CD/Realms/Celtic/Swamp/CSsec41.nod
f768902c5666027779ddb9506235b0426a0f66cdda0d02d2a46ceaad791cbfed	15228	original/MagicMayhem_CD/Realms/Celtic/Swamp/CSsec41.tag
bc5de961972b28c06b78b5fa38b8c959ddaf03d5762f40ec56b4b951a70e6468	16	original/MagicMayhem_CD/Realms/Celtic/Swamp/CSsec42.evt
9eb9b98c8af9aee070ad8da0517b4f9090a7af956cc9e7c527c2a07dc0a1342d	14742	original/MagicMayhem_CD/Realms/Celtic/Swamp/CSsec42.map
4eea9f03f5de92bc6263f86eb827b05c91d378d3253e218cc308bc09fae5bfae	416	original/MagicMayhem_CD/Realms/Celtic/Swamp/CSsec42.mps
486a137b14cc873448d8e9445537830190bb58bae1f68d33629ad4aff28c7654	25218	original/MagicMayhem_CD/Realms/Celtic/Swamp/CSsec42.nod
f768902c5666027779ddb9506235b0426a0f66cdda0d02d2a46ceaad791cbfed	15228	original/MagicMayhem_CD/Realms/Celtic/Swamp/CSsec42.tag
bc5de961972b28c06b78b5fa38b8c959ddaf03d5762f40ec56b4b951a70e6468	16	original/MagicMayhem_CD/Realms/Celtic/Swamp/CSsec43.evt
8d693fea528fa4ab6d2b4c430e1d5e931b513addce1c228171d8475d988f4eaf	12070	original/MagicMayhem_CD/Realms/Celtic/Swamp/CSsec43.map
9f8937d14e0add55810d4336f4f0da082e2b992b6b59c0849b7c5c0ea000e3c6	376	original/MagicMayhem_CD/Realms/Celtic/Swamp/CSsec43.mps
feb9577bc87fea899769f13ce47462c06945f7bd17aac7a0b868890ffa6f3fd1	24724	original/MagicMayhem_CD/Realms/Celtic/Swamp/CSsec43.nod
f768902c5666027779ddb9506235b0426a0f66cdda0d02d2a46ceaad791cbfed	15228	original/MagicMayhem_CD/Realms/Celtic/Swamp/CSsec43.tag
bc5de961972b28c06b78b5fa38b8c959ddaf03d5762f40ec56b4b951a70e6468	16	original/MagicMayhem_CD/Realms/Celtic/Swamp/CSsec44.evt
3235d206f72469905e47fc7bef798ac6f92a87239bfd5489b47e7ad9bec756e3	13401	original/MagicMayhem_CD/Realms/Celtic/Swamp/CSsec44.map
0ef74824daf96720aa56cfdffcf671a5b1fa20b7f0b2ff3f1a2ba940e88fe692	376	original/MagicMayhem_CD/Realms/Celtic/Swamp/CSsec44.mps
73b9f9b70001617d4cb9ff59c3ec9b31532716bdeddba8a97ef7f8a5ad990690	22254	original/MagicMayhem_CD/Realms/Celtic/Swamp/CSsec44.nod
f768902c5666027779ddb9506235b0426a0f66cdda0d02d2a46ceaad791cbfed	15228	original/MagicMayhem_CD/Realms/Celtic/Swamp/CSsec44.tag
bc5de961972b28c06b78b5fa38b8c959ddaf03d5762f40ec56b4b951a70e6468	16	original/MagicMayhem_CD/Realms/Celtic/Swamp/CSsec45.evt
8b5137ebf4d304d8aa207564e445a24cd165b47bb7145e9b60eaf8cb1fc057f3	14651	original/MagicMayhem_CD/Realms/Celtic/Swamp/CSsec45.map
a54e8848f57b8fad7df91c7e572968cc09c9d869c332b3b5bd251adeaab6ab07	376	original/MagicMayhem_CD/Realms/Celtic/Swamp/CSsec45.mps
3d437b304af1048e8a44276c101a68c7aa6cc465d1164e57defa6102256d0645	18796	original/MagicMayhem_CD/Realms/Celtic/Swamp/CSsec45.nod
f768902c5666027779ddb9506235b0426a0f66cdda0d02d2a46ceaad791cbfed	15228	original/MagicMayhem_CD/Realms/Celtic/Swamp/CSsec45.tag
bc5de961972b28c06b78b5fa38b8c959ddaf03d5762f40ec56b4b951a70e6468	16	original/MagicMayhem_CD/Realms/Celtic/Swamp/CSsec46.evt
cb85308b5f0ff198d485883dd8c8c1b914efb5036f0cd879e17a4dfe53da49ef	13121	original/MagicMayhem_CD/Realms/Celtic/Swamp/CSsec46.map
c14a797ba930d6f88c2be39686210c761a8864066da57c448f5736931a86c16a	456	original/MagicMayhem_CD/Realms/Celtic/Swamp/CSsec46.mps
9180f344d145d056cdac4d01c8af7b022ed089b80c054f97e53fcee03789317e	23242	original/MagicMayhem_CD/Realms/Celtic/Swamp/CSsec46.nod
f768902c5666027779ddb9506235b0426a0f66cdda0d02d2a46ceaad791cbfed	15228	original/MagicMayhem_CD/Realms/Celtic/Swamp/CSsec46.tag
1c017f29943ff11cc58534dc79c1eab855562220df872770c301f3e433ae6f77	2161608	original/MagicMayhem_CD/Realms/Celtic/Swamp/Terrain.spr
f768902c5666027779ddb9506235b0426a0f66cdda0d02d2a46ceaad791cbfed	15228	original/MagicMayhem_CD/Realms/Celtic/Swamp/Terrain.tag
5e3cb91298488537ebe405bbb550ace1749f3a3cf85dc7669211b8760d65d0ba	451780	original/MagicMayhem_CD/Realms/Celtic/Swamp/Terrain.ttd
20016f5fce93b928e1a5701d8713a1a0c15d3a1453fa409bebf251647098960f	2272	original/MagicMayhem_CD/Realms/Celtic/Swamp/doors.ani
52e98dd4192d9155e8f08b0a6828a859c3220c156a6a7def7ce1c84a3feb3ebe	10948	original/MagicMayhem_CD/Realms/Celtic/Swamp/terrain.ani
977a1198fdd8f095963a38845a3a530f49b19a8d115cf911c58ed99605b601e5	1384	original/MagicMayhem_CD/Realms/Celtic/Tutorial/CTsec00.evt
c388b684e72097ef49e8b5beaa570b220564601a50b1feef8bd6a45ccb180a72	49557	original/MagicMayhem_CD/Realms/Celtic/Tutorial/CTsec00.map
47217f829cb9dac48e0c7ffc33d8f87b07abf9197cddeb1a3f611f0f51a2aeb8	1136	original/MagicMayhem_CD/Realms/Celtic/Tutorial/CTsec00.mps
d3b7ee7110cc42a1fc9ccedc9c767b568bb739f0778dd041599e90bd60eaaef9	65232	original/MagicMayhem_CD/Realms/Celtic/Tutorial/CTsec00.nod
36671d403f0e63b2e9af55716e4aefcc8629e5b7f23177b6300bf21e3c8d89ad	592	original/MagicMayhem_CD/Realms/Celtic/Tutorial/CTsec01.evt
1c07ce76641713c053b21980dfee7c577fc40c9158b1316dfa785b912a0f8310	49362	original/MagicMayhem_CD/Realms/Celtic/Tutorial/CTsec01.map
aa1fd264b7917333cfe1c4fc90b59f51a8a65a8f881bf5eb977995c61f92c5d8	1016	original/MagicMayhem_CD/Realms/Celtic/Tutorial/CTsec01.mps
dd4e776c2c3d09f595bcada455d1d67311f89128ace8fe97864467bdae4a0429	81040	original/MagicMayhem_CD/Realms/Celtic/Tutorial/CTsec01.nod
d623520556cbe02eea52b856d7bf6ff8d6472d3f7edb60422ab03acbfef25932	1024	original/MagicMayhem_CD/Realms/Celtic/Tutorial/CTsec02.evt
b5701bd5f6efc676bf053da853b1014fdfda69a69de3740b3c8aa39a13eeaf24	49161	original/MagicMayhem_CD/Realms/Celtic/Tutorial/CTsec02.map
67c545970a6807bfc7c8a8f2611adc8473706cfeecc6cb1e72c6e1dfd3bbcbe5	1016	original/MagicMayhem_CD/Realms/Celtic/Tutorial/CTsec02.mps
223f2a1dce51601824492568510505d53e5ef4ccb25756a605d5deb66506ee91	74124	original/MagicMayhem_CD/Realms/Celtic/Tutorial/CTsec02.nod
b9025a630e59f5c9102ef59f14861c4e13c5a90a1cca139112adb33d3b90ebec	1096	original/MagicMayhem_CD/Realms/Celtic/Tutorial/CTsec03.evt
7722e3c9a251dfe225bf2fde29ff32c8bcfb296b63d0466f6f50c0805535b7d9	49237	original/MagicMayhem_CD/Realms/Celtic/Tutorial/CTsec03.map
cd088f1f935654e84463bb7fa9ef9e9940cd4649dc55c50d95bd7badab21a059	976	original/MagicMayhem_CD/Realms/Celtic/Tutorial/CTsec03.mps
db7be46f8d811dd60bd397d71105e3b1e188e8f757af5b732009720f9f376392	73630	original/MagicMayhem_CD/Realms/Celtic/Tutorial/CTsec03.nod
63f6fca1ea5305ba305dc917b0ad18a4d3143b1f4736c5e38d2ee21df6f2ca32	3270784	original/MagicMayhem_CD/Realms/Celtic/Tutorial/Terrain.spr
ec5fd7944365b3b059a9d331e87838ea105a7ac111e8a23b022b7b874145f250	20940	original/MagicMayhem_CD/Realms/Celtic/Tutorial/Terrain.tag
6f662a53c80d694aeb77ba92557e0488a0c9f23a8ed774fc5b8e70393e4ba4a7	621236	original/MagicMayhem_CD/Realms/Celtic/Tutorial/Terrain.ttd
07ea89ca79aae70e07d7bfdc0e9d7adbff73c5b8e0cf8e1a84dedc991fbfecf5	6576	original/MagicMayhem_CD/Realms/Celtic/Tutorial/doors.ani
4e7f8e5e36fa0cdd8059b60d24f1eff9b110160c7fd817dc1b21be93da349704	11680	original/MagicMayhem_CD/Realms/Celtic/Tutorial/terrain.ani
d4492517ccfa36e0180c0293247126ae8feae172039208f63af1ee497ac3d0c7	736	original/MagicMayhem_CD/Realms/Celtic/Village/CVsec00.evt
355b51eb1a3eb30d8f79ef844d77810a00905847dd789ede8c3c5009aa709233	47743	original/MagicMayhem_CD/Realms/Celtic/Village/CVsec00.map
c5bd3d0dbcf44bc0f6007881e3abebe61a863ccec5fc2750919bf4d6a8d47664	1696	original/MagicMayhem_CD/Realms/Celtic/Village/CVsec00.mps
6d9669bb8180b70209c448174b381a205cadfaee2ad5648d489393f6e53f83b1	64738	original/MagicMayhem_CD/Realms/Celtic/Village/CVsec00.nod
ca7081d2697d12502f429f6119251f3cc590798831f4bf114ce5a2ef467ac341	592	original/MagicMayhem_CD/Realms/Celtic/Village/CVsec01.evt
f177ee9ec9b965a9ed33da004242a78eed8e0494fefeba8c09851ce80c2bd832	59922	original/MagicMayhem_CD/Realms/Celtic/Village/CVsec01.map
8421a68e994d842419ad35c4230995ee94f8d65af3abe3c34a8fd4450ad93972	1336	original/MagicMayhem_CD/Realms/Celtic/Village/CVsec01.mps
a0d68b4023a2ac6dd751e6fc036cc67d692768635bc9dc7d700c19d2e5d454d5	77582	original/MagicMayhem_CD/Realms/Celtic/Village/CVsec01.nod
4b9c94011af7f805172168227bae4ec1e28be9661a5b7dd35872ef47fe9efa9c	1024	original/MagicMayhem_CD/Realms/Celtic/Village/CVsec02.evt
30b59de6ced84b036a3d1dc636470c9c3f6b1a5ba7af0cd0ca195c07a1cd72e9	64752	original/MagicMayhem_CD/Realms/Celtic/Village/CVsec02.map
886e415feb6c0b25e936eca44b04422b4e9064201dd44e55dcadf1b8207fc315	1216	original/MagicMayhem_CD/Realms/Celtic/Village/CVsec02.mps
7c4e579085d92f927cfe7a4e6f892500626aa4530de1561a719ad342450b3ad3	43496	original/MagicMayhem_CD/Realms/Celtic/Village/CVsec02.nod
7661e971b62d445350d5d75d0c874db56a9becad2f62ab4dfef80d9325710fe6	1096	original/MagicMayhem_CD/Realms/Celtic/Village/CVsec03.evt
bb39390ccff77efcae1e67683033c1d66fdb80cfb9f8aeb178ba4527f2e4096b	63221	original/MagicMayhem_CD/Realms/Celtic/Village/CVsec03.map
8166f278b7293fa58829c00543e2039747810d9f4c044d7bed410081c96357ab	1216	original/MagicMayhem_CD/Realms/Celtic/Village/CVsec03.mps
49036c6281ff89d52b7e9ce3d17225657d3fa72eb967f604485105483249a299	57328	original/MagicMayhem_CD/Realms/Celtic/Village/CVsec03.nod
fb58e72bca27412d9467d84cf6abc9c27295910f147611fc06978be9209e4b21	520	original/MagicMayhem_CD/Realms/Celtic/Village/CVsec04.evt
2fbf76a5d7b575f5b2acdc84b16b2f218e33f39a7c973873dfedbf20d0f63c37	49380	original/MagicMayhem_CD/Realms/Celtic/Village/CVsec04.map
94e66eba84d331ac9e5a33bda2b8886040b546444bb8a460bc22a7caa779326f	1256	original/MagicMayhem_CD/Realms/Celtic/Village/CVsec04.mps
ffa5cf5baf20e9dc66b7c2b8f2a1410c742b31d83ed532026e0f56f69b39cc11	58316	original/MagicMayhem_CD/Realms/Celtic/Village/CVsec04.nod
6b90096ded578d094b6f84e04869fbf34729f3a4b86e04adf434d78ddf9efe64	448	original/MagicMayhem_CD/Realms/Celtic/Village/CVsec05.evt
dac3a576a1685cfabfe7e5d2441d7f7fa543cff03d4c1a38c8275df115cab8f0	13073	original/MagicMayhem_CD/Realms/Celtic/Village/CVsec05.map
9a2818ee974935d9d69f866e36fa5a45cf86aa279fb4b468539035f82764188d	416	original/MagicMayhem_CD/Realms/Celtic/Village/CVsec05.mps
7da7a5e6c9016e74547e864d5c0173a32f9f48f8ad998a4cb7814238776016bf	18796	original/MagicMayhem_CD/Realms/Celtic/Village/CVsec05.nod
e824180bce27f5dc2da2a39d3835e8199c48e3cbc82d9e84d42218ad157c4c38	448	original/MagicMayhem_CD/Realms/Celtic/Village/CVsec06.evt
3d69419004c8a86250f1703bcb2c9bfe3e1f524f373a7a3ed477a301b2cf9207	15491	original/MagicMayhem_CD/Realms/Celtic/Village/CVsec06.map
13fd098b3664ee086077fdf8de9c9544d70fd1ee82787ca9925dbc330dfee262	256	original/MagicMayhem_CD/Realms/Celtic/Village/CVsec06.mps
9fcb6771a8656f15ec2c5c3a32b62978425695fb04d768421a118275aba8d3d1	11386	original/MagicMayhem_CD/Realms/Celtic/Village/CVsec06.nod
bc5de961972b28c06b78b5fa38b8c959ddaf03d5762f40ec56b4b951a70e6468	16	original/MagicMayhem_CD/Realms/Celtic/Village/CVsec10.evt
673801958846bf722c156f24f3e987ebdc112811209692e5077d7af2670f1112	15766	original/MagicMayhem_CD/Realms/Celtic/Village/CVsec10.map
3d87ed4d47f61d75dab7f70448fe72eb74afa2d47ea6d3e2d8ee1feac3809a6e	616	original/MagicMayhem_CD/Realms/Celtic/Village/CVsec10.mps
332d9f2b7902bc9eaa7451ff80e19683d2ee311dcdb2999ec409c8f008c82c20	17808	original/MagicMayhem_CD/Realms/Celtic/Village/CVsec10.nod
bc5de961972b28c06b78b5fa38b8c959ddaf03d5762f40ec56b4b951a70e6468	16	original/MagicMayhem_CD/Realms/Celtic/Village/CVsec11.evt
16b019f5432ec6e1cd9c435bb9d7114a2504020c40109cf6a7f24d4a61029955	13800	original/MagicMayhem_CD/Realms/Celtic/Village/CVsec11.map
2646a785ad9ef745d3cf7e27f14713a7390deeb456bfad4440f47755f3ec1066	616	original/MagicMayhem_CD/Realms/Celtic/Village/CVsec11.mps
284bc17e072f862335521732fb1823d17b739b4bf91203fdab33c5497f8639e6	18796	original/MagicMayhem_CD/Realms/Celtic/Village/CVsec11.nod
bc5de961972b28c06b78b5fa38b8c959ddaf03d5762f40ec56b4b951a70e6468	16	original/MagicMayhem_CD/Realms/Celtic/Village/CVsec12.evt
c97f73477e5c954844eec5de3dd3a26ff58de3054baba3a685f0206c7c435f1d	11444	original/MagicMayhem_CD/Realms/Celtic/Village/CVsec12.map
06355ee055d2933553467567ddcc2be6fdbb58b75b55d6aeea92736535c35c2c	616	original/MagicMayhem_CD/Realms/Celtic/Village/CVsec12.mps
d5a47cf6cf93dade6b8c7127acf18c2c00d63c2bcc243c07ffe68955a25fa38a	10892	original/MagicMayhem_CD/Realms/Celtic/Village/CVsec12.nod
bc5de961972b28c06b78b5fa38b8c959ddaf03d5762f40ec56b4b951a70e6468	16	original/MagicMayhem_CD/Realms/Celtic/Village/CVsec13.evt
33d3639ef50855e4d5e9817c7ed12041f28fcb8dc1299a1173f8eebceb1d4439	8867	original/MagicMayhem_CD/Realms/Celtic/Village/CVsec13.map
2300fbdfcdd98a2cf1ff1f782bd5f1072a4610ad74d61645cba773b2609e163a	376	original/MagicMayhem_CD/Realms/Celtic/Village/CVsec13.mps
ae0e36ae42d048d534392b3ce0c95d2518719ae2506f0985cacc7b0fe9e03747	10892	original/MagicMayhem_CD/Realms/Celtic/Village/CVsec13.nod
bc5de961972b28c06b78b5fa38b8c959ddaf03d5762f40ec56b4b951a70e6468	16	original/MagicMayhem_CD/Realms/Celtic/Village/CVsec14.evt
9e23d178300ad0a48b1bbaf05dd4e86726939bf9f0ca624c561a4c4f332cb2a8	12590	original/MagicMayhem_CD/Realms/Celtic/Village/CVsec14.map
489d78340b497b8130997d2b7e6e45c03cd27e16609321547604d710b9a8aa7f	376	original/MagicMayhem_CD/Realms/Celtic/Village/CVsec14.mps
c29ea36091382f3c5c95dc03bd506eecb0eaae5dd457642fef13126cbccc52dd	8916	original/MagicMayhem_CD/Realms/Celtic/Village/CVsec14.nod
bc5de961972b28c06b78b5fa38b8c959ddaf03d5762f40ec56b4b951a70e6468	16	original/MagicMayhem_CD/Realms/Celtic/Village/CVsec15.evt
550418d6c4eec1b8090ade8008ce347652b01373ea8e0c7b16c6fa646d6b0787	8763	original/MagicMayhem_CD/Realms/Celtic/Village/CVsec15.map
721f044625147f141915053e4268b878b8e8e2b7f6fce7cd2c5a0fa1d57743e5	376	original/MagicMayhem_CD/Realms/Celtic/Village/CVsec15.mps
3a0ef55a2aa7422c9414dc51def1b9136e0833431082710f79fc7fc0039054e0	8422	original/MagicMayhem_CD/Realms/Celtic/Village/CVsec15.nod
bc5de961972b28c06b78b5fa38b8c959ddaf03d5762f40ec56b4b951a70e6468	16	original/MagicMayhem_CD/Realms/Celtic/Village/CVsec16.evt
6e0725d9ea26dff19fb3bdbb38576759a777657da43ca877ce0ad15d2536bc54	14105	original/MagicMayhem_CD/Realms/Celtic/Village/CVsec16.map
5d7dc5391921eab16c60dd5a58d5311e6de151145532393c38068c64f6e4115e	536	original/MagicMayhem_CD/Realms/Celtic/Village/CVsec16.mps
c414c9a481ee4bd29deca597dab631db67d16d9184f9542885654aec3e9217ce	10398	original/MagicMayhem_CD/Realms/Celtic/Village/CVsec16.nod
bc5de961972b28c06b78b5fa38b8c959ddaf03d5762f40ec56b4b951a70e6468	16	original/MagicMayhem_CD/Realms/Celtic/Village/CVsec17.evt
96864d0253c1900cec85892fe446f2f1f532b738d5805e48b70e64f4ec620bba	8712	original/MagicMayhem_CD/Realms/Celtic/Village/CVsec17.map
91e2937120e896b6951c6e5614e26448506f9319dff80d6756d73a4680f33dea	376	original/MagicMayhem_CD/Realms/Celtic/Village/CVsec17.mps
50f114c01a11b01c33a4b4e6beb24e6c90ea0dc401a0fed7d66c9acd4afed869	9410	original/MagicMayhem_CD/Realms/Celtic/Village/CVsec17.nod
bc5de961972b28c06b78b5fa38b8c959ddaf03d5762f40ec56b4b951a70e6468	16	original/MagicMayhem_CD/Realms/Celtic/Village/CVsec18.evt
48bac6f389e1a63d1cf4f707d3a419f520ee6a700caa5d090424fffe464f557e	13049	original/MagicMayhem_CD/Realms/Celtic/Village/CVsec18.map
476b05c13cb861c6deda938774582fea8ca651597e6221f09b75ada120088f64	616	original/MagicMayhem_CD/Realms/Celtic/Village/CVsec18.mps
720a1061d3b9f88840dade5d3717224b1afd492825d96983cf2c15d5bef7e2a1	16820	original/MagicMayhem_CD/Realms/Celtic/Village/CVsec18.nod
bc5de961972b28c06b78b5fa38b8c959ddaf03d5762f40ec56b4b951a70e6468	16	original/MagicMayhem_CD/Realms/Celtic/Village/CVsec19.evt
bc94bab8bf9487e0983e037f9ff656e124041362003ab0b44c1828e1331b092e	13392	original/MagicMayhem_CD/Realms/Celtic/Village/CVsec19.map
550878c1d269ea5778eefe090ef6cf143523f64dce0afbadcfafa39d01c813c5	536	original/MagicMayhem_CD/Realms/Celtic/Village/CVsec19.mps
8c0aaef5a0bd32e00a0cef00b366c42f5b6434ca483b8df4d2889a4df61ce08f	11386	original/MagicMayhem_CD/Realms/Celtic/Village/CVsec19.nod
bc5de961972b28c06b78b5fa38b8c959ddaf03d5762f40ec56b4b951a70e6468	16	original/MagicMayhem_CD/Realms/Celtic/Village/CVsec20.evt
50aca69e1a1d369a4b35f9eff34c0ee96a9340d6929128ad53303111e21544cd	13637	original/MagicMayhem_CD/Realms/Celtic/Village/CVsec20.map
d4831195076e95c15e728232d1f2af10907001b2031d3061e6263ba9535812a1	616	original/MagicMayhem_CD/Realms/Celtic/Village/CVsec20.mps
65229b707bd55423336510ab13a342d0867eda0758822fa8f07fc24b9da22322	15832	original/MagicMayhem_CD/Realms/Celtic/Village/CVsec20.nod
bc5de961972b28c06b78b5fa38b8c959ddaf03d5762f40ec56b4b951a70e6468	16	original/MagicMayhem_CD/Realms/Celtic/Village/CVsec21.evt
fcdabb34668dc296d5bc307df57e32de8dd44d2d352c3a324148904d1f52e11e	12948	original/MagicMayhem_CD/Realms/Celtic/Village/CVsec21.map
230647149cd4d1a76af7c4539b3f325672d8836c93b6138b4e6783e55c9f261f	616	original/MagicMayhem_CD/Realms/Celtic/Village/CVsec21.mps
a79f8f97202479c19d6364cdde2c5b89f1f332df0a28e974ac0c61623e20a5d5	15832	original/MagicMayhem_CD/Realms/Celtic/Village/CVsec21.nod
bc5de961972b28c06b78b5fa38b8c959ddaf03d5762f40ec56b4b951a70e6468	16	original/MagicMayhem_CD/Realms/Celtic/Village/CVsec22.evt
75f46eaf30bf239a9d8ebeac512e4ded2a0ebd8cc78d0cbb2d56c7dc75d0cebd	12844	original/MagicMayhem_CD/Realms/Celtic/Village/CVsec22.map
d8b6c8b45673e793225b0093d9f4f7f61a730ffc2366c024ae063771ef86a7fc	696	original/MagicMayhem_CD/Realms/Celtic/Village/CVsec22.mps
f668868b443dd353afe85306bd9174e52b586e1bf4b39bf9ed896c9854384f4f	14350	original/MagicMayhem_CD/Realms/Celtic/Village/CVsec22.nod
bc5de961972b28c06b78b5fa38b8c959ddaf03d5762f40ec56b4b951a70e6468	16	original/MagicMayhem_CD/Realms/Celtic/Village/CVsec23.evt
e312f60ad554f4dbb8656e8fa7d8781dfb44478f5b6e8cec45e5a4a3c85129bb	13089	original/MagicMayhem_CD/Realms/Celtic/Village/CVsec23.map
f26c7a878f43f30c9f56eaa40455d87f7a85b31bbf0ef6e5061fd4d97c06971f	736	original/MagicMayhem_CD/Realms/Celtic/Village/CVsec23.mps
27507cffda06ca1ef04a4541e23425e91735f3b4d445bc52b43b4c4bb9a975b4	15338	original/MagicMayhem_CD/Realms/Celtic/Village/CVsec23.nod
bc5de961972b28c06b78b5fa38b8c959ddaf03d5762f40ec56b4b951a70e6468	16	original/MagicMayhem_CD/Realms/Celtic/Village/CVsec24.evt
d99761a40b8f071a88ae791bd5228bc79bcabda5bc02f84c31dbf15554f9dfe8	13499	original/MagicMayhem_CD/Realms/Celtic/Village/CVsec24.map
0e5b5e09561e22aa780915b0fd39c7d0ed8a8eb214c4250d6e10a653e5cb0806	616	original/MagicMayhem_CD/Realms/Celtic/Village/CVsec24.mps
258b565381d89f72b2e91574f89db78502819a3b78084ab610798c9a57edf9af	13362	original/MagicMayhem_CD/Realms/Celtic/Village/CVsec24.nod
bc5de961972b28c06b78b5fa38b8c959ddaf03d5762f40ec56b4b951a70e6468	16	original/MagicMayhem_CD/Realms/Celtic/Village/CVsec25.evt
858932f14883be2588d29a9d6fe4f8c593e40642db878fd3776181e0f201943a	12855	original/MagicMayhem_CD/Realms/Celtic/Village/CVsec25.map
9278d98f5c9457be73a0c281a07dd3ceea1029616e19e0ccf63a38d339e1772a	736	original/MagicMayhem_CD/Realms/Celtic/Village/CVsec25.mps
f84de4e9e9befd3e2870da5aaea56bdffb6f15b511b0246dd93617f1e1f950b2	18302	original/MagicMayhem_CD/Realms/Celtic/Village/CVsec25.nod
bc5de961972b28c06b78b5fa38b8c959ddaf03d5762f40ec56b4b951a70e6468	16	original/MagicMayhem_CD/Realms/Celtic/Village/CVsec26.evt
8ae423a907fcc21cfbb1278f2faea478e5e2deb69b1cb1828c32449fbac511e3	13065	original/MagicMayhem_CD/Realms/Celtic/Village/CVsec26.map
6c5f68f33e7aff792ab8189239ee7f23c97650e704a607c8b410db665417205e	736	original/MagicMayhem_CD/Realms/Celtic/Village/CVsec26.mps
09d9602e5c475198fd207b2b70f905edea0d36cf7cae967306e90813fd211896	20772	original/MagicMayhem_CD/Realms/Celtic/Village/CVsec26.nod
bc5de961972b28c06b78b5fa38b8c959ddaf03d5762f40ec56b4b951a70e6468	16	original/MagicMayhem_CD/Realms/Celtic/Village/CVsec27.evt
f51005b94835972f3c42056dfc11928520befb806f251bc60cd68c65bdc9ea9a	12905	original/MagicMayhem_CD/Realms/Celtic/Village/CVsec27.map
bdf311614ecd1a2e060bc580115391f2eaebc2947a9776697942a56fe56a6799	616	original/MagicMayhem_CD/Realms/Celtic/Village/CVsec27.mps
8261a21f739918e6c44914b7bbe80bfa76bba215c0f0ae71e654d3789c681532	12868	original/MagicMayhem_CD/Realms/Celtic/Village/CVsec27.nod
bc5de961972b28c06b78b5fa38b8c959ddaf03d5762f40ec56b4b951a70e6468	16	original/MagicMayhem_CD/Realms/Celtic/Village/CVsec28.evt
f314d1cfd5dd93aab7aa65d47d55d7a04d2d96746a386b096ca5b964d27fa841	12944	original/MagicMayhem_CD/Realms/Celtic/Village/CVsec28.map
bf1f2818d813f250afa8b84ac5c0c50369843366ede482a710f1f3a6a9703e80	736	original/MagicMayhem_CD/Realms/Celtic/Village/CVsec28.mps
d47c5b59c2400489d9fe508430b843a48a455c4ca70c07361573b7e66925392a	18796	original/MagicMayhem_CD/Realms/Celtic/Village/CVsec28.nod
bc5de961972b28c06b78b5fa38b8c959ddaf03d5762f40ec56b4b951a70e6468	16	original/MagicMayhem_CD/Realms/Celtic/Village/CVsec29.evt
9a6847b2e3371fb1fd73905ecc25852aff57608db0e7a11aa7ea6c07375ec04e	13000	original/MagicMayhem_CD/Realms/Celtic/Village/CVsec29.map
cbdff428f7f02d6f3222234ffb9fac7f539f4c295e4631302169cfe379713593	736	original/MagicMayhem_CD/Realms/Celtic/Village/CVsec29.mps
c28ebc4395015e829ba96c0ffe512c35b6b29398f5c66b0ba5bb737dca429f80	19784	original/MagicMayhem_CD/Realms/Celtic/Village/CVsec29.nod
bc5de961972b28c06b78b5fa38b8c959ddaf03d5762f40ec56b4b951a70e6468	16	original/MagicMayhem_CD/Realms/Celtic/Village/CVsec30.evt
71992393709b375ddfb4ae04a8c2ed89ef91f4fe344500f74c925e3eb3f144c8	13056	original/MagicMayhem_CD/Realms/Celtic/Village/CVsec30.map
5c3a23d0dfd3e4614ac1c0018f142b94aca2593ba139022939cd3a4b1df03bc9	616	original/MagicMayhem_CD/Realms/Celtic/Village/CVsec30.mps
a67982e5deee6124ac40dde0cc12158eaf4d33f6970998a2d04819450584cc9f	21266	original/MagicMayhem_CD/Realms/Celtic/Village/CVsec30.nod
bc5de961972b28c06b78b5fa38b8c959ddaf03d5762f40ec56b4b951a70e6468	16	original/MagicMayhem_CD/Realms/Celtic/Village/CVsec31.evt
efa1123ad84a8987846875203f68986c7554705b19c3ee493475a41ddbd09723	13077	original/MagicMayhem_CD/Realms/Celtic/Village/CVsec31.map
2dcfcfd5e41847648f1bf05ca2928242eed210e493e6e527524866372a12f3b5	616	original/MagicMayhem_CD/Realms/Celtic/Village/CVsec31.mps
73d834659be799387d0b071b52bd4fc44ca194c80fcab05c1e2b989810f85258	19784	original/MagicMayhem_CD/Realms/Celtic/Village/CVsec31.nod
bc5de961972b28c06b78b5fa38b8c959ddaf03d5762f40ec56b4b951a70e6468	16	original/MagicMayhem_CD/Realms/Celtic/Village/CVsec32.evt
b6de452dd9178c41ae86e0ee8e10882496855738fb8316db8ac14438133cd086	12948	original/MagicMayhem_CD/Realms/Celtic/Village/CVsec32.map
f08386278b5d57d718a8b99c60ccc8ce5c477fba17ae8d473fac2a51b4d1585a	576	original/MagicMayhem_CD/Realms/Celtic/Village/CVsec32.mps
3936703db46a71b7a8470cc87239b203f433db603eb56a2dd5e92937fd0584fb	25218	original/MagicMayhem_CD/Realms/Celtic/Village/CVsec32.nod
bc5de961972b28c06b78b5fa38b8c959ddaf03d5762f40ec56b4b951a70e6468	16	original/MagicMayhem_CD/Realms/Celtic/Village/CVsec33.evt
9848d183d1b88687a48615ee90d740e9fb5734da27c9f0a2a93e86c7c199813e	14991	original/MagicMayhem_CD/Realms/Celtic/Village/CVsec33.map
57fcc00f04f84281d3cdf1346310ebab905ba6bfe3e048d97af66ca215ae910d	496	original/MagicMayhem_CD/Realms/Celtic/Village/CVsec33.mps
0429c12bd7e0c2dfd82841c602ab45e80cac9a644cfab3b926abde9194091dce	13856	original/MagicMayhem_CD/Realms/Celtic/Village/CVsec33.nod
bc5de961972b28c06b78b5fa38b8c959ddaf03d5762f40ec56b4b951a70e6468	16	original/MagicMayhem_CD/Realms/Celtic/Village/CVsec34.evt
0730553b2fafb612bcdd20b5d4b7fd0a97aa31db0010ce73bea9f6255d4eada5	13084	original/MagicMayhem_CD/Realms/Celtic/Village/CVsec34.map
c19a3c4fe32fed68d00a0c777f89772bfcdcaf596dbe4699d7f5fd8b4d627e49	616	original/MagicMayhem_CD/Realms/Celtic/Village/CVsec34.mps
84dde6d0b433837097aafc83e046e363061068546c272c1e6095f62c7d88d9b9	20278	original/MagicMayhem_CD/Realms/Celtic/Village/CVsec34.nod
bc5de961972b28c06b78b5fa38b8c959ddaf03d5762f40ec56b4b951a70e6468	16	original/MagicMayhem_CD/Realms/Celtic/Village/CVsec35.evt
cf867d7f0a83ed94a804eed5f299b84d9276cc528b1a21661a7432591cbd0b19	12887	original/MagicMayhem_CD/Realms/Celtic/Village/CVsec35.map
5c75286ea8ec54dfb9abb3671e885596f50fc5325facfcf578ce178e6124f44c	536	original/MagicMayhem_CD/Realms/Celtic/Village/CVsec35.mps
557e34112adf28b822bf44f6d60d68df1c4d9e884da2c8a6139d24fffb57a365	21266	original/MagicMayhem_CD/Realms/Celtic/Village/CVsec35.nod
bc5de961972b28c06b78b5fa38b8c959ddaf03d5762f40ec56b4b951a70e6468	16	original/MagicMayhem_CD/Realms/Celtic/Village/CVsec36.evt
d37e68104af10c7ec5453e3af25a59bf034db36341e45d2cf47ef54285e5e7ed	12978	original/MagicMayhem_CD/Realms/Celtic/Village/CVsec36.map
5ecfdd5dd4d263fd5a47e54e522f6d96c0f413579ddd370523f83e79f1a0c781	536	original/MagicMayhem_CD/Realms/Celtic/Village/CVsec36.mps
77e3bf505db7a6653ea7a914e6c485a13577a3395b2292f66ed8dbbbe2fb5e58	18302	original/MagicMayhem_CD/Realms/Celtic/Village/CVsec36.nod
bc5de961972b28c06b78b5fa38b8c959ddaf03d5762f40ec56b4b951a70e6468	16	original/MagicMayhem_CD/Realms/Celtic/Village/CVsec37.evt
2eabecd90044b7c2fc9b5511577fb0f80ba684d1a276635c22536d7ab95bb072	12975	original/MagicMayhem_CD/Realms/Celtic/Village/CVsec37.map
f2c3e25459926722a7c70b6b026443789c4eda9ba1027890f30e466cbfdb19e4	616	original/MagicMayhem_CD/Realms/Celtic/Village/CVsec37.mps
ad359ab481b40715a096423180939d52950c30c15a89d32ffca58820655be4c5	19784	original/MagicMayhem_CD/Realms/Celtic/Village/CVsec37.nod
bc5de961972b28c06b78b5fa38b8c959ddaf03d5762f40ec56b4b951a70e6468	16	original/MagicMayhem_CD/Realms/Celtic/Village/CVsec38.evt
48d75662073ffc825ccf657a06341b54e6d46c0d5d4d53c77f1a393f768999d5	13010	original/MagicMayhem_CD/Realms/Celtic/Village/CVsec38.map
b9625a2a6172acdd268df84f319f1bf10da0dd1ce8c5604b4b08d40e4ed5fab8	736	original/MagicMayhem_CD/Realms/Celtic/Village/CVsec38.mps
212cd2edb14a2568b018c535d2d7054e6416d966e652e89143bf588a3aab90d8	21760	original/MagicMayhem_CD/Realms/Celtic/Village/CVsec38.nod
bc5de961972b28c06b78b5fa38b8c959ddaf03d5762f40ec56b4b951a70e6468	16	original/MagicMayhem_CD/Realms/Celtic/Village/CVsec39.evt
4d10b07cc1e16ce0ed5b1fd7b11c6c978c3f6b43c40dbfb2619f87bbc9dd3923	12947	original/MagicMayhem_CD/Realms/Celtic/Village/CVsec39.map
a4eb021448c04ef09155f31413eb22922257677a9a7a97667ceaa5a7e4c01a3a	616	original/MagicMayhem_CD/Realms/Celtic/Village/CVsec39.mps
f0ce495adbaf9cb51b67677327d4513db12b68e0ee15b41b5a26da9eb5337e48	16326	original/MagicMayhem_CD/Realms/Celtic/Village/CVsec39.nod
bc5de961972b28c06b78b5fa38b8c959ddaf03d5762f40ec56b4b951a70e6468	16	original/MagicMayhem_CD/Realms/Celtic/Village/CVsec40.evt
946bf6cb9fb2619464fb1d573a16a35c1d162d6864e702127ad9698713ef6d74	12927	original/MagicMayhem_CD/Realms/Celtic/Village/CVsec40.map
1e10f4a2a5525294bcd749a8e8305ad989673daf66577e75cbf64f9d797fdd54	536	original/MagicMayhem_CD/Realms/Celtic/Village/CVsec40.mps
58bf6ad89f734a609c56646d8285045db6121010bd3a4007175188dfc712d1ad	17314	original/MagicMayhem_CD/Realms/Celtic/Village/CVsec40.nod
bc5de961972b28c06b78b5fa38b8c959ddaf03d5762f40ec56b4b951a70e6468	16	original/MagicMayhem_CD/Realms/Celtic/Village/CVsec41.evt
d152524eb0057f5fe3225426f31d48fd84612d4563ce595e40b345c933201b14	12869	original/MagicMayhem_CD/Realms/Celtic/Village/CVsec41.map
199b98d501c620636a2e21d74d6bc1a235d31b26f8f8b21890be055cf86a6fe6	536	original/MagicMayhem_CD/Realms/Celtic/Village/CVsec41.mps
714810d1a75364cd5046908b446dc9cd68649a33469366646a10ab8659b8ed4b	19290	original/MagicMayhem_CD/Realms/Celtic/Village/CVsec41.nod
bc5de961972b28c06b78b5fa38b8c959ddaf03d5762f40ec56b4b951a70e6468	16	original/MagicMayhem_CD/Realms/Celtic/Village/CVsec42.evt
cbb7080c39f64817870f5cd9e6b5f18f5cb0056510f2ea1cd4b7b62b938edbe2	12947	original/MagicMayhem_CD/Realms/Celtic/Village/CVsec42.map
537ad46696035fdb23fa658e0ffe8b91ee644fb2759e5ed2bb04c3eaddeb033c	536	original/MagicMayhem_CD/Realms/Celtic/Village/CVsec42.mps
87bc4d714ea9a7cac534befac32ae614e88596fd7e31f65b14a43b7a1937a20a	15832	original/MagicMayhem_CD/Realms/Celtic/Village/CVsec42.nod
bc5de961972b28c06b78b5fa38b8c959ddaf03d5762f40ec56b4b951a70e6468	16	original/MagicMayhem_CD/Realms/Celtic/Village/CVsec43.evt
708720a783c67206c7642d28a7185adbbbfea8ee7da31d92c71f2556ebad7c76	7674	original/MagicMayhem_CD/Realms/Celtic/Village/CVsec43.map
c0cb83a6d21bb04cfc5a79a7c206664e70981359567c493abe339f583018849d	376	original/MagicMayhem_CD/Realms/Celtic/Village/CVsec43.mps
9d1934f2ceb7bd8fc2bed01919a85ee091224a36291c7a6aa599384c4d1c7157	12868	original/MagicMayhem_CD/Realms/Celtic/Village/CVsec43.nod
bc5de961972b28c06b78b5fa38b8c959ddaf03d5762f40ec56b4b951a70e6468	16	original/MagicMayhem_CD/Realms/Celtic/Village/CVsec44.evt
ab5b0d5b589997290595c9df64e25a91bd87a3e87928330010ecc8bd539f9e69	7708	original/MagicMayhem_CD/Realms/Celtic/Village/CVsec44.map
4f1f2dc38b2d856ae64e200b92f2b9e46d571723c891097508982fa4e8ca6b69	376	original/MagicMayhem_CD/Realms/Celtic/Village/CVsec44.mps
8671e95b7c77ac9477f33cb9f20674d7e66cc5bdf803a08e0ac4e101425e0fda	11880	original/MagicMayhem_CD/Realms/Celtic/Village/CVsec44.nod
bc5de961972b28c06b78b5fa38b8c959ddaf03d5762f40ec56b4b951a70e6468	16	original/MagicMayhem_CD/Realms/Celtic/Village/CVsec99.evt
66b9839a00b045d381d30f41e58b5f9d84fd4e45b0052dc4506fa49cec670d4d	12824	original/MagicMayhem_CD/Realms/Celtic/Village/CVsec99.map
2735095566be5ab2eb64c3bb299dbc2c7cceb8636e690302f35c439727193a5e	56	original/MagicMayhem_CD/Realms/Celtic/Village/CVsec99.mps
9956b25208e2f0a2b979a892977536c70f9d62c4ffe6f1369d9386e4c45b60d8	10398	original/MagicMayhem_CD/Realms/Celtic/Village/CVsec99.nod
baa69f075fa9f6930f6aa4de086fdc20b8ccbd69a00f730b709a2690f5ccd277	3316852	original/MagicMayhem_CD/Realms/Celtic/Village/Terrain.spr
932ac96c56f909cfd2598c759f4708d6e52a34bb895a0a4410f3e9e5dc9b5ba8	21192	original/MagicMayhem_CD/Realms/Celtic/Village/Terrain.tag
a146390078348e859b1a7177a6496fcd7ae376db96b8ef0e782ea2c6c06c8f34	628712	original/MagicMayhem_CD/Realms/Celtic/Village/Terrain.ttd
43d9437d29baec4b8e5a19f22106c0631bffcfd91ab1d1130f907e9b668bdcc1	4944	original/MagicMayhem_CD/Realms/Celtic/Village/doors.ani
202a24edaa1812b2abdb54ca7684dd983d24eed8f618fdce1c31544e4bccdbf1	11680	original/MagicMayhem_CD/Realms/Celtic/Village/terrain.ani
422aff8e95aae9ffd98f5a390b9e67c223a2954736d37b5aad52fa0819c357ae	2944	original/MagicMayhem_CD/Realms/Greek/Delphi/Doors.ani
f3ffec47ee9f7f1941898a949cdcc29eab2432afe972f82ce19b9d5f17750baa	376	original/MagicMayhem_CD/Realms/Greek/Delphi/GVsec03.evt
ca73300caed71e42a709405ee8355923ac11426ff2a6a6e39d5d8b4b63f836a8	74358	original/MagicMayhem_CD/Realms/Greek/Delphi/GVsec03.map
818baa036520589e70dd8893dedefadbf865d3bcdc7d54a3da3dfa01604d0ee9	1296	original/MagicMayhem_CD/Realms/Greek/Delphi/GVsec03.mps
5aac619cc775dfa1dc0163b2fd42cc4248028e44be35c845aad40cbf8c5060ed	70172	original/MagicMayhem_CD/Realms/Greek/Delphi/GVsec03.nod
a205ece8dc275805bb874bc547d991e3b08e27ccc1d619530796b278e053cd5d	88	original/MagicMayhem_CD/Realms/Greek/Delphi/GVsec06.evt
f70bec1d278f926eb57b93f68c1c9b01f832b080b306c4e59d70a5a34538eedc	12549	original/MagicMayhem_CD/Realms/Greek/Delphi/GVsec06.map
8e18e579a88ab24c434295bd7aa9e9ca177c002e3e2a90a71503f871d61b3297	416	original/MagicMayhem_CD/Realms/Greek/Delphi/GVsec06.mps
70468735bd3aed6d42a9597a2d285758c872b276321e0f28f2d0bebc6aec237d	19290	original/MagicMayhem_CD/Realms/Greek/Delphi/GVsec06.nod
ea47f765c35781e7c9a1d006ae963f167fd8cfdae814e41909dd0de5033114a6	448	original/MagicMayhem_CD/Realms/Greek/Delphi/GVsec09.evt
1b9cdfb80a5bf4c3f1910ebda1f44cb36a18e23743b69c34b3ef1376dc5a193e	12736	original/MagicMayhem_CD/Realms/Greek/Delphi/GVsec09.map
44d01878a8e27295f938bf0ddfb61e13023f5ce61ab8b02f7d6a334214a5aeae	616	original/MagicMayhem_CD/Realms/Greek/Delphi/GVsec09.mps
edf8486d690dde72cff3e065461df5e9bdb9b67fc5ab68450285627a85b5fb54	17314	original/MagicMayhem_CD/Realms/Greek/Delphi/GVsec09.nod
bc5de961972b28c06b78b5fa38b8c959ddaf03d5762f40ec56b4b951a70e6468	16	original/MagicMayhem_CD/Realms/Greek/Delphi/GVsec10.evt
3777448fa7f41c021a334aa6ff1fe0ec6bb6b9b621c5425a43ff65e2d24b4dce	12854	original/MagicMayhem_CD/Realms/Greek/Delphi/GVsec10.map
74702a1e281debf5abf00ce8baba39b4ae6707e0da742bb739d3fb23f067e0b9	856	original/MagicMayhem_CD/Realms/Greek/Delphi/GVsec10.mps
054b28c315d327721aaef98cfff443647193d0a4aed713e96ec334de470d1ac7	16820	original/MagicMayhem_CD/Realms/Greek/Delphi/GVsec10.nod
bc5de961972b28c06b78b5fa38b8c959ddaf03d5762f40ec56b4b951a70e6468	16	original/MagicMayhem_CD/Realms/Greek/Delphi/GVsec11.evt
a1a792a1c39d9af103a7781120ef104c8a02f709027a0c7ddc03ca61b3fc7537	12764	original/MagicMayhem_CD/Realms/Greek/Delphi/GVsec11.map
09daabcf18061d93f3cc6522178b34d07a175653b5bdc3903c89a3522a5966b4	736	original/MagicMayhem_CD/Realms/Greek/Delphi/GVsec11.mps
e1169e227e711903de28ec740f0409f1451ef14489cb0432cf641b38b455fee1	17314	original/MagicMayhem_CD/Realms/Greek/Delphi/GVsec11.nod
bc5de961972b28c06b78b5fa38b8c959ddaf03d5762f40ec56b4b951a70e6468	16	original/MagicMayhem_CD/Realms/Greek/Delphi/GVsec12.evt
24973edf1e8f1e5d7b4b51eddf3bd2bc8de42e475daf3bad4278238674b97046	12980	original/MagicMayhem_CD/Realms/Greek/Delphi/GVsec12.map
9716d36cd6e30b1ed265c242ab75e34e6d9d3328c0ad9beb00bcee6828fd2736	736	original/MagicMayhem_CD/Realms/Greek/Delphi/GVsec12.mps
0c1103c6b02f3f3c69096ed4082acc8e6f7718548af2e9eda6ead591561a09dc	18302	original/MagicMayhem_CD/Realms/Greek/Delphi/GVsec12.nod
af41273c84f86e8d0cdcaf4eda1fcfeebc6a27b12e7924ceb40a7818794c601e	304	original/MagicMayhem_CD/Realms/Greek/Delphi/GVsec13.evt
303e597c96f8b603901cb9181a29a547d3cc7da5dddc6298ea1c79f0a8434ceb	12790	original/MagicMayhem_CD/Realms/Greek/Delphi/GVsec13.map
214d974178f38466809c82b7dae7122a49da80de138ae8f83c8cde1bba32ead5	856	original/MagicMayhem_CD/Realms/Greek/Delphi/GVsec13.mps
cb7d3503f920eebe6507731f211d4ed553f17addc18e44a21a51893db069f4f9	16820	original/MagicMayhem_CD/Realms/Greek/Delphi/GVsec13.nod
bc5de961972b28c06b78b5fa38b8c959ddaf03d5762f40ec56b4b951a70e6468	16	original/MagicMayhem_CD/Realms/Greek/Delphi/GVsec14.evt
32e9c64ab2a48e19b8b78595ba47bf3d39d6ed4494b2e547ffabf28e52e180da	12783	original/MagicMayhem_CD/Realms/Greek/Delphi/GVsec14.map
b3686d7ae7d042d23827bec3a69958bb53376e7adafa57c3719fcedc3816a65f	816	original/MagicMayhem_CD/Realms/Greek/Delphi/GVsec14.mps
ec19256cfdab569f470ead35827bf42054df1956ddf0e69accd4cdd394a8e21d	14350	original/MagicMayhem_CD/Realms/Greek/Delphi/GVsec14.nod
bc5de961972b28c06b78b5fa38b8c959ddaf03d5762f40ec56b4b951a70e6468	16	original/MagicMayhem_CD/Realms/Greek/Delphi/GVsec15.evt
4e5a3d0876d7258de2f81fa7be6a9dfdca9a1f78670e2af5d58a9a83b2f965ca	12915	original/MagicMayhem_CD/Realms/Greek/Delphi/GVsec15.map
5ab98b1f70f0cc4bbd6d83e3ee08e84792cfc451e6543cb5dacce1fc0577c5c5	816	original/MagicMayhem_CD/Realms/Greek/Delphi/GVsec15.mps
a2572bb516d3fd6817ce91cd88fcbc4ec1143eaa7f024a2fd4cffc545029f1d3	15338	original/MagicMayhem_CD/Realms/Greek/Delphi/GVsec15.nod
bc5de961972b28c06b78b5fa38b8c959ddaf03d5762f40ec56b4b951a70e6468	16	original/MagicMayhem_CD/Realms/Greek/Delphi/GVsec16.evt
2ab5131c4aaa2a7454237aff2bd1b16fead9766ecbf21a37429fae716bf3b128	12948	original/MagicMayhem_CD/Realms/Greek/Delphi/GVsec16.map
6de6bf529ba3ef9df7f54a86e1ac4ed30bc553d882993baf97dbdcd94c8d7f2b	816	original/MagicMayhem_CD/Realms/Greek/Delphi/GVsec16.mps
a0e56b320481cc67f54d6ff7a3413187725dc65b6a7cbb715d1f2291a90c3f0f	19784	original/MagicMayhem_CD/Realms/Greek/Delphi/GVsec16.nod
bc5de961972b28c06b78b5fa38b8c959ddaf03d5762f40ec56b4b951a70e6468	16	original/MagicMayhem_CD/Realms/Greek/Delphi/GVsec17.evt
7b6396a74ac7b7002e3242bc969c8745e052c3a041a878992b120e2edef82c17	13065	original/MagicMayhem_CD/Realms/Greek/Delphi/GVsec17.map
3f269aa4b6b8b16b55aee2f4e354ded4fb6da84dcbbd0a587f82dec27e5fc508	896	original/MagicMayhem_CD/Realms/Greek/Delphi/GVsec17.mps
5250500e47610c3cb0167a4f3fab193ea936b804110701858af1f5ce1b517ccb	19290	original/MagicMayhem_CD/Realms/Greek/Delphi/GVsec17.nod
bc5de961972b28c06b78b5fa38b8c959ddaf03d5762f40ec56b4b951a70e6468	16	original/MagicMayhem_CD/Realms/Greek/Delphi/GVsec18.evt
9512e97a7ae5e58a91ac825a99a01878be4b8413438e86e4ed3e03ce8359282c	12647	original/MagicMayhem_CD/Realms/Greek/Delphi/GVsec18.map
4292c14091e7fbb525b578afcf9ad3d69a32a60a0b611a0d0f84d4da9470e8ae	816	original/MagicMayhem_CD/Realms/Greek/Delphi/GVsec18.mps
9f12055c024c7adb01bca26756bf45eda18b5348086956406b1ad5f01c574dee	14350	original/MagicMayhem_CD/Realms/Greek/Delphi/GVsec18.nod
7c1aef3cc729ea1383bfea7f4618aadc4fb1cbfceac3659504afb50ef8df940b	88	original/MagicMayhem_CD/Realms/Greek/Delphi/GVsec19.evt
cd6f561efe14133be9c1f85f2cbde8357e07ad73f8975d1ab86f19863523c681	12735	original/MagicMayhem_CD/Realms/Greek/Delphi/GVsec19.map
00c472597a38c1a25bb47d443868d2c456694c4444c404c9aad256f5840a3bcd	696	original/MagicMayhem_CD/Realms/Greek/Delphi/GVsec19.mps
9e36be9b1c01f64d5253466c9a0c04d595c1270914cc2bd83a67b458cdc0644f	13362	original/MagicMayhem_CD/Realms/Greek/Delphi/GVsec19.nod
bc5de961972b28c06b78b5fa38b8c959ddaf03d5762f40ec56b4b951a70e6468	16	original/MagicMayhem_CD/Realms/Greek/Delphi/GVsec40.evt
dfa6557b32203eed4d24d43c2b48531dc980ccf43d65855f39810ac2e718d111	12874	original/MagicMayhem_CD/Realms/Greek/Delphi/GVsec40.map
4e2193a8898b76cfbdcc0c8d20d2709dbf72def602431b4a49931fe6ce5e89e6	536	original/MagicMayhem_CD/Realms/Greek/Delphi/GVsec40.mps
64ab36d3b773fc542630ed776d4e244a08839e0f399d999a0a0be5222dea4e69	19290	original/MagicMayhem_CD/Realms/Greek/Delphi/GVsec40.nod
bc5de961972b28c06b78b5fa38b8c959ddaf03d5762f40ec56b4b951a70e6468	16	original/MagicMayhem_CD/Realms/Greek/Delphi/GVsec41.evt
ba9789f7eee42476230926ed6de01222f1f69746e89770437ef08b41509010d2	12357	original/MagicMayhem_CD/Realms/Greek/Delphi/GVsec41.map
5be9c5591fe7479552dbdd2bbcb61cae43e4db4eb4328c81fd6ad3b3b7c92b62	456	original/MagicMayhem_CD/Realms/Greek/Delphi/GVsec41.mps
c19efb47a539ecb51508750b1d00dfcf071fab93a838fa7d32ff0f89e96e7a28	15832	original/MagicMayhem_CD/Realms/Greek/Delphi/GVsec41.nod
bc5de961972b28c06b78b5fa38b8c959ddaf03d5762f40ec56b4b951a70e6468	16	original/MagicMayhem_CD/Realms/Greek/Delphi/GVsec42.evt
274f08f4265b854d2530ca72c4126b3819e3c834f1189603d81210607e1d3e68	12370	original/MagicMayhem_CD/Realms/Greek/Delphi/GVsec42.map
eba2928feeea83743c08e8af8370d12514df5ed50aaf95b30cf13e1044ea4727	456	original/MagicMayhem_CD/Realms/Greek/Delphi/GVsec42.mps
d9d2fb5eb7711f0144160259d63d0f82c69e6896cc6637fc13b1fb99346497af	16820	original/MagicMayhem_CD/Realms/Greek/Delphi/GVsec42.nod
bc5de961972b28c06b78b5fa38b8c959ddaf03d5762f40ec56b4b951a70e6468	16	original/MagicMayhem_CD/Realms/Greek/Delphi/GVsec43.evt
edb6e9edc54ca93662e37e1530af2fb2b319502e6337a24e6857826932cb0c38	12499	original/MagicMayhem_CD/Realms/Greek/Delphi/GVsec43.map
17b6f56b0929ed7c7f8d74e7c40d8bf3c342b7efa0387ea2a670480b5f7b9d88	416	original/MagicMayhem_CD/Realms/Greek/Delphi/GVsec43.mps
f0d488b1f1d44ee5a84a674b69309689aba68e3a8c347fa0a4e9ad8cbe3c422f	20278	original/MagicMayhem_CD/Realms/Greek/Delphi/GVsec43.nod
bc5de961972b28c06b78b5fa38b8c959ddaf03d5762f40ec56b4b951a70e6468	16	original/MagicMayhem_CD/Realms/Greek/Delphi/GVsec44.evt
cb33f3580500dc3a767c8d74e0304767923596526b56711f32430575e0e0787d	12803	original/MagicMayhem_CD/Realms/Greek/Delphi/GVsec44.map
ec42bc401ec9465b48beaaa2c94e0b8c289802850385159eecf3d8e8ac6cd0e5	376	original/MagicMayhem_CD/Realms/Greek/Delphi/GVsec44.mps
a696bd7269ac428f6941decfdfa1a655a8a282cc6034f985b10dd4c1069383a0	18302	original/MagicMayhem_CD/Realms/Greek/Delphi/GVsec44.nod
bc5de961972b28c06b78b5fa38b8c959ddaf03d5762f40ec56b4b951a70e6468	16	original/MagicMayhem_CD/Realms/Greek/Delphi/GVsec45.evt
11d9b066f31a739cbdd2ee40f0d335276ad6575e5e798942e6907097029abbf0	12736	original/MagicMayhem_CD/Realms/Greek/Delphi/GVsec45.map
e21051a069fdff55832ed5a1af252f13dd022e5e4dce91fd828af2ff4d0a70e9	576	original/MagicMayhem_CD/Realms/Greek/Delphi/GVsec45.mps
2c5df4e6499003b8adefd524f11d8c99cdc5ade4f87b6cd6d044896896c1df53	18796	original/MagicMayhem_CD/Realms/Greek/Delphi/GVsec45.nod
bc5de961972b28c06b78b5fa38b8c959ddaf03d5762f40ec56b4b951a70e6468	16	original/MagicMayhem_CD/Realms/Greek/Delphi/GVsec46.evt
3422b65bf8653ac41fd52c51a15a3d949760bf6f0ed6188e15b838549b87c376	12781	original/MagicMayhem_CD/Realms/Greek/Delphi/GVsec46.map
267c259d725ad32000a73aeb84923c6aa815c1611fbab6dc9aeda6289f53f546	616	original/MagicMayhem_CD/Realms/Greek/Delphi/GVsec46.mps
c50392e3a97df357da5b7a9118bb9471b0d840e98f4e13fb9acadcd93e653c86	20772	original/MagicMayhem_CD/Realms/Greek/Delphi/GVsec46.nod
bc5de961972b28c06b78b5fa38b8c959ddaf03d5762f40ec56b4b951a70e6468	16	original/MagicMayhem_CD/Realms/Greek/Delphi/GVsec47.evt
2251381bae69eb3667ff35829f8d3e860e7c173181e27b74f4c0d23c971780c3	12840	original/MagicMayhem_CD/Realms/Greek/Delphi/GVsec47.map
51020ffcc2f3a3e2feb4f6cae66404163508049f08ec7d4ae06553921743f474	496	original/MagicMayhem_CD/Realms/Greek/Delphi/GVsec47.mps
35f9958cd5b9142ffa5357184a0abbe8853d20aa2258d2feaa1c02f57af718dd	20278	original/MagicMayhem_CD/Realms/Greek/Delphi/GVsec47.nod
bc5de961972b28c06b78b5fa38b8c959ddaf03d5762f40ec56b4b951a70e6468	16	original/MagicMayhem_CD/Realms/Greek/Delphi/GVsec48.evt
c5f7e64cb967944ac3f7f49d60bd5172dd1e28e4e66ebfb97b10a1b4cae59596	12816	original/MagicMayhem_CD/Realms/Greek/Delphi/GVsec48.map
0c7be0cce9c3b5d977545bbf02b568f00d5684eb6dbadfb97d6c1a72cfb27a9b	536	original/MagicMayhem_CD/Realms/Greek/Delphi/GVsec48.mps
e80fcf32272e0e1e97799592f0acce3c406c5927a76ed5758a7054fd95bd5172	18302	original/MagicMayhem_CD/Realms/Greek/Delphi/GVsec48.nod
bc5de961972b28c06b78b5fa38b8c959ddaf03d5762f40ec56b4b951a70e6468	16	original/MagicMayhem_CD/Realms/Greek/Delphi/GVsec49.evt
e2d0b1ab06779334ac649d7b48d50a799ebf784f072b0adc42daa46d6724c05f	12763	original/MagicMayhem_CD/Realms/Greek/Delphi/GVsec49.map
2502ec9d27a282811786bd9166f0ff9682d20d485a62922eb852d0df0be1fbd1	536	original/MagicMayhem_CD/Realms/Greek/Delphi/GVsec49.mps
fcffe22532e2fd847334af1d743d98cbce290c15318266f59f2e939b0d4827d0	18302	original/MagicMayhem_CD/Realms/Greek/Delphi/GVsec49.nod
e877604a82cbdc538465c98b81ca10d0d74930b497085ca0ec469fa373a0fbce	448	original/MagicMayhem_CD/Realms/Greek/Delphi/GVsec60.evt
b4fbbf613dfc600aff42d3adfc176d3f76e0d55a7836ef6db93475fb4822416d	12838	original/MagicMayhem_CD/Realms/Greek/Delphi/GVsec60.map
7b6a5af7de33307d0d7544c7622828a8e2aa34e1483e2be29268fae5f6584321	456	original/MagicMayhem_CD/Realms/Greek/Delphi/GVsec60.mps
f93d5e245973ccacce82f37c84f23400df8f71638e5ba3da350d977643dad124	15338	original/MagicMayhem_CD/Realms/Greek/Delphi/GVsec60.nod
c0aeb26deaf192c3d2a4e0c473cec8b4d6a2f47012b83b7973eb53ced3fd4dee	520	original/MagicMayhem_CD/Realms/Greek/Delphi/GVsec61.evt
c45b23a2a4211331b2b3b53aac9c5dd70c512635a565e92500d4bc332af23637	12907	original/MagicMayhem_CD/Realms/Greek/Delphi/GVsec61.map
530afbe848e7ebfa3461a5a1c85e13841586cb741a035d76b4efb4fccb6cdadf	456	original/MagicMayhem_CD/Realms/Greek/Delphi/GVsec61.mps
677d724be56d5eee23af98a807404d87568148d7fe3e4de5333a7e9b81b1f615	23736	original/MagicMayhem_CD/Realms/Greek/Delphi/GVsec61.nod
5accc115de3bcaa2e688670429877de882ae4b52030b4e7c4ef74e1ec7d78761	376	original/MagicMayhem_CD/Realms/Greek/Forest/GFsec00.evt
8e29acbaa250eb19078ac0f7e96cf38a289c397072e02577af5566ffb5c57dce	62695	original/MagicMayhem_CD/Realms/Greek/Forest/GFsec00.map
b473ccebcee97bd9a336b77008fc059a9005e4ed1775fe31f7a5c80c97044d8a	976	original/MagicMayhem_CD/Realms/Greek/Forest/GFsec00.mps
6f03319104f4962fb9f1e42d0ab3c532312a898707e6a775345f03e3804c648f	56834	original/MagicMayhem_CD/Realms/Greek/Forest/GFsec00.nod
f2825c0374ebed50f6695d6c1cd9b35ef662b4831f2a350933b06f56f244996a	520	original/MagicMayhem_CD/Realms/Greek/Forest/GFsec01.evt
3ebe051af7c05b7129c94a842c8d011ebae7a8144e2047c346eb35e48c1795a5	70050	original/MagicMayhem_CD/Realms/Greek/Forest/GFsec01.map
d58c6b1d80edf064fcb5fc495abf6cc396ac02e4f77a0344b7858da0e6c1c354	1536	original/MagicMayhem_CD/Realms/Greek/Forest/GFsec01.mps
e92ab25bf346970e79555425a9bac4afacbf771347f998ea6f117f09e5892cad	50906	original/MagicMayhem_CD/Realms/Greek/Forest/GFsec01.nod
e76912a1924cd3ed525e1eedb1abbb27109083a05671286c545eb583cf307bd2	1168	original/MagicMayhem_CD/Realms/Greek/Forest/GFsec02.evt
e2ff22b3f6d6ccfb908550dcc2775cae43eca2d4bcbb7bee898c5553b866f397	68649	original/MagicMayhem_CD/Realms/Greek/Forest/GFsec02.map
916e3bc789171adf926a4ac4fc24110dc0e371df7e7e57fecaf4018897975fdf	1456	original/MagicMayhem_CD/Realms/Greek/Forest/GFsec02.mps
c9d09bf61ead3e82084156d8b9ca54ad0757c756281eb5ec8a7065de3c85699e	52882	original/MagicMayhem_CD/Realms/Greek/Forest/GFsec02.nod
83d442517bacaeb9608d55cd49892727eaf7a75668340755e61955a74a5cc347	448	original/MagicMayhem_CD/Realms/Greek/Forest/GFsec03.evt
a49478326a258bbd8b65fbb05e58a9348458891d06dcaf26edb044f08bf4ea69	35347	original/MagicMayhem_CD/Realms/Greek/Forest/GFsec03.map
7044a7e6d7b9cac4cae352c86f4502c81b7e5755a14f26ce505105a68ae6f481	416	original/MagicMayhem_CD/Realms/Greek/Forest/GFsec03.mps
1196d483c05568a9b2b0ad55b93d9cd8c4d663ec36f4ed43a3f387903e422975	27688	original/MagicMayhem_CD/Realms/Greek/Forest/GFsec03.nod
bc5de961972b28c06b78b5fa38b8c959ddaf03d5762f40ec56b4b951a70e6468	16	original/MagicMayhem_CD/Realms/Greek/Forest/GFsec04.evt
2ad90755f1ea2cc3efa8dbd3b115c51b54f839b5f8605948040337f584024c39	12805	original/MagicMayhem_CD/Realms/Greek/Forest/GFsec04.map
ca8c1729c37496390c6bed30ab734b79c7d4929107b20bf89f0bb82e1d7276ee	496	original/MagicMayhem_CD/Realms/Greek/Forest/GFsec04.mps
774d67e3a0ae6d879ecf20509771ce7d4ee8fc513370e524fa0c8b99c6294300	15832	original/MagicMayhem_CD/Realms/Greek/Forest/GFsec04.nod
bc5de961972b28c06b78b5fa38b8c959ddaf03d5762f40ec56b4b951a70e6468	16	original/MagicMayhem_CD/Realms/Greek/Forest/GFsec05.evt
73c2df1d583b594e1fbdf69e2a401bb54ed27118411f9acddcdfba1f597db181	12695	original/MagicMayhem_CD/Realms/Greek/Forest/GFsec05.map
3efc4139c2cef2fda14c6ebecce39481d9e160c698e3e05eea2c739db2541aad	456	original/MagicMayhem_CD/Realms/Greek/Forest/GFsec05.mps
6a4e2f28540921e94f190d91b22c6832675e844c94f6c1f92a9e2b7877386229	14350	original/MagicMayhem_CD/Realms/Greek/Forest/GFsec05.nod
05dd974acd0ef675ef883a6aa34419b6cdba26eb5d6936dd68717c09c30f955e	952	original/MagicMayhem_CD/Realms/Greek/Forest/GFsec06.evt
f6266915ba59a9113dd5a25991c86b7d2db476e4c97183429be46d92a5fb72de	13394	original/MagicMayhem_CD/Realms/Greek/Forest/GFsec06.map
e9715f5a30d756cba60c7ada5f154cd12893c9ac109e9be7b021a5b9d48a7d9b	216	original/MagicMayhem_CD/Realms/Greek/Forest/GFsec06.mps
8db3a6b62721f91d6b99fd0f4094020e56b3c02cbd6cc71dd8162aa16ed01a3b	20772	original/MagicMayhem_CD/Realms/Greek/Forest/GFsec06.nod
670eb55ceeda0033d5a363e57ce13550434b2e98b3782a3e757cac6b7979b5bc	88	original/MagicMayhem_CD/Realms/Greek/Forest/GFsec07.evt
721b702cac58932cd16e2140847f64a547a126cf1317c9928476db088dad48bd	12356	original/MagicMayhem_CD/Realms/Greek/Forest/GFsec07.map
2ced3a59c9466ea083d3649a63a5f2622e5ebb58954f2c04b2d9a3f1f2a74cca	256	original/MagicMayhem_CD/Realms/Greek/Forest/GFsec07.mps
b26ac61fae15c9cb9a9f0d21b4e1624db4ddd28f0c6a732ae67d868109b4becc	8422	original/MagicMayhem_CD/Realms/Greek/Forest/GFsec07.nod
0c3cb4cede1906a832b0e5965fd99b1e621b25ad431f04a624d6420ef48d64f1	88	original/MagicMayhem_CD/Realms/Greek/Forest/GFsec10.evt
939be4f71d353ba5651a21e27cc832533677cabd6e6c308b50de17be018341c7	12757	original/MagicMayhem_CD/Realms/Greek/Forest/GFsec10.map
b3aec623989f3e053ea7c560aa2254cdfb1f0f065d30174464c4c0db3b38fd80	696	original/MagicMayhem_CD/Realms/Greek/Forest/GFsec10.mps
97f08db8dabe34251342e5c362aaa944b471c351a73ada48b4db5eb5998e1a5d	14844	original/MagicMayhem_CD/Realms/Greek/Forest/GFsec10.nod
a05fc0e0248ce4362ed6215582c3d2cb954cc34d7e40d7eacafbb8d19bcab31c	88	original/MagicMayhem_CD/Realms/Greek/Forest/GFsec11.evt
9bcd3c6a5378c09c870747e7471c3e6bbce4451f57426857e1a34aa19b901bea	12891	original/MagicMayhem_CD/Realms/Greek/Forest/GFsec11.map
6418c6795a9f4dd3319b863304fcb30285249bf8a71a3845cac81422a6fd9282	736	original/MagicMayhem_CD/Realms/Greek/Forest/GFsec11.mps
a6014278fa730650f2ac7c6fab9f0ca8f812880bfd5d1b7e57174dcca02be7ff	12868	original/MagicMayhem_CD/Realms/Greek/Forest/GFsec11.nod
2adff9c49af38461addec0b549427a43c107ec06fd4234777c64c8f17a040a16	88	original/MagicMayhem_CD/Realms/Greek/Forest/GFsec12.evt
186b4f6b14b67838b003948ae91ef32b6d13e8cb8296346b573b24e26ae73025	12411	original/MagicMayhem_CD/Realms/Greek/Forest/GFsec12.map
26091b56c16c295393bea7cb880d18712b41cf5e11c6e6726cb4f0763ae45d33	696	original/MagicMayhem_CD/Realms/Greek/Forest/GFsec12.mps
c83fdf6bfee1fbc31cf18a9d9aa7012eb147643767605ead61f00c51d8cc7103	11880	original/MagicMayhem_CD/Realms/Greek/Forest/GFsec12.nod
f10c452ae717cb47ecf5cc28be2edc82d0998bad0da903b8a65dedd5612a27c8	88	original/MagicMayhem_CD/Realms/Greek/Forest/GFsec13.evt
ea10716e3e921e0886b04d331349d45297b69c65df0ce59950a6cc77e998a934	13029	original/MagicMayhem_CD/Realms/Greek/Forest/GFsec13.map
4c5da6381ba8921115fc52de2b3b5212ac11947966c7c9d8db45ea0d2c6e02ce	696	original/MagicMayhem_CD/Realms/Greek/Forest/GFsec13.mps
7e857c6807c77988658523536a1703aff95a26c2335b25078f5e4708a3cb2cd9	14844	original/MagicMayhem_CD/Realms/Greek/Forest/GFsec13.nod
4470b241f053477f2fc603b1d8ab6e7e9cb3bccfd164349fb6eb3ae06568591e	88	original/MagicMayhem_CD/Realms/Greek/Forest/GFsec14.evt
84704ccd0a866edb066f7490d8eec965081793c10b6385b15f71f3982e96b592	12598	original/MagicMayhem_CD/Realms/Greek/Forest/GFsec14.map
4ae38c1efc35ed280094a02794173bfb45fbd9b8fbf9642ddef8043f43cb0a64	696	original/MagicMayhem_CD/Realms/Greek/Forest/GFsec14.mps
13b9695cb5cac9db9280352a58c4633dbb5d25033a9b91699c56088e6345e650	12374	original/MagicMayhem_CD/Realms/Greek/Forest/GFsec14.nod
466c0e27e703a03348ad14f2e1da9880f013efe21b05de8a28cc5bba6e9206e8	88	original/MagicMayhem_CD/Realms/Greek/Forest/GFsec20.evt
b7e02dfee73bbe08d1f21939ef81ef0258d8f8a842aeae3ee5da525299a9d1d0	12490	original/MagicMayhem_CD/Realms/Greek/Forest/GFsec20.map
58a7cfe3ec2d6ce376f1b47cb137a5aa99a60dbfd13901eef0a13e6e236fb36c	696	original/MagicMayhem_CD/Realms/Greek/Forest/GFsec20.mps
779ea1f97ee9fcf156f033aadd43984f79a1f0c2c4e14a438f10dc291e651824	12374	original/MagicMayhem_CD/Realms/Greek/Forest/GFsec20.nod
1862b70cf5ebb6f6d911a07dbb477d56c3b583009b559d8edb2ce50cbfcbdbe0	88	original/MagicMayhem_CD/Realms/Greek/Forest/GFsec21.evt
9165b83d6940733581a8434df46a1ef27535510f528330c7854f28492cd2aa3b	12744	original/MagicMayhem_CD/Realms/Greek/Forest/GFsec21.map
eb8f1f7ea599a451093a827733da8d3bd2c7fba6e38db30de2fe5e18a15fc032	696	original/MagicMayhem_CD/Realms/Greek/Forest/GFsec21.mps
93ada504255953455a5f7b7232887401e8af4bf5c16189fa0f603266eb07b6e4	13362	original/MagicMayhem_CD/Realms/Greek/Forest/GFsec21.nod
a12e81c8113e4ba22b9eded6015dd18aab39de18ec911e94b65d1aa9d15e9d7f	88	original/MagicMayhem_CD/Realms/Greek/Forest/GFsec22.evt
552645f02b914f4e62b9e15c3d693af43de3757537ba0979d4e8644e6a7de6f2	12519	original/MagicMayhem_CD/Realms/Greek/Forest/GFsec22.map
4d1b164ac09c204f1695b6a1f3aa4705cd00be52204daf5bdd714ec4bcb7b891	696	original/MagicMayhem_CD/Realms/Greek/Forest/GFsec22.mps
a6740d9af4c502ee009409ce28b7ee94fd30d0df2be8ce57e1a50d38b63b458c	11880	original/MagicMayhem_CD/Realms/Greek/Forest/GFsec22.nod
0eff4e72cf91e5331218cae5f9db8040175b8b54994e72ddefc0c305273c1283	88	original/MagicMayhem_CD/Realms/Greek/Forest/GFsec23.evt
ffad0250257343655a6e1bb8ffdd94e13f0e553b2c769aded4da52aa600a6272	12866	original/MagicMayhem_CD/Realms/Greek/Forest/GFsec23.map
c5a1b09eb20ac213628063ef7d4dfdf2bec85bd5365bf0ba5552381b86dbbaa1	696	original/MagicMayhem_CD/Realms/Greek/Forest/GFsec23.mps
3922a2cb7b09c1d2db14ad31c3bd848d68c47e126e12547175e09585d838f95e	17314	original/MagicMayhem_CD/Realms/Greek/Forest/GFsec23.nod
75a044753c4c18aefdb8c6285693efd51633f55636cdbd6867b8d52d632fa8bb	88	original/MagicMayhem_CD/Realms/Greek/Forest/GFsec24.evt
cf8e5bcdcb2253d54105746729aa4700b82e3a8e2a3b14f17679ab09248ab6bd	13003	original/MagicMayhem_CD/Realms/Greek/Forest/GFsec24.map
deb00575401570ddab82de4b2edc354908a94780eb6125074e9c561ada675be9	696	original/MagicMayhem_CD/Realms/Greek/Forest/GFsec24.mps
bac656e0a5c9d96be7f5e6773020ab1316326ccbf6cffa17c0df0f304b787bae	20278	original/MagicMayhem_CD/Realms/Greek/Forest/GFsec24.nod
1c71a4cb8ffae40a8ec5143e0cd8cc8cd1e523fa8abfcde05eed4152d03e26fb	88	original/MagicMayhem_CD/Realms/Greek/Forest/GFsec25.evt
f222dc726796180cb494ee89c38d27716ce3ff349dc64ab21fd6bb2afad01754	12482	original/MagicMayhem_CD/Realms/Greek/Forest/GFsec25.map
9dac85b25d4c27f69c6d4931155416c83342cc9d3accc741f758def0bade3986	696	original/MagicMayhem_CD/Realms/Greek/Forest/GFsec25.mps
9af9fd8a4b154ec6e3781370fe72408c7d08b31fd05d6697eb004305f67974a1	15338	original/MagicMayhem_CD/Realms/Greek/Forest/GFsec25.nod
1ffef2ca647b1d1c51e0a93fd2be4f864c06805ba96ca94954cc256756274667	88	original/MagicMayhem_CD/Realms/Greek/Forest/GFsec26.evt
2449bae890138a21a95ec2a085b4f26cd6bfca6feb35eab74ee95114d434cac0	12576	original/MagicMayhem_CD/Realms/Greek/Forest/GFsec26.map
afd2fad0a69105894159f7d5415e3cf972bf936804b8c21ad5dd25bbb067c722	696	original/MagicMayhem_CD/Realms/Greek/Forest/GFsec26.mps
6a5bb7cc9ee216c1426d16f3c76064adf0178d056f8b2fc8795f855e5cd6d9c8	13856	original/MagicMayhem_CD/Realms/Greek/Forest/GFsec26.nod
8585d9e6957945793f966fa8a4865248764cecf2200c273577e62841f5b92df6	88	original/MagicMayhem_CD/Realms/Greek/Forest/GFsec27.evt
dd1bd4c0051f2af629354abdc4404cf02f8fec895841847c0744810cd642a86f	12502	original/MagicMayhem_CD/Realms/Greek/Forest/GFsec27.map
d498b86f7bb6923c15bc5f62ced8116564342e455920d89e67142fad9ae2e40b	696	original/MagicMayhem_CD/Realms/Greek/Forest/GFsec27.mps
0cbd4ec9ec5c7bd2cbee95737e8abdca1553c0aa6d8d6d76666f6a53b192c90f	14350	original/MagicMayhem_CD/Realms/Greek/Forest/GFsec27.nod
75de1480483b0b9db5c837c7a78aaeb1eb149fa3b3a825b97290e9fedbfbe801	88	original/MagicMayhem_CD/Realms/Greek/Forest/GFsec28.evt
8d5468c8a40da5e8b3509906cda95c22de2c9050a677ff04de7693dd24545eae	12622	original/MagicMayhem_CD/Realms/Greek/Forest/GFsec28.map
b917707ba77497ffe5a346432dda398dbaba4bcb42df4154f3321b880ca2a2ab	696	original/MagicMayhem_CD/Realms/Greek/Forest/GFsec28.mps
92f9383964c5826ce33b282ddf2abc32b913f4815831e81d296645f5f6130129	16326	original/MagicMayhem_CD/Realms/Greek/Forest/GFsec28.nod
b010f15e962dedbef453f6aaa2db33318d6890a0709a1bf2d03d62508cb63b67	88	original/MagicMayhem_CD/Realms/Greek/Forest/GFsec29.evt
4ff466580408ff0d91fdaf51fbb0318ebec00b537639be87c53fd368ad4cc097	12468	original/MagicMayhem_CD/Realms/Greek/Forest/GFsec29.map
df18a5c8e8b877fa0c1fa3b75db57de260d3936bb90bccf79ba3e0011af428c5	696	original/MagicMayhem_CD/Realms/Greek/Forest/GFsec29.mps
3ab3cb1b64d1266830b5801a5db9dcfa0fd7de1ae43a42a252ae3f4aa09ed765	11880	original/MagicMayhem_CD/Realms/Greek/Forest/GFsec29.nod
bc5de961972b28c06b78b5fa38b8c959ddaf03d5762f40ec56b4b951a70e6468	16	original/MagicMayhem_CD/Realms/Greek/Forest/GFsec30.evt
9d97ad776c284064d4e8b66819cc7e4404886ef874d18800d9b06041b3ca07c2	13008	original/MagicMayhem_CD/Realms/Greek/Forest/GFsec30.map
268b2316c1b9d0f39f096364638b2a5b767f6283fe6661d4832bef4010232dea	576	original/MagicMayhem_CD/Realms/Greek/Forest/GFsec30.mps
e58c0e79e3aa54fc7dc6cb6854821bd9e09bafb81a1c25f03993e54a3e3734bb	17314	original/MagicMayhem_CD/Realms/Greek/Forest/GFsec30.nod
bc5de961972b28c06b78b5fa38b8c959ddaf03d5762f40ec56b4b951a70e6468	16	original/MagicMayhem_CD/Realms/Greek/Forest/GFsec31.evt
ad84a84692541312ba7a2f0e802439b554dee2e6b358782426e921150383e291	12836	original/MagicMayhem_CD/Realms/Greek/Forest/GFsec31.map
1c616d44e3d1d10ad58b20f6528739283d24a67ffe60289b714027e71d58b335	576	original/MagicMayhem_CD/Realms/Greek/Forest/GFsec31.mps
23c2a6b7356e12b9d3539152883bdd2a86190b6d29630ccb2183f5e55dd412d8	18796	original/MagicMayhem_CD/Realms/Greek/Forest/GFsec31.nod
bc5de961972b28c06b78b5fa38b8c959ddaf03d5762f40ec56b4b951a70e6468	16	original/MagicMayhem_CD/Realms/Greek/Forest/GFsec32.evt
50e8df08dd7db3c055bc66f08137c1cf1d80bdb3cc1b0bcf6ba4b9f94888917a	12998	original/MagicMayhem_CD/Realms/Greek/Forest/GFsec32.map
a7443c7832a6e882e63a015238378f3de2a1c39477657b0bac6ab22202d1f61c	576	original/MagicMayhem_CD/Realms/Greek/Forest/GFsec32.mps
fcc5f7d264a1206c9914de7153e89bc75625ee5fe53eae2f2cdac0860db5a02e	23736	original/MagicMayhem_CD/Realms/Greek/Forest/GFsec32.nod
bc5de961972b28c06b78b5fa38b8c959ddaf03d5762f40ec56b4b951a70e6468	16	original/MagicMayhem_CD/Realms/Greek/Forest/GFsec33.evt
8f1dcce0815c78d7ba110dceb1beac646daea6642b026b198e7f1130f98e3ef2	12883	original/MagicMayhem_CD/Realms/Greek/Forest/GFsec33.map
fc2dcd7d9dbee70af1edd19ac7a45d0f360c9a4558142f8e1f398fd75fdde123	576	original/MagicMayhem_CD/Realms/Greek/Forest/GFsec33.mps
1f8078fdd4f2d5da21204e341e10d6816282af986eecc214a599e621c74d1f31	21266	original/MagicMayhem_CD/Realms/Greek/Forest/GFsec33.nod
bc5de961972b28c06b78b5fa38b8c959ddaf03d5762f40ec56b4b951a70e6468	16	original/MagicMayhem_CD/Realms/Greek/Forest/GFsec34.evt
d73b7e89cfb7b40873c97e8d56f9c6e8ed0a2c7a4a834077f8c7607fffaf2f5f	12574	original/MagicMayhem_CD/Realms/Greek/Forest/GFsec34.map
29e9a6138d7f2ac57cc1dd28ed574b659e66682ebe62f428a619c0e6f88d0273	576	original/MagicMayhem_CD/Realms/Greek/Forest/GFsec34.mps
669fed41bf4af0af8bb6e338b0b80c302f5c58110b8a89c29a703f2287e631fa	13856	original/MagicMayhem_CD/Realms/Greek/Forest/GFsec34.nod
bc5de961972b28c06b78b5fa38b8c959ddaf03d5762f40ec56b4b951a70e6468	16	original/MagicMayhem_CD/Realms/Greek/Forest/GFsec35.evt
6a11b97509a2293e27608c8d891a903788ddd25df72ea29164d7b295a24b9d6c	12496	original/MagicMayhem_CD/Realms/Greek/Forest/GFsec35.map
f3ab191601d1c887d1a91ac0d4024ce5c53336d5780f33251e917f1c0afd3dd8	576	original/MagicMayhem_CD/Realms/Greek/Forest/GFsec35.mps
9e8ea86fdd202ad7bfc02d283e0ff602e56f31cf8e460a5b2244617d95e16598	14844	original/MagicMayhem_CD/Realms/Greek/Forest/GFsec35.nod
bc5de961972b28c06b78b5fa38b8c959ddaf03d5762f40ec56b4b951a70e6468	16	original/MagicMayhem_CD/Realms/Greek/Forest/GFsec36.evt
d81842bbe0d7b56453c0e003fdadd6fab6fa1e560ecfd5b4498284636bc77023	12511	original/MagicMayhem_CD/Realms/Greek/Forest/GFsec36.map
961ac65a0e485d9e7cbd17685f6593a0df257de96fd10a0146fafcf457cc31e5	576	original/MagicMayhem_CD/Realms/Greek/Forest/GFsec36.mps
0d3e2013a9e8ced6fe9a056f80fd4794a9b21a907419f28a343e91c0490ef42d	19784	original/MagicMayhem_CD/Realms/Greek/Forest/GFsec36.nod
bc5de961972b28c06b78b5fa38b8c959ddaf03d5762f40ec56b4b951a70e6468	16	original/MagicMayhem_CD/Realms/Greek/Forest/GFsec37.evt
19b65b58fc993664a9f74371a9c23ab49be1472e6b9013fe49b9b331d967762c	12416	original/MagicMayhem_CD/Realms/Greek/Forest/GFsec37.map
e957d29f6628f154c1802fe37184dbb553682c8ef687b263f60a486448405595	576	original/MagicMayhem_CD/Realms/Greek/Forest/GFsec37.mps
60a42f548d368c44373330a53adca8f397640f9c0e15767ec5e9a9e5c99e2c65	20772	original/MagicMayhem_CD/Realms/Greek/Forest/GFsec37.nod
bc5de961972b28c06b78b5fa38b8c959ddaf03d5762f40ec56b4b951a70e6468	16	original/MagicMayhem_CD/Realms/Greek/Forest/GFsec38.evt
9cb7c79876bbf66831973add18da7318b6cbe4de0a01bc95eb39a630cc3ce51b	12546	original/MagicMayhem_CD/Realms/Greek/Forest/GFsec38.map
1c1cbd654fd4241f0f97932806d1afd442cb3521b09b2d7a743dc1851c89a82a	576	original/MagicMayhem_CD/Realms/Greek/Forest/GFsec38.mps
2a28582f398f4c72f6a390259e1c58abad6f1a294fed4afc53d03a13f38b22f0	14350	original/MagicMayhem_CD/Realms/Greek/Forest/GFsec38.nod
bc5de961972b28c06b78b5fa38b8c959ddaf03d5762f40ec56b4b951a70e6468	16	original/MagicMayhem_CD/Realms/Greek/Forest/GFsec39.evt
c666297bd997a46fc4940643e3d6d67ee2fa18656124d6c6b91d9dd49ef7aa6b	12966	original/MagicMayhem_CD/Realms/Greek/Forest/GFsec39.map
090d4e71f2eda312308fdf150c92689a95a90e9c550fff2a1c677b0d4fb2c07b	576	original/MagicMayhem_CD/Realms/Greek/Forest/GFsec39.mps
1a80923db7442151b26ff0fb5aabeb54ebeb54c6baf97229278bab3f8d26b908	15832	original/MagicMayhem_CD/Realms/Greek/Forest/GFsec39.nod
bc5de961972b28c06b78b5fa38b8c959ddaf03d5762f40ec56b4b951a70e6468	16	original/MagicMayhem_CD/Realms/Greek/Forest/GFsec40.evt
cc7f2f041526dd785d9eb307456d1ba630d85859f9947b8daec0deacdf09e297	12593	original/MagicMayhem_CD/Realms/Greek/Forest/GFsec40.map
09b30b3e0c1c28a9a36ab9cc134ff6aec36169b0ae99985729a7da1b0b466947	576	original/MagicMayhem_CD/Realms/Greek/Forest/GFsec40.mps
33ddfb1d60fb24d0968c058f1cab0487e6e8b45134c8d57ae2811595f307e89d	23736	original/MagicMayhem_CD/Realms/Greek/Forest/GFsec40.nod
bc5de961972b28c06b78b5fa38b8c959ddaf03d5762f40ec56b4b951a70e6468	16	original/MagicMayhem_CD/Realms/Greek/Forest/GFsec41.evt
ef7a662b04fcc56c8203d6b1d9f17fdc6d0d1e6b3662673a695f6d7df4bb3db8	12471	original/MagicMayhem_CD/Realms/Greek/Forest/GFsec41.map
6dc27ed3facbc0cc2555f3c58a460b149fa9f6b5042d99f9d5d4f6f5c720dd72	576	original/MagicMayhem_CD/Realms/Greek/Forest/GFsec41.mps
c1595247a23262e83e010c464c881e5e8c51c3403e9b8493e8263ead80460e93	15832	original/MagicMayhem_CD/Realms/Greek/Forest/GFsec41.nod
bc5de961972b28c06b78b5fa38b8c959ddaf03d5762f40ec56b4b951a70e6468	16	original/MagicMayhem_CD/Realms/Greek/Forest/GFsec42.evt
5c90060b435f22fb7937f1b7220708e425319f16b4e67e4a7977fb50d89df3ce	12592	original/MagicMayhem_CD/Realms/Greek/Forest/GFsec42.map
2e127ba2a8ca1eb93580efdf641fe42c1c5a66de462f9e0b9618e5e5ac73409d	576	original/MagicMayhem_CD/Realms/Greek/Forest/GFsec42.mps
f8e10a855f1492a02f9b91f438330379627b3edc402786455cfa00eb5d1328a1	16326	original/MagicMayhem_CD/Realms/Greek/Forest/GFsec42.nod
bc5de961972b28c06b78b5fa38b8c959ddaf03d5762f40ec56b4b951a70e6468	16	original/MagicMayhem_CD/Realms/Greek/Forest/GFsec43.evt
a818c4c205dc57c6f99d1b4dc13e527d9f345d3917d89101ff26957310e4f757	13154	original/MagicMayhem_CD/Realms/Greek/Forest/GFsec43.map
a38c5de3130a6c1889a12fcd7457b23c3f119717598c10e86a6c05e120df97f4	576	original/MagicMayhem_CD/Realms/Greek/Forest/GFsec43.mps
208a4b1e0b667c5b3401b99a663d9ef2405d7c27d5f68fed4bf154a046065a17	19784	original/MagicMayhem_CD/Realms/Greek/Forest/GFsec43.nod
bc5de961972b28c06b78b5fa38b8c959ddaf03d5762f40ec56b4b951a70e6468	16	original/MagicMayhem_CD/Realms/Greek/Forest/GFsec44.evt
cd1be6dbef01b2d17781dcf1edc78a83526bf8ea13a0b82d4ab558c0997e38c7	12482	original/MagicMayhem_CD/Realms/Greek/Forest/GFsec44.map
94f9d4e827ce1e2b1849e79a585e5cfe7d1764a9d6be7e8cbd05185907ff7bc3	576	original/MagicMayhem_CD/Realms/Greek/Forest/GFsec44.mps
3557f497af9a84082c38f2069ac40dffe17781dcdfb9615a4f066b09d897bcf7	20278	original/MagicMayhem_CD/Realms/Greek/Forest/GFsec44.nod
5823b7414c24f74bec308e5cd5d607083390da7e3c0d9d019989fc34e3b6a498	3155812	original/MagicMayhem_CD/Realms/Greek/Forest/Terrain.spr
4d22241afc9b01cd5af759a2b4ccaf9131add521d42916f86790b7618bd0bf9d	21648	original/MagicMayhem_CD/Realms/Greek/Forest/Terrain.tag
b3be64a92ed958d366609a0df79ae3a2ca4e02a9e3e729f7c5feb2d891cb4db8	642240	original/MagicMayhem_CD/Realms/Greek/Forest/Terrain.ttd
422aff8e95aae9ffd98f5a390b9e67c223a2954736d37b5aad52fa0819c357ae	2944	original/MagicMayhem_CD/Realms/Greek/Forest/doors.ani
2d9e2f3543ef184d73d825b5d178e3d2a87252c6ad6aa123c82ce5187e74af6b	6032	original/MagicMayhem_CD/Realms/Greek/Forest/terrain.ani
672c1fd90f85e0d49d3c1bb09308f7f96a84364a910fa121d17f53971f491249	96	original/MagicMayhem_CD/Realms/Greek/Labyrinth/Doors.ani
9066583c84c65ee18ef64205af55efcdbae71933d745daf5336392033da6c20a	664	original/MagicMayhem_CD/Realms/Greek/Labyrinth/GLsec00.evt
478f9d66608dc4c3141bbed0ae3ef65b210154953407df40265e2df010057b91	41812	original/MagicMayhem_CD/Realms/Greek/Labyrinth/GLsec00.map
9d8818e10dc6fe33985c83a3e7440629aa106e85d73d2ba03fd839ee696e3e20	1056	original/MagicMayhem_CD/Realms/Greek/Labyrinth/GLsec00.mps
89789ee3895930541d3e01e33686e32b7f05ac967ff7eabc8a431ce4127ff76b	38556	original/MagicMayhem_CD/Realms/Greek/Labyrinth/GLsec00.nod
a6eb5d4fdde25dea74a1469afdca51db1108117125ed07c0b58dfeeca5d25e5f	1240	original/MagicMayhem_CD/Realms/Greek/Labyrinth/GLsec10.evt
95f31005071becf6eb8830b789fcdbc5bcfa5dc8f8fc2ad90ede86ebf84a4593	11031	original/MagicMayhem_CD/Realms/Greek/Labyrinth/GLsec10.map
93fb1d5c96c5238a07fcb092203d183e933913d1098689f2a9098b318e6bb811	416	original/MagicMayhem_CD/Realms/Greek/Labyrinth/GLsec10.mps
b1cbc49584362a55fa90e1c278c524bcc7404f9527b6a463b6f2d43b95cebe21	8916	original/MagicMayhem_CD/Realms/Greek/Labyrinth/GLsec10.nod
a74f1e03a9a31cb0da5f5495c1f87cc02382b3d53afbc8322ffc36aa71ff808a	664	original/MagicMayhem_CD/Realms/Greek/Labyrinth/GLsec11.evt
9cbc32b08ad2fa40f65d99d0404aa82855d241f426f7caa027bc3aa2dc054763	11408	original/MagicMayhem_CD/Realms/Greek/Labyrinth/GLsec11.map
50e66b01df7b93d9567ccc6867dfd93f9fbfc414315b6760c15e7e461a4eb7ce	376	original/MagicMayhem_CD/Realms/Greek/Labyrinth/GLsec11.mps
eccadd14d95aea3a47c3fcb590b631f7bd4e3a207daee0c5382f0ee5b048b37b	6940	original/MagicMayhem_CD/Realms/Greek/Labyrinth/GLsec11.nod
5ea3b205c004f1b843cbf5d4b2f8a3760533ac9e5dd078a1b655c9e4ca4d569c	160	original/MagicMayhem_CD/Realms/Greek/Labyrinth/GLsec12.evt
b73a62693847891feb47fde076e7910aaebe9113a18373745d43eb3972efd967	11044	original/MagicMayhem_CD/Realms/Greek/Labyrinth/GLsec12.map
4c7ac42eb8d9b1cfa4b9e6cbdf93d1547866e0883954b8c408f57f0144415323	576	original/MagicMayhem_CD/Realms/Greek/Labyrinth/GLsec12.mps
bd123b82d46ee3c8e78cfa173327f45e9980e2bba240802e0d1972a24b07eb8b	6940	original/MagicMayhem_CD/Realms/Greek/Labyrinth/GLsec12.nod
90ef8f9f0e8141681ef132244316a066901fdda77356ca12271c471895d42b39	232	original/MagicMayhem_CD/Realms/Greek/Labyrinth/GLsec13.evt
db1e90e76410cda7d99f4f11b38594bdcb79e612b1ffc47c660fa65ae134b213	11037	original/MagicMayhem_CD/Realms/Greek/Labyrinth/GLsec13.map
583a122142f719493f424e1b921f6d0b9dca9135d8e485c80155c6b88ae3a84b	256	original/MagicMayhem_CD/Realms/Greek/Labyrinth/GLsec13.mps
00564ccfc37d65d27644e490ae889497fa45ad96d4c7ef7f99d3188f89954ae7	7434	original/MagicMayhem_CD/Realms/Greek/Labyrinth/GLsec13.nod
2f48fbb5b89418148dcc92c1550707cd99c499bb8a96deca6160e980652cf3e3	520	original/MagicMayhem_CD/Realms/Greek/Labyrinth/GLsec14.evt
6a6ac95462b3855e40bfdd371c5fa06f515038ef7da2f7b463b04db4c1683131	11144	original/MagicMayhem_CD/Realms/Greek/Labyrinth/GLsec14.map
6a76385027dea1e9d6d49a47dbcc805df0ff6c4f2385faf01d38e7f09a351c98	256	original/MagicMayhem_CD/Realms/Greek/Labyrinth/GLsec14.mps
e4fff826341f233b4682a99b56ab1539f21d211151e62265c17744403d7ddcaa	10892	original/MagicMayhem_CD/Realms/Greek/Labyrinth/GLsec14.nod
d1394035c41c91d22a989121a929aaca9f552d90a743682193e5c343a534f143	880	original/MagicMayhem_CD/Realms/Greek/Labyrinth/GLsec15.evt
6b1edcc18d624db738d8dbfe0c8c9904da33ea23dec03b9046c91cbc9c650f79	11154	original/MagicMayhem_CD/Realms/Greek/Labyrinth/GLsec15.map
5c5cb73a2b91f678e66d58ab692f250bea83025eea66fcd220df8e8d0ff23aac	536	original/MagicMayhem_CD/Realms/Greek/Labyrinth/GLsec15.mps
4941de60df6b75b4bcb32015760e188d791fd365deb77e2f2e6eb5bc5bab75f3	9904	original/MagicMayhem_CD/Realms/Greek/Labyrinth/GLsec15.nod
81b7e71a82b4f9149ae1a3937b5d49a28fedf0426fca3389f65fe71ea0b8729e	232	original/MagicMayhem_CD/Realms/Greek/Labyrinth/GLsec16.evt
d85622d51283a1fbadb83b288b0b15ea7d503c0d06918bf4a5107719014e4ab3	10857	original/MagicMayhem_CD/Realms/Greek/Labyrinth/GLsec16.map
57acec3ffeb48ca2fc4e214c11bc333343c10dcfd377f8efd07a938a2bec6980	216	original/MagicMayhem_CD/Realms/Greek/Labyrinth/GLsec16.mps
6a00b560bffabb5e9fb6370ca6961c66af5bdc3d519237a4fd70187ea72f55b3	9410	original/MagicMayhem_CD/Realms/Greek/Labyrinth/GLsec16.nod
3d2fbbd7dc0f99a5f622429a16ac5cb4c29e284bca758644441436bb2d980432	232	original/MagicMayhem_CD/Realms/Greek/Labyrinth/GLsec17.evt
93636963c637e98c017ca18c913ef7bdc6f2c3bf8bd0349e2dbb6f41889c3609	10886	original/MagicMayhem_CD/Realms/Greek/Labyrinth/GLsec17.map
39494f10b9963e660899f64be1eddc42259b9d9946807d9b7d30e3482d415799	256	original/MagicMayhem_CD/Realms/Greek/Labyrinth/GLsec17.mps
e5e9db1ec0c2f3403508cd1ab75e12a90be96e4bfd1903eb3bc23c844e1d9080	6940	original/MagicMayhem_CD/Realms/Greek/Labyrinth/GLsec17.nod
77b66e63ad5b4dc17cb9c79b2341606707456f7bdd0115942b3a6a71a6843ef6	232	original/MagicMayhem_CD/Realms/Greek/Labyrinth/GLsec18.evt
00ad2aac5fe14e42a1e332e09bbca8b738b8edc6f4a3c28fbc8b6b60a8445129	11135	original/MagicMayhem_CD/Realms/Greek/Labyrinth/GLsec18.map
7f711244f85aa3f803da96d86ef7de80e76ac12f258639871fa00ecb820d609f	256	original/MagicMayhem_CD/Realms/Greek/Labyrinth/GLsec18.mps
8a87f8627ce23afae76a2ee40476d6119a2a1684a0098a117c88dd28912a5626	6940	original/MagicMayhem_CD/Realms/Greek/Labyrinth/GLsec18.nod
03a7d1ea2cef99fdeb7ea5c526deea89d4c02657b8be31935a09d639d9b752dd	160	original/MagicMayhem_CD/Realms/Greek/Labyrinth/GLsec19.evt
4e76ced64df0a79c507e39e2390913f010414a301114d82cddcea5ef24f579c4	10958	original/MagicMayhem_CD/Realms/Greek/Labyrinth/GLsec19.map
c4aa310c5eab7f6566e3865f78d6760d6648886be72154ff6bb7fa88dfdd2233	296	original/MagicMayhem_CD/Realms/Greek/Labyrinth/GLsec19.mps
5f6056cb3db38b1c2b1326f9d4ced26c549c2f40f0dfa31d55a5aeac45e257a4	5952	original/MagicMayhem_CD/Realms/Greek/Labyrinth/GLsec19.nod
a9d6509596b6117e5794e68d14edc62b3bb657d43262370f95a10295f2c69e61	592	original/MagicMayhem_CD/Realms/Greek/Labyrinth/GLsec20.evt
fe98c65cb54c5cec1a1808ad817d4d84ccce7528251fd6a7285706e43c7dee73	10609	original/MagicMayhem_CD/Realms/Greek/Labyrinth/GLsec20.map
aadef8c562aadcd04ab9f9a89218b30e8a78854ee967c2d0d5913dac7bf53b85	376	original/MagicMayhem_CD/Realms/Greek/Labyrinth/GLsec20.mps
c1dc504d6a5fcb8f6787810d771a10f4fc6ba28e8808b3a2a55468e1ac0d2f0e	7928	original/MagicMayhem_CD/Realms/Greek/Labyrinth/GLsec20.nod
2ed447ed26fd06cc3f12ce18236bdd7e8526db619fd378c385b5e08a0fecba46	232	original/MagicMayhem_CD/Realms/Greek/Labyrinth/GLsec21.evt
9d1855ad637c2963f87ed4585327df610229649018f85c9357cb78e435383106	10947	original/MagicMayhem_CD/Realms/Greek/Labyrinth/GLsec21.map
a1799f429546389a062faf4880dc75fa961d6f99a03a93a06430d8e18f89b292	576	original/MagicMayhem_CD/Realms/Greek/Labyrinth/GLsec21.mps
5c1ad254e7cef79092e81d38fbb089485d6db79bee96631b4a76c68d21389da2	9904	original/MagicMayhem_CD/Realms/Greek/Labyrinth/GLsec21.nod
dee81f50e71e94af7cac169d5e4561f9aaecafbfba8553dac7b41d3f23012393	592	original/MagicMayhem_CD/Realms/Greek/Labyrinth/GLsec22.evt
7476d9668d8c362581bd4f52f3e946d3da0b95598a54f2c2245621bf0f6b9c02	10819	original/MagicMayhem_CD/Realms/Greek/Labyrinth/GLsec22.map
626f514cb75949c43e77ce2ff3350e2b566e5a8096fdf5954624cfd0fd5ee14b	256	original/MagicMayhem_CD/Realms/Greek/Labyrinth/GLsec22.mps
77565e80702a9378a9b750bd4710048b364135bb1faebc430f7e690fe27a279d	6446	original/MagicMayhem_CD/Realms/Greek/Labyrinth/GLsec22.nod
06ff781abdffe821c876e734c0b2ef5b0d35e57be9da292db4fe6c8526f3e6d4	160	original/MagicMayhem_CD/Realms/Greek/Labyrinth/GLsec23.evt
4755d2772275d730a2d481f193bfad6f4eb93f3418afda71222a18853b16245e	10352	original/MagicMayhem_CD/Realms/Greek/Labyrinth/GLsec23.map
53dfea5d473dfb3683efd8ef02d3d9851400fbfcee8faf60454731d23e96e4c8	336	original/MagicMayhem_CD/Realms/Greek/Labyrinth/GLsec23.mps
5ef7e2580d75fcc5e2a9f1e6e0c4e28a1fdec450535ecdd09170ef1061bbde29	4964	original/MagicMayhem_CD/Realms/Greek/Labyrinth/GLsec23.nod
84bd806aaef2b331c63608ec91ddd8f517a8836e67cdb14f85c7e88ed32bd09b	1384	original/MagicMayhem_CD/Realms/Greek/Labyrinth/GLsec24.evt
925d6d114a08764ed395d10c12d04eb705ceb11b4f1742d34ae114f4acef2d6d	10816	original/MagicMayhem_CD/Realms/Greek/Labyrinth/GLsec24.map
0dda11ed692c3a22c0f46e62fa0960964eddc5f974f1a5deb486c1ee31452abe	416	original/MagicMayhem_CD/Realms/Greek/Labyrinth/GLsec24.mps
4192ebfec387539d3313fe4e908872ad7240fd865d96e58bc22991a2d44d3173	7928	original/MagicMayhem_CD/Realms/Greek/Labyrinth/GLsec24.nod
4b4bfc9a57d6d85877771677378384e547b51218103d59992ceeae0a40d569d8	592	original/MagicMayhem_CD/Realms/Greek/Labyrinth/GLsec25.evt
54b94808014dbe11d45aef599e3e38e1933a3e88802ffc0e9fead2a014e4e771	10671	original/MagicMayhem_CD/Realms/Greek/Labyrinth/GLsec25.map
963e9baa3d06a30d3f77973ea05452d57f7d4a54d758cf3a423eac3d05e1522f	416	original/MagicMayhem_CD/Realms/Greek/Labyrinth/GLsec25.mps
987c518495f6d1a533ff4c26722a3911833cc5ccfb9cea106f18c1c5d083447d	4964	original/MagicMayhem_CD/Realms/Greek/Labyrinth/GLsec25.nod
bc5de961972b28c06b78b5fa38b8c959ddaf03d5762f40ec56b4b951a70e6468	16	original/MagicMayhem_CD/Realms/Greek/Labyrinth/GLsec26.evt
5b339bf86b746b883fb79582bae1bf31363cf8d52eae5453982b93378364a426	10935	original/MagicMayhem_CD/Realms/Greek/Labyrinth/GLsec26.map
b0ef60897e79840096f3514db3a941227016efecf15785d9c18f23f6eb5f5bd2	656	original/MagicMayhem_CD/Realms/Greek/Labyrinth/GLsec26.mps
2340a06f5bfa735cf1dd615b338ea79d0b9c5e98b9c3109dbb36f51aa53efdb9	5952	original/MagicMayhem_CD/Realms/Greek/Labyrinth/GLsec26.nod
2e7629a5b706441c88fc8cf70e0d221543e0cbc56b1be4e05929c4973589898f	448	original/MagicMayhem_CD/Realms/Greek/Labyrinth/GLsec27.evt
5855bdd400193d818815c4fcc1a4a0f5644c2be1b8922bb62470db39eba0d2e8	11241	original/MagicMayhem_CD/Realms/Greek/Labyrinth/GLsec27.map
255115ff5f69138213516ce9c9f08e79488bd99a82375702e23677ad1e8abf20	376	original/MagicMayhem_CD/Realms/Greek/Labyrinth/GLsec27.mps
d9719fc09263c0c6f84c6f2ca04559d1c3d7c9bc3656a28de5be16538ee39745	6446	original/MagicMayhem_CD/Realms/Greek/Labyrinth/GLsec27.nod
35bbad52d1e07aff8138c5b3045b81acb5f621ce9a77fed5b277a3a7fe43b7e5	160	original/MagicMayhem_CD/Realms/Greek/Labyrinth/GLsec28.evt
90b473eaf207bb55474580db2358f3292e5a653d809a52b806ff738088fe9523	10944	original/MagicMayhem_CD/Realms/Greek/Labyrinth/GLsec28.map
926c417dc46e8935096897e0bdc8de4459e9677cb62ede038e42f9597205e443	256	original/MagicMayhem_CD/Realms/Greek/Labyrinth/GLsec28.mps
583c7e2e7f5bb33b2638695a6e82c2618e9ae6cf9ac1f8b5010dacfb28591cfe	6940	original/MagicMayhem_CD/Realms/Greek/Labyrinth/GLsec28.nod
66b26b833022760b6c081eac6c2f909639a4ad39dfc885371ba4905d3cce1a3b	232	original/MagicMayhem_CD/Realms/Greek/Labyrinth/GLsec29.evt
e9bff97049d47d6ce2102150aad735d9619b1f90638c29429303272d031870d6	10835	original/MagicMayhem_CD/Realms/Greek/Labyrinth/GLsec29.map
0f54bd8305f9161e84d04c65ac4b205b7864132a64afe4d021ec7413ec51c6ee	256	original/MagicMayhem_CD/Realms/Greek/Labyrinth/GLsec29.mps
ae705293aa1ba1f9bf690ede18338c67e479c2ae17786ef6787049bdf673921c	4964	original/MagicMayhem_CD/Realms/Greek/Labyrinth/GLsec29.nod
7d1c098c54881df6a47e1f2e60408a2de3343741795b8ec2f3680bfa10ef01b9	664	original/MagicMayhem_CD/Realms/Greek/Labyrinth/GLsec30.evt
6c66a169dbb595673e022f4929b141c0062a5d42fd5533f2e2e6e29a88daf972	10670	original/MagicMayhem_CD/Realms/Greek/Labyrinth/GLsec30.map
96cc5f1c03cb47a5141442027490447d34dc4713505d06536024927024addbcc	336	original/MagicMayhem_CD/Realms/Greek/Labyrinth/GLsec30.mps
1ed03905135df48eebbdf6b3b3ab551aea1106df5ef1636051ce58877f4dd50a	4964	original/MagicMayhem_CD/Realms/Greek/Labyrinth/GLsec30.nod
8b077f960c2de626ac71224b677132caa0f4673079ef27882645048d32e77ae6	664	original/MagicMayhem_CD/Realms/Greek/Labyrinth/GLsec31.evt
8bfdd46570122eb8d935d05815c179e377bb50c6e47c2f5a2ceb18753a097089	10713	original/MagicMayhem_CD/Realms/Greek/Labyrinth/GLsec31.map
526f56dfaef0fb60da2e46410f6e032e3ec1bdcbda37e5bb14c92dc7f75e446a	296	original/MagicMayhem_CD/Realms/Greek/Labyrinth/GLsec31.mps
a873cfba6176fa73877570ead4d24badfbbb00c9f054f9761073f7314aef3933	4470	original/MagicMayhem_CD/Realms/Greek/Labyrinth/GLsec31.nod
a38addf7367dd1e96cd5ac944824c2cf2ba7ff9af95f4706c76682f92a729b2f	376	original/MagicMayhem_CD/Realms/Greek/Labyrinth/GLsec32.evt
600b580fbb428ad13e2b2714b1cd376622ca0a9cb0e2cb94b13bea8243342884	10480	original/MagicMayhem_CD/Realms/Greek/Labyrinth/GLsec32.map
acdc102922a39b867a9f69acff80bfceec25784d009999adab22372156d3c0be	336	original/MagicMayhem_CD/Realms/Greek/Labyrinth/GLsec32.mps
9db24fd45b4ad31a612f6a448da2c7d44671fb5f92d823f9a36748b4e6c45209	3482	original/MagicMayhem_CD/Realms/Greek/Labyrinth/GLsec32.nod
a168257c88eca3c9ee5b77eadc35aee57d971ec1e02422c12955dd9333a953ac	664	original/MagicMayhem_CD/Realms/Greek/Labyrinth/GLsec33.evt
994fd90b4d37df73ed0ff54be3941bb4ea1fb3bc4fbfa9efbb87657911e24e5e	10460	original/MagicMayhem_CD/Realms/Greek/Labyrinth/GLsec33.map
90fde1fe8104d960670074aab9525fd9727638bb3339b2f4c807ce6a3b74b853	336	original/MagicMayhem_CD/Realms/Greek/Labyrinth/GLsec33.mps
6a4ab6a1f588a19f8fd39461998f7a2a4f7af206865103b76f05bd876343f7cf	2988	original/MagicMayhem_CD/Realms/Greek/Labyrinth/GLsec33.nod
bc5de961972b28c06b78b5fa38b8c959ddaf03d5762f40ec56b4b951a70e6468	16	original/MagicMayhem_CD/Realms/Greek/Labyrinth/GLsec34.evt
06afb4a1274358231bcb930ed899866acefbcee4d9b7fde764acb820145498af	10619	original/MagicMayhem_CD/Realms/Greek/Labyrinth/GLsec34.map
95c01b20cfcb3da0a49825085ebe06c537b110a5adf6a7eee64c0ff9f721f9b0	576	original/MagicMayhem_CD/Realms/Greek/Labyrinth/GLsec34.mps
5b72b84d366cb9ae3f86c32019fbd6477c4abcbefd53f1726334820ff6e584ab	6940	original/MagicMayhem_CD/Realms/Greek/Labyrinth/GLsec34.nod
64e041e8535ff51eddcfd2b996645a78d056558d46f1cea5b442a91e4ea9bf6e	9404	original/MagicMayhem_CD/Realms/Greek/Labyrinth/Terrain.ani
23a34cf528e86e61029ec6c16b3a1c617e7d858fea143941ea9288fac52b833a	1275068	original/MagicMayhem_CD/Realms/Greek/Labyrinth/Terrain.spr
b9a02d5435f7168f2c148203ead768ff1066dae694bc4eb15f987279245374f3	10164	original/MagicMayhem_CD/Realms/Greek/Labyrinth/Terrain.tag
ec4e1873579dd16fff529ea73471bfb90ad92166338053cf9f57342b334dc073	301548	original/MagicMayhem_CD/Realms/Greek/Labyrinth/Terrain.ttd
2fc0b69508923c98c27eca226268653ef5070f03a32816d7ab33dad43141d133	736	original/MagicMayhem_CD/Realms/Greek/Mountains/GMsec00.evt
e657bcefb635c5e005eec09cfc35ef8d789b629f495c21de74d9472c601f9702	25930	original/MagicMayhem_CD/Realms/Greek/Mountains/GMsec00.map
5d15ec7c906be6dbe389e3aa277ed81bfa887fc89219833018bb2f803eca3300	656	original/MagicMayhem_CD/Realms/Greek/Mountains/GMsec00.mps
3e8f59435dc9d7dd61de7f4d1c1dedb26868b4aace17f92653ebda8d67402726	39544	original/MagicMayhem_CD/Realms/Greek/Mountains/GMsec00.nod
a967e046f6b25527239db06434554588c82f025a9dcf4bf27b88d8cb44880baf	3184	original/MagicMayhem_CD/Realms/Greek/Mountains/GMsec01.evt
d1c975257af4f7c8af14a1ec4ffa3b902957230cea48f2a24410f607aacb7cee	62133	original/MagicMayhem_CD/Realms/Greek/Mountains/GMsec01.map
dced306cb9d9e13b0a79b565bd95ef01796170d17b0ae22629115b3001372391	856	original/MagicMayhem_CD/Realms/Greek/Mountains/GMsec01.mps
c0a1c17f32716e46490f24ef8773e665686e82151c5014804d04af11f38971cc	85980	original/MagicMayhem_CD/Realms/Greek/Mountains/GMsec01.nod
81e98dcad8fa36213000d17f1d5613ca7789ec67276d89ddedf054f1d526afb9	1528	original/MagicMayhem_CD/Realms/Greek/Mountains/GMsec02.evt
87869aac23d81204fb8909cd62993fbff3bc4eac9c7739df63f3f9bffd795a69	62748	original/MagicMayhem_CD/Realms/Greek/Mountains/GMsec02.map
56d3f58d8d0772e38e640fd3dcf9a9a2cfadfaf64341bd2b5744efcfd9422634	1136	original/MagicMayhem_CD/Realms/Greek/Mountains/GMsec02.mps
05d4656b80eb67f7b60d8d2fcc4c19b40ed95b6f74beb0cec89b68476f7c393e	60292	original/MagicMayhem_CD/Realms/Greek/Mountains/GMsec02.nod
03855cfcde5a6a53d4d2767648e4275d1da43ab9280c506aaf809ea7f38d3696	448	original/MagicMayhem_CD/Realms/Greek/Mountains/GMsec03.evt
16c6f4bb22fada75a5b48ea73ed80aaa3319038839ce2b83f6d939a38a9f2d06	31098	original/MagicMayhem_CD/Realms/Greek/Mountains/GMsec03.map
27b14bd4af30bc87f2e9609f5d8438e9f60014dff8cd2ec37ff652d6b9921b24	656	original/MagicMayhem_CD/Realms/Greek/Mountains/GMsec03.mps
e2ea2879803820a920d3a08e4e0b07b0f0785f0a3a66cf358f96669a996345da	25218	original/MagicMayhem_CD/Realms/Greek/Mountains/GMsec03.nod
bc5de961972b28c06b78b5fa38b8c959ddaf03d5762f40ec56b4b951a70e6468	16	original/MagicMayhem_CD/Realms/Greek/Mountains/GMsec04.evt
a9b5e2c53e9cf66a554075cb1295bd9a1cfaf80440cca964a453eb44bb9c1202	12638	original/MagicMayhem_CD/Realms/Greek/Mountains/GMsec04.map
860afab41205a97db41f35c2b8c9805af2401932d7b819809607add8182baa85	296	original/MagicMayhem_CD/Realms/Greek/Mountains/GMsec04.mps
f9e573621b99da787a7d17953ef9622524c6db9bb610544d5e65528e1901032f	14350	original/MagicMayhem_CD/Realms/Greek/Mountains/GMsec04.nod
bc5de961972b28c06b78b5fa38b8c959ddaf03d5762f40ec56b4b951a70e6468	16	original/MagicMayhem_CD/Realms/Greek/Mountains/GMsec05.evt
8dc87f35d127f233ad43bdb5c6eb9847297fdedbbaba9e7d1a41cffdccbdc292	12621	original/MagicMayhem_CD/Realms/Greek/Mountains/GMsec05.map
b08cb34fd6ee2e53005256d039c1d21137ae2c2e44645c574e26ebcd232f8782	456	original/MagicMayhem_CD/Realms/Greek/Mountains/GMsec05.mps
17a1240bc442745c60d0587317aa822173ee7290a31d5f4a4e32ee2444758fc6	12374	original/MagicMayhem_CD/Realms/Greek/Mountains/GMsec05.nod
8dc842c6dc990480d58b1ccedf096ef7c424964e437cfd20002123e50b6d3b7e	376	original/MagicMayhem_CD/Realms/Greek/Mountains/GMsec06.evt
b1df34fb5af690b14416e59cb1e1cd389b6dec255fbf24f7d4640982f3c870a9	12842	original/MagicMayhem_CD/Realms/Greek/Mountains/GMsec06.map
71cc5530f1dcd9651c98d1234cc2fed3acc9180a16449d978f8875116f989eb3	336	original/MagicMayhem_CD/Realms/Greek/Mountains/GMsec06.mps
3c3cf1c145bfa65af7732929b5d1a22e05d16327fc11ee7764617c97e388a569	14844	original/MagicMayhem_CD/Realms/Greek/Mountains/GMsec06.nod
8e709e12dfcb4549ca616204f91bcaa297f8d42877efcb7909521c6bda662f6a	88	original/MagicMayhem_CD/Realms/Greek/Mountains/GMsec07.evt
db410cc967e018f756b8b0d63aca7d80b337d1067064f1e603882fa7b6454086	12648	original/MagicMayhem_CD/Realms/Greek/Mountains/GMsec07.map
3a086d8b8da592c06068189987a362e48b586f3944b0a62fecf84888f13d6cea	296	original/MagicMayhem_CD/Realms/Greek/Mountains/GMsec07.mps
9d388edc438d2ad7b997c52e4e934496cd6403bd2f967539d1fe77825dcff0ec	11880	original/MagicMayhem_CD/Realms/Greek/Mountains/GMsec07.nod
3567b9875ade93d9c7a761a13cb93aef2566b0b5100982370302dfd8c431cd70	448	original/MagicMayhem_CD/Realms/Greek/Mountains/GMsec08.evt
ac9f131667ff6006c8b78ae550761fc13b167cf0c846c82ce3182539b774c012	16231	original/MagicMayhem_CD/Realms/Greek/Mountains/GMsec08.map
43b7ccd5975d41db7f3a926fa776ac5b7c3293d7364b698ca3c56fef31150ca2	376	original/MagicMayhem_CD/Realms/Greek/Mountains/GMsec08.mps
7d0647bed98c5a558e2edd622df6e4f10f449ceee469d1cf5440153103084d28	17314	original/MagicMayhem_CD/Realms/Greek/Mountains/GMsec08.nod
dac0067d8b2b3a070a1d9f2442d301575dd311c9d771e31d24f404bed8b476f0	88	original/MagicMayhem_CD/Realms/Greek/Mountains/GMsec10.evt
1c1ac368e55475ad76c49b6ff149f11adfc214c3ee19e4f876dc3e0f44a3c115	12670	original/MagicMayhem_CD/Realms/Greek/Mountains/GMsec10.map
37ca6280a7311494bc2ef332e9f00db453118e9e37eff298a24f1a7b785ab65b	656	original/MagicMayhem_CD/Realms/Greek/Mountains/GMsec10.mps
f76b0d4ea75afce3ad607de0027a3f001a9ee1761e1d2d3e3c141b69aabc6368	10892	original/MagicMayhem_CD/Realms/Greek/Mountains/GMsec10.nod
8dd04c577ea7543928cf7bfd3cafb53371d75a523e4c0ccc48ac9f7508f9f637	88	original/MagicMayhem_CD/Realms/Greek/Mountains/GMsec11.evt
82a8913980d5d0145314f3abd0645375ae2544aeddc15930d375ef5fd6175b28	12718	original/MagicMayhem_CD/Realms/Greek/Mountains/GMsec11.map
f0143a11b10350edb39f5f76aa4e5f62a067761f8ca6532d108fba02bda56c40	656	original/MagicMayhem_CD/Realms/Greek/Mountains/GMsec11.mps
5d28e2a4d9f70f3431e8c2462eb23a32b29e90c794d05aeb2dad75fc17e6ae21	13362	original/MagicMayhem_CD/Realms/Greek/Mountains/GMsec11.nod
8924bad9aa5f66bcaa2e144a44002e9acef69efb321fa5ce2e4f6a7dc4fa87fc	160	original/MagicMayhem_CD/Realms/Greek/Mountains/GMsec12.evt
f56134a048c8b8491b9e1d3e63ab5f30843f737e0e954a20f2c0a65652de25ab	12896	original/MagicMayhem_CD/Realms/Greek/Mountains/GMsec12.map
ca07c4064969d7cd89928302228c672ffd9bf2430c70c348b8914242a14ca9bb	816	original/MagicMayhem_CD/Realms/Greek/Mountains/GMsec12.mps
2cef2c9d30e97a4cb5143bbef9de803d03e3f51ff6032dc4e78c2fd5949e4c12	16326	original/MagicMayhem_CD/Realms/Greek/Mountains/GMsec12.nod
08156d2e614d821758117b6e7d03ff4c41ad31421314cb398f8a271c9c462e9b	88	original/MagicMayhem_CD/Realms/Greek/Mountains/GMsec13.evt
8408f6346418129a4cd8c7b54db7fb545ef5258212f2d3035adddb34716a7919	12780	original/MagicMayhem_CD/Realms/Greek/Mountains/GMsec13.map
75103a7a48fcaa38449dfdbc37c7ae4796a7111c8b3289a5b52b22139f22b12c	656	original/MagicMayhem_CD/Realms/Greek/Mountains/GMsec13.mps
2ea073494d5c22c1a2fb61df723acfa68fe55d6fcb35c76dfb5bbb2c145bef6d	10398	original/MagicMayhem_CD/Realms/Greek/Mountains/GMsec13.nod
68bf994199ce439642a3921d7f39f9aadbe2d53c581666d447e59c48887c8c82	88	original/MagicMayhem_CD/Realms/Greek/Mountains/GMsec14.evt
41990879de9a519d9a9543d5e7bd88786c190ef85139031d120cff253bd0f00d	12923	original/MagicMayhem_CD/Realms/Greek/Mountains/GMsec14.map
f64968105fef6256102919234fa03747217dafc508e1ab726fda53281508e4fa	896	original/MagicMayhem_CD/Realms/Greek/Mountains/GMsec14.mps
03272d40c290bbe0efe8ecc4278e15aaaa8804780e32e0233f1aa9f6f92b1dda	11880	original/MagicMayhem_CD/Realms/Greek/Mountains/GMsec14.nod
f5c88afdc8eb2ff4b1dc9725aee113d6da772792cc5eebe320134cb34045bd33	88	original/MagicMayhem_CD/Realms/Greek/Mountains/GMsec15.evt
34f721d8fdee78d57be071ee63f0bc8b1be8498c555b7e65e330d81f6c556c70	12628	original/MagicMayhem_CD/Realms/Greek/Mountains/GMsec15.map
88ad0f1c636b884e0b9d28cafdf1de7d5bd8f3e2e947d67376326e5e45b24195	696	original/MagicMayhem_CD/Realms/Greek/Mountains/GMsec15.mps
2be0dedc3e56a3d0c5d2d359e2f9fc0c12bf4eb3df7a00b921179d48fecb55f7	10892	original/MagicMayhem_CD/Realms/Greek/Mountains/GMsec15.nod
a173b24406d65da39d27630d05451d2fb3bb3bff345de0d7b8f865cd085f095b	88	original/MagicMayhem_CD/Realms/Greek/Mountains/GMsec16.evt
e31b79e1347d88f2a8fa94b41aa33693e804018309a210038478423753e40134	13150	original/MagicMayhem_CD/Realms/Greek/Mountains/GMsec16.map
dd458a31fb96a24902c477c70e9da9f095f2a044cee945e2c5579d84522176e5	656	original/MagicMayhem_CD/Realms/Greek/Mountains/GMsec16.mps
f342e45be7f003b06d3c03e5f4c2b2c33b8b42b3c62f23867bab45941ad0007d	17314	original/MagicMayhem_CD/Realms/Greek/Mountains/GMsec16.nod
203cc5210be2da2c61b3cccc6f447183c0d040a9fa77ff72ca907075a5b14621	88	original/MagicMayhem_CD/Realms/Greek/Mountains/GMsec17.evt
a4c2cdb0fe4f92a42493aa364d5aa936eca458dcac7613ed092a39da496a6fb6	12495	original/MagicMayhem_CD/Realms/Greek/Mountains/GMsec17.map
e7749a03872619d929222928dabbf66cfb3cf9d6e6e1aa3cfae1e8d6a27fd917	656	original/MagicMayhem_CD/Realms/Greek/Mountains/GMsec17.mps
96b5287e91dd95b47341b54ff59ddd459a592086ff70554cf327aa7547f16571	15832	original/MagicMayhem_CD/Realms/Greek/Mountains/GMsec17.nod
448fc0bfb7fbca291721619437d37ee2ce4574663f8784018c0f403928e52960	88	original/MagicMayhem_CD/Realms/Greek/Mountains/GMsec18.evt
a2a7c4c0cbdfb06fb1d83d38ff898a0d14673c2984d6d1d191ab5c069b3fc684	12669	original/MagicMayhem_CD/Realms/Greek/Mountains/GMsec18.map
99af63050d10f5f07199ff04ea217f5107de26464a836a898e411b9bc055f21d	656	original/MagicMayhem_CD/Realms/Greek/Mountains/GMsec18.mps
b9f72806f739af3a14804eb8b49dc6f7d4c64cd05a3d73b1e28a548b1270f716	13856	original/MagicMayhem_CD/Realms/Greek/Mountains/GMsec18.nod
60d37945e82bdb50f2fbde8a23b2c1c90eccad1789ccf800008b9b8b23b556ac	88	original/MagicMayhem_CD/Realms/Greek/Mountains/GMsec19.evt
065dd65a8dddc9320413f8292715eef74c8a2b5ecc60793e1c62697a810855d2	12866	original/MagicMayhem_CD/Realms/Greek/Mountains/GMsec19.map
6b50c75ee2c58458730d85a647706c261a75c5b4435200439afcf7b34206cd43	656	original/MagicMayhem_CD/Realms/Greek/Mountains/GMsec19.mps
09d89223a99f03348b5bff3fd9d0e3b3c80c9748eeb808288849152e0ce82959	13856	original/MagicMayhem_CD/Realms/Greek/Mountains/GMsec19.nod
9c254ffe18ca624a7cd8ed29b0000f36d6f40f34c0f6a4c9c7f4153452671c4b	88	original/MagicMayhem_CD/Realms/Greek/Mountains/GMsec20.evt
d001074d7b04b2d788214a3ca7d3c6d12fe76b59aea63fedac19cc50851dd76c	12660	original/MagicMayhem_CD/Realms/Greek/Mountains/GMsec20.map
d2d1dcac623a2af0ec1dddfaa40a7e30977a30b6669c76031b5e51c0320423f9	616	original/MagicMayhem_CD/Realms/Greek/Mountains/GMsec20.mps
20ceeddf82d13fe548492cfbed40d7e06c2e93439cde1a63fcc8f813bce566d9	12374	original/MagicMayhem_CD/Realms/Greek/Mountains/GMsec20.nod
19a5b36902b31de5b1f27eb13c0a003ec241184e94f87958c7af17e191f6a779	88	original/MagicMayhem_CD/Realms/Greek/Mountains/GMsec21.evt
2eec40c7065b09815e4711c9f490ca56c7488b49336a64b054baa944e0023b69	12642	original/MagicMayhem_CD/Realms/Greek/Mountains/GMsec21.map
0b15f84aa4048dfec4ce5239db0e4a7d45e88059d66350a14b4c7978d632e40c	656	original/MagicMayhem_CD/Realms/Greek/Mountains/GMsec21.mps
de1f76b9b5243dd67912a9f351063785cb6ffd5b8a355b0e54d77eeeb663b457	13362	original/MagicMayhem_CD/Realms/Greek/Mountains/GMsec21.nod
29cc6650847b4e027c8014d4b86af9cec4c50245ac51241871c9a1873ebdd0e5	88	original/MagicMayhem_CD/Realms/Greek/Mountains/GMsec22.evt
a6ce9a457e94937a69d8c9f4d65697cf82734561907c33a99d9a1fd69849f94b	12686	original/MagicMayhem_CD/Realms/Greek/Mountains/GMsec22.map
825b395c27d922463fa149a0eac201bd767dd639fec14a4bd37680f73c234443	656	original/MagicMayhem_CD/Realms/Greek/Mountains/GMsec22.mps
18e53348c69531a1641f4c97882fb79d6dc48a87398aba3abcc070a08108929d	11880	original/MagicMayhem_CD/Realms/Greek/Mountains/GMsec22.nod
e437d404afce0773464a3415d80da2295c8d686441bb4ec126b28ae3e38cf906	88	original/MagicMayhem_CD/Realms/Greek/Mountains/GMsec23.evt
4de062995d32ded481c244e7f29001284a2c9f38717006dbd549b0e38b245133	12693	original/MagicMayhem_CD/Realms/Greek/Mountains/GMsec23.map
5062b446b197c0c5102ed4a5c1533f449c2338d11872df7d3a943de81b0ef24b	656	original/MagicMayhem_CD/Realms/Greek/Mountains/GMsec23.mps
9d7906acf324a0f0f74b53cb087f9a7c34bc23741d375d78b35e3c1157022940	13856	original/MagicMayhem_CD/Realms/Greek/Mountains/GMsec23.nod
573d04c352601d1941f7a3e075f80a4a55fa160c8d7fd3c1217780c8a0480c1d	88	original/MagicMayhem_CD/Realms/Greek/Mountains/GMsec24.evt
55d5b4768835cb59499dabfa96da7a1133111715251f41cd5a329d7a1818224e	12599	original/MagicMayhem_CD/Realms/Greek/Mountains/GMsec24.map
a5d19a5dd83c89f742facc559956bd2008fd8a01526227221797d3c4370ebb79	656	original/MagicMayhem_CD/Realms/Greek/Mountains/GMsec24.mps
c19e9c80c7371ff5aaa90469bc3f19131aeca0824cc1b6099213f9eee1a88f61	10892	original/MagicMayhem_CD/Realms/Greek/Mountains/GMsec24.nod
4fd2e89e6d9e062d5d8e2996f1ef194c2ccf770d3c3b41b65281041f130dbf57	88	original/MagicMayhem_CD/Realms/Greek/Mountains/GMsec25.evt
0ffb3d8da9b684394a9c919b1edd01c83b7b772ae500b97a81f68b868f17a06c	13055	original/MagicMayhem_CD/Realms/Greek/Mountains/GMsec25.map
772ef9a10e283d3a1bec203de0e3fe2df532cd0ab1026e07fe317c2cde51bdae	656	original/MagicMayhem_CD/Realms/Greek/Mountains/GMsec25.mps
6cf6bc044a65305b5e0741dc29a0e30645a8be65892fdd25c0c51bdf95d5b2a6	12374	original/MagicMayhem_CD/Realms/Greek/Mountains/GMsec25.nod
9edf549bbf7c70f3891ec3d0b2b213cf56fd4cf2877ab230a107362931793bf0	88	original/MagicMayhem_CD/Realms/Greek/Mountains/GMsec26.evt
1d1bf505d6a16da4c37c98bbba1d28ddd815b9e20c0d88c8c85eb2c8a9b81d35	12738	original/MagicMayhem_CD/Realms/Greek/Mountains/GMsec26.map
a5ac108ea606e1c05e4a36050ab9825d8e6bbe5fbd6d5131c1a6681755d8d3e7	656	original/MagicMayhem_CD/Realms/Greek/Mountains/GMsec26.mps
8dc03bcd49b0fd8342b0c48138ab1740458b47317a0ccb3635685b78c1873e53	14844	original/MagicMayhem_CD/Realms/Greek/Mountains/GMsec26.nod
122e027c637b50dc2c6a0f2644d270e8e10c61f87d8c129d0572100c5a012e01	2792268	original/MagicMayhem_CD/Realms/Greek/Mountains/Terrain.spr
e216072bfe5124f9b0be6be8d0973cc637abc2fd62cb2926bf8120a681705ccb	19320	original/MagicMayhem_CD/Realms/Greek/Mountains/Terrain.tag
dbd3e91ade53dff47392925552642cb9c0cf42232b584eb0a0411f0320df72d2	573176	original/MagicMayhem_CD/Realms/Greek/Mountains/Terrain.ttd
672c1fd90f85e0d49d3c1bb09308f7f96a84364a910fa121d17f53971f491249	96	original/MagicMayhem_CD/Realms/Greek/Mountains/doors.ani
d6e22122cd158d16030d47781c36ca5e1ef81a8972a728975d345fb505638841	6032	original/MagicMayhem_CD/Realms/Greek/Mountains/terrain.ani
c5baf422071fef8204f38012a55e4bea36cdb3fb35496bb2b1104bfdb5601c55	880	original/MagicMayhem_CD/Realms/Greek/Plains/GPsec00.evt
cc794e4dd3e3863598249329a759f19fc46b0ab9631593f20ca0dc87ff0263ff	62305	original/MagicMayhem_CD/Realms/Greek/Plains/GPsec00.map
966d4ceff01624fba6b03ec83d66147d848ce17601dafa439b5b49d8f7502670	1216	original/MagicMayhem_CD/Realms/Greek/Plains/GPsec00.mps
15385f9f969eb42693c215b81ad071d29c5140c7b8fa65c2a082009aaa05d9a7	44484	original/MagicMayhem_CD/Realms/Greek/Plains/GPsec00.nod
9dc68f6ef4c5db5a830332eb9b800d1615788eb88acb31512ed3abe6e226596f	2032	original/MagicMayhem_CD/Realms/Greek/Plains/GPsec01.evt
5c40bb8c9960bf04aa214ff5e8e5b7c674b60000b2771aa591ebfae30ee1969e	58601	original/MagicMayhem_CD/Realms/Greek/Plains/GPsec01.map
eb91e20014a0dfef94caac2a692b49a8fd99e8bf9706fd7851a35f3aa7100266	1096	original/MagicMayhem_CD/Realms/Greek/Plains/GPsec01.mps
ff9050ccac7cf9896e8558acc7a64ca44de8a36e85ae09fb02dcd8778559ce8e	66714	original/MagicMayhem_CD/Realms/Greek/Plains/GPsec01.nod
4e93801521c1ecd9209a2cc44b8e7fa240299be47ac9169e71ea2374c34f4514	1600	original/MagicMayhem_CD/Realms/Greek/Plains/GPsec02.evt
811000ec548fa1b82fc19426ea9c47ffb9e41d02643356b907c5f14379af2fd4	62440	original/MagicMayhem_CD/Realms/Greek/Plains/GPsec02.map
c8d0c5fe78b44ab34cf6effff78d6494893df52726292e5c8d342ebf96017803	1296	original/MagicMayhem_CD/Realms/Greek/Plains/GPsec02.mps
95f1ecfcd6e78812a7cc56b9f26a8235e02c0486c1a810460d3d40632807b46c	84498	original/MagicMayhem_CD/Realms/Greek/Plains/GPsec02.nod
eddda76216c110c09ffdb5736f3709a87f25f3042def904ce22e7f60885ca710	160	original/MagicMayhem_CD/Realms/Greek/Plains/GPsec03.evt
db4567a8670d68ce262b37bed3640259e615f4631931780bd1e91c793d66fbe4	50015	original/MagicMayhem_CD/Realms/Greek/Plains/GPsec03.map
432d2e9975de96a2daf34bbfabe2644bbead1c46febc2476848385f37b7c0568	856	original/MagicMayhem_CD/Realms/Greek/Plains/GPsec03.mps
76c3e9d5290ab0cd57ead56c2211e2d72ee3d1087f1b60dd69e75bb8128bbb3e	45472	original/MagicMayhem_CD/Realms/Greek/Plains/GPsec03.nod
24c1ecb1da1b79927ea973fef016546db8cd8967fd17da642f08ec3b020d0743	88	original/MagicMayhem_CD/Realms/Greek/Plains/GPsec06.evt
32c130e0faa0a450084cad33e05295787f63a95c3f2e75cfb9354195020eb68e	12483	original/MagicMayhem_CD/Realms/Greek/Plains/GPsec06.map
8d373374f43504bd60f73173a392ede5e77bb6a658e963b3481c362a53512430	256	original/MagicMayhem_CD/Realms/Greek/Plains/GPsec06.mps
fa4c8054e2e4adc55ebf9c1e7dad36ddfc1a5ffc22d63fca96eeaf179aca9a74	12868	original/MagicMayhem_CD/Realms/Greek/Plains/GPsec06.nod
d794b88638041e34152da4f3caeed57686e1389dbeaf679fbe776bdc29f63f43	2464	original/MagicMayhem_CD/Realms/Greek/Plains/GPsec07.evt
3af87d7da14569ee5136419b4d6e7a2c72e16d14eb78c0182211f5992f09047e	13025	original/MagicMayhem_CD/Realms/Greek/Plains/GPsec07.map
fe54caef89475e6a4efa72ec0d4fbd5c25e1729588aca6f86a4e1a8c2c0514dc	256	original/MagicMayhem_CD/Realms/Greek/Plains/GPsec07.mps
f58dd410c5dd5a6c7ee9d3d6a8f9b5b5e216f61438082298ff7a4f866efe20f3	16326	original/MagicMayhem_CD/Realms/Greek/Plains/GPsec07.nod
980003c7825783829fe3b35f9d96ac26971969bfd1279d0afccf92dac17a33ec	448	original/MagicMayhem_CD/Realms/Greek/Plains/GPsec08.evt
144da00cfc0ba3e08a18a5b49d9aa3f4e61ca1c34262afa9dc2c5b6a25524a96	16111	original/MagicMayhem_CD/Realms/Greek/Plains/GPsec08.map
7ed62ff65c40d5cb994a19d028d12321c6f9ccb666959e614d0a6509e42b3449	256	original/MagicMayhem_CD/Realms/Greek/Plains/GPsec08.mps
b5ad80a26678a5d342b60386c11e76f09480f673c4dde1da97fc38cc28419e3e	20278	original/MagicMayhem_CD/Realms/Greek/Plains/GPsec08.nod
bc5de961972b28c06b78b5fa38b8c959ddaf03d5762f40ec56b4b951a70e6468	16	original/MagicMayhem_CD/Realms/Greek/Plains/GPsec10.evt
b69e419bdc2cfcd124c5d6a565e70ccbb598176dd28c63eefc5a329c9c278552	12583	original/MagicMayhem_CD/Realms/Greek/Plains/GPsec10.map
0d9787198d4cfb812434069b7a7703fbcfaf4fff349b0a6b5e6582aac50e9d9e	656	original/MagicMayhem_CD/Realms/Greek/Plains/GPsec10.mps
00075c74dc5f57db1cf6261e04ade4bbc1a824c12b78b4f6192e323088ca368e	9904	original/MagicMayhem_CD/Realms/Greek/Plains/GPsec10.nod
bc5de961972b28c06b78b5fa38b8c959ddaf03d5762f40ec56b4b951a70e6468	16	original/MagicMayhem_CD/Realms/Greek/Plains/GPsec11.evt
80347a4c447f540cbd16bc7bd6842106ebc8a88595bb74c950270b1a9f9dbc29	12658	original/MagicMayhem_CD/Realms/Greek/Plains/GPsec11.map
af9dc5353689201986a73a4a1bc4bbf6cddcba2f65b8a11bd1a782be2dfbd06f	656	original/MagicMayhem_CD/Realms/Greek/Plains/GPsec11.mps
89e5cd2122aa7e2ba0ce1ea608cf893b5119d3026f3e26a9e87c5f8cc9fb3c54	10398	original/MagicMayhem_CD/Realms/Greek/Plains/GPsec11.nod
bc5de961972b28c06b78b5fa38b8c959ddaf03d5762f40ec56b4b951a70e6468	16	original/MagicMayhem_CD/Realms/Greek/Plains/GPsec12.evt
72b8763676f004559c1f9fcb3ce85b347625ebcf355dd72674ea90c08dcbc50c	12476	original/MagicMayhem_CD/Realms/Greek/Plains/GPsec12.map
4543814b27f60b9022a911b5890db274369291779b825b55520d401f663d549d	616	original/MagicMayhem_CD/Realms/Greek/Plains/GPsec12.mps
61d167e514aefbf0580d80df1f7a9557824f7b765939505c0e5f122bfeac48cf	9904	original/MagicMayhem_CD/Realms/Greek/Plains/GPsec12.nod
bc5de961972b28c06b78b5fa38b8c959ddaf03d5762f40ec56b4b951a70e6468	16	original/MagicMayhem_CD/Realms/Greek/Plains/GPsec13.evt
191bf80eef701884dcb0619d543fe41ff950aaeabb7c9654ce4c406857aae04a	12451	original/MagicMayhem_CD/Realms/Greek/Plains/GPsec13.map
b091452802d5c31a3007d2677bbcb7f75a9dde385c628e717f17181d65c57ea3	616	original/MagicMayhem_CD/Realms/Greek/Plains/GPsec13.mps
4f1070be62533a2a2298133019a8a6b2286256416c8bb9dfb683dc8f1125feb6	12868	original/MagicMayhem_CD/Realms/Greek/Plains/GPsec13.nod
bc5de961972b28c06b78b5fa38b8c959ddaf03d5762f40ec56b4b951a70e6468	16	original/MagicMayhem_CD/Realms/Greek/Plains/GPsec14.evt
0a3f336849a739b2977bbdbe589bc40722688b5a066b3af29b05ada709c23991	12477	original/MagicMayhem_CD/Realms/Greek/Plains/GPsec14.map
38aa850bbdb7c8596d29dfb884f86981a25c705b7009fd162ea48e4554da5d8b	696	original/MagicMayhem_CD/Realms/Greek/Plains/GPsec14.mps
812d2b461c4fe03904593ced8ff32f5d0ce12839385f02f23398433b75f75fc9	10892	original/MagicMayhem_CD/Realms/Greek/Plains/GPsec14.nod
bc5de961972b28c06b78b5fa38b8c959ddaf03d5762f40ec56b4b951a70e6468	16	original/MagicMayhem_CD/Realms/Greek/Plains/GPsec20.evt
5564a965276f312eb9fa199d242efb37ec5ace1b04030131afadd8575c5d1b4b	12281	original/MagicMayhem_CD/Realms/Greek/Plains/GPsec20.map
426bc45dea5dd746d64f689d8fbe528ea08616ddf3b2714f66fad5b8850dfec9	616	original/MagicMayhem_CD/Realms/Greek/Plains/GPsec20.mps
24427c19e57a1d4a1ec632a7ff767a50c6a9aa165203edf90bfb10a6541c3c7b	7928	original/MagicMayhem_CD/Realms/Greek/Plains/GPsec20.nod
bc5de961972b28c06b78b5fa38b8c959ddaf03d5762f40ec56b4b951a70e6468	16	original/MagicMayhem_CD/Realms/Greek/Plains/GPsec21.evt
213c73c67849920928e245d02e69c045fde7273366914130b891ee857f5c5ef7	12405	original/MagicMayhem_CD/Realms/Greek/Plains/GPsec21.map
48de836fbd42160958a3e6027c4bbf5d98b54c7ec47bd99673a0684edf95a4bb	616	original/MagicMayhem_CD/Realms/Greek/Plains/GPsec21.mps
65aebf1983036ff5e897543637b63fb18f31b971f5cb1d85018d6c295e834779	7928	original/MagicMayhem_CD/Realms/Greek/Plains/GPsec21.nod
bc5de961972b28c06b78b5fa38b8c959ddaf03d5762f40ec56b4b951a70e6468	16	original/MagicMayhem_CD/Realms/Greek/Plains/GPsec22.evt
21d74dfeda444a8751a51a3c6d2fbe22812fb18028475bfa2cb36cbb1026da9c	12611	original/MagicMayhem_CD/Realms/Greek/Plains/GPsec22.map
d3247488f8f8c484519a8e62a7430ffa0dd417340ed70226aa9b7ae831d3883a	616	original/MagicMayhem_CD/Realms/Greek/Plains/GPsec22.mps
c057abde6956f39576e3570b0b0985bec5436ec8d43b118d9d3a527ac5481461	9904	original/MagicMayhem_CD/Realms/Greek/Plains/GPsec22.nod
bc5de961972b28c06b78b5fa38b8c959ddaf03d5762f40ec56b4b951a70e6468	16	original/MagicMayhem_CD/Realms/Greek/Plains/GPsec23.evt
da5b1f960d0f0631c79bc96c592c2d7aeeb66d8a2974c2fd3423b83a0a7dde73	12293	original/MagicMayhem_CD/Realms/Greek/Plains/GPsec23.map
0c61527f7588e78c973095432257f702eae4a82ac1d0c1ce9e807b7b6f263a0b	616	original/MagicMayhem_CD/Realms/Greek/Plains/GPsec23.mps
a905b2dd58e3293b0a1275414c638b6246f21453c0a18462dfe382b0ccd4e08b	8422	original/MagicMayhem_CD/Realms/Greek/Plains/GPsec23.nod
bc5de961972b28c06b78b5fa38b8c959ddaf03d5762f40ec56b4b951a70e6468	16	original/MagicMayhem_CD/Realms/Greek/Plains/GPsec24.evt
55444dbc42fb73e44e63b5bb6ae26ae5ceefe6aa0b0cf054cf488e0c46ce1b6f	12349	original/MagicMayhem_CD/Realms/Greek/Plains/GPsec24.map
abb094bbd6563a54e4a0950e8339d1ee7660b33f765ace04eb4986abfba02c65	616	original/MagicMayhem_CD/Realms/Greek/Plains/GPsec24.mps
11d2e89c61e4f8846ebc6969ad94b0d73be9100666afbe30ca6a2515c8f6d569	7928	original/MagicMayhem_CD/Realms/Greek/Plains/GPsec24.nod
bc5de961972b28c06b78b5fa38b8c959ddaf03d5762f40ec56b4b951a70e6468	16	original/MagicMayhem_CD/Realms/Greek/Plains/GPsec25.evt
64b325af993b7035db217bff1da542f853487451c1b8023ddac8f9d7c1d49d90	12333	original/MagicMayhem_CD/Realms/Greek/Plains/GPsec25.map
1927d92e72e38cdcfdb967fbf0b0de3eed50fda0a51324fc478dc16d980846f7	696	original/MagicMayhem_CD/Realms/Greek/Plains/GPsec25.mps
f7ff1a35e0ce9657242ae3765b918a3a31b1716e4770bc5bb22da7310ae9aed4	7928	original/MagicMayhem_CD/Realms/Greek/Plains/GPsec25.nod
bc5de961972b28c06b78b5fa38b8c959ddaf03d5762f40ec56b4b951a70e6468	16	original/MagicMayhem_CD/Realms/Greek/Plains/GPsec26.evt
0feb50aa38ae9482346287f067a1cc5c42dd34b23bcfa8c57f40cc0fdd162ad1	12331	original/MagicMayhem_CD/Realms/Greek/Plains/GPsec26.map
027aa82075551ff3af784e5966c53a0a11135892b76ba8a460d6f2322cfd9251	696	original/MagicMayhem_CD/Realms/Greek/Plains/GPsec26.mps
eeccf98829947282608827cc932f7a885b89786702d3f88ac630be51e2708885	8422	original/MagicMayhem_CD/Realms/Greek/Plains/GPsec26.nod
bc5de961972b28c06b78b5fa38b8c959ddaf03d5762f40ec56b4b951a70e6468	16	original/MagicMayhem_CD/Realms/Greek/Plains/GPsec27.evt
5d2bb945bd1df6d451136af860caa4b36b1e3372cbf3b0d1166d467ba55e7b65	12379	original/MagicMayhem_CD/Realms/Greek/Plains/GPsec27.map
6fb0996ff721a680119beb1cc53157a2929b4f910bd77985bc87b1a3fa9942f8	696	original/MagicMayhem_CD/Realms/Greek/Plains/GPsec27.mps
2f24ef20256a3d22ba817064d77170e1bf0d322307fc428668de6db8c7e7f65b	9410	original/MagicMayhem_CD/Realms/Greek/Plains/GPsec27.nod
bc5de961972b28c06b78b5fa38b8c959ddaf03d5762f40ec56b4b951a70e6468	16	original/MagicMayhem_CD/Realms/Greek/Plains/GPsec28.evt
28d2681d270acfb9b9af0d8d90407ef537d4a282d3f8dae10a3323d9ea527482	12526	original/MagicMayhem_CD/Realms/Greek/Plains/GPsec28.map
4fd2a09afbc638e6d144a57b93d8ba813c57e5de11bb94c486c08c4ab35bbbd6	696	original/MagicMayhem_CD/Realms/Greek/Plains/GPsec28.mps
84f34aaae7a40fbfe7fb55b90a5d8ebcf3716777b9b0ed4e555ccf108319cb6c	13362	original/MagicMayhem_CD/Realms/Greek/Plains/GPsec28.nod
bc5de961972b28c06b78b5fa38b8c959ddaf03d5762f40ec56b4b951a70e6468	16	original/MagicMayhem_CD/Realms/Greek/Plains/GPsec29.evt
f26d4f20e96e0ad0ecdbcb0e2acee09f63d50e310a96e7ae889cb55cfa398850	12575	original/MagicMayhem_CD/Realms/Greek/Plains/GPsec29.map
5f9dadef4219c3ad692cbbb6df56f8425e65758db7339cf714919ddb2ee18369	696	original/MagicMayhem_CD/Realms/Greek/Plains/GPsec29.mps
3a7deca958e1828ea1a157ffeed134ba2e785c8eb5f1fa4e0ff231d34b4351fa	7928	original/MagicMayhem_CD/Realms/Greek/Plains/GPsec29.nod
bc5de961972b28c06b78b5fa38b8c959ddaf03d5762f40ec56b4b951a70e6468	16	original/MagicMayhem_CD/Realms/Greek/Plains/GPsec30.evt
1d8d38e3053ed69c24cc4982f1dea3ac9df0a7d17d6230ba4886ad910b7d303d	12449	original/MagicMayhem_CD/Realms/Greek/Plains/GPsec30.map
c42659c1aa5560ea1c8f9948f78f2f6327454fa02895b08e859e8df7b550e07d	616	original/MagicMayhem_CD/Realms/Greek/Plains/GPsec30.mps
341c83057a56f401f68c4f66e46f7ac703a4541c5ff2048021784efbd6f54c69	9904	original/MagicMayhem_CD/Realms/Greek/Plains/GPsec30.nod
bc5de961972b28c06b78b5fa38b8c959ddaf03d5762f40ec56b4b951a70e6468	16	original/MagicMayhem_CD/Realms/Greek/Plains/GPsec31.evt
5d4653e3f2bb37c52385782a2d2b63904146821b7071714aed0d8c1babdb2b1e	12584	original/MagicMayhem_CD/Realms/Greek/Plains/GPsec31.map
898cb6d74c0b37b336c8eb7b3776bb815f069920d6521f35b45f3a42df8cd613	696	original/MagicMayhem_CD/Realms/Greek/Plains/GPsec31.mps
5023880f2ca67a4a850088d237d4de1a3eb0c5b167a9174219039c4c2fcc8a04	10892	original/MagicMayhem_CD/Realms/Greek/Plains/GPsec31.nod
bc5de961972b28c06b78b5fa38b8c959ddaf03d5762f40ec56b4b951a70e6468	16	original/MagicMayhem_CD/Realms/Greek/Plains/GPsec32.evt
361bda394fe502776b6eceb7d2bbceb19bfe74ace4a7ba41d1c2a8adc945320f	12446	original/MagicMayhem_CD/Realms/Greek/Plains/GPsec32.map
8b6d12266d3c2728c75bfbd36fcd3dfb432e4bfda19da89793bd1962347f8224	616	original/MagicMayhem_CD/Realms/Greek/Plains/GPsec32.mps
258c497f67bd1c30a89b2e44f6ae44f4096dbe287d3e49cb539e9a23ace7ee5d	10398	original/MagicMayhem_CD/Realms/Greek/Plains/GPsec32.nod
bc5de961972b28c06b78b5fa38b8c959ddaf03d5762f40ec56b4b951a70e6468	16	original/MagicMayhem_CD/Realms/Greek/Plains/GPsec33.evt
c3b3983d71d6ef506ecb72f94658f732945aff51b79fbe2b4ba46e8ac6410ed7	12468	original/MagicMayhem_CD/Realms/Greek/Plains/GPsec33.map
d47e6caea9661faf634bc9cb39e457d0a6df59929e911c29e3515762ae8f390d	616	original/MagicMayhem_CD/Realms/Greek/Plains/GPsec33.mps
f4c84823ad835493de4c86a9a42656a65342c6d610d38139b17d6394570cacd6	12374	original/MagicMayhem_CD/Realms/Greek/Plains/GPsec33.nod
bc5de961972b28c06b78b5fa38b8c959ddaf03d5762f40ec56b4b951a70e6468	16	original/MagicMayhem_CD/Realms/Greek/Plains/GPsec34.evt
a35bbde7a6907bb457ddd2a9a27ebd73dbce0d1d9f78eb8bc8bdaac1114ddf66	12447	original/MagicMayhem_CD/Realms/Greek/Plains/GPsec34.map
b976b4acc95287c5b996e4bd7adf26dbe5a55f48926a2f8b7a93e2d9b0fcf704	616	original/MagicMayhem_CD/Realms/Greek/Plains/GPsec34.mps
38699189918559527a06c8b51c4e9b0d2b8b984fe174a367329968850d9868e2	9904	original/MagicMayhem_CD/Realms/Greek/Plains/GPsec34.nod
bc5de961972b28c06b78b5fa38b8c959ddaf03d5762f40ec56b4b951a70e6468	16	original/MagicMayhem_CD/Realms/Greek/Plains/GPsec35.evt
95448792247890b5ffd762773c54f196caffd0f08252dc1c4974d4b02cd9e14d	12571	original/MagicMayhem_CD/Realms/Greek/Plains/GPsec35.map
958fc1eead69c80301f66ac6b346e1389dc7c0a83f119ccf8641823604f19cd3	616	original/MagicMayhem_CD/Realms/Greek/Plains/GPsec35.mps
56ccdbedf7db7ca46f09e039fe515a61fa9bd9b0ffcd5e1e80930adc7ed8a6ae	12868	original/MagicMayhem_CD/Realms/Greek/Plains/GPsec35.nod
bc5de961972b28c06b78b5fa38b8c959ddaf03d5762f40ec56b4b951a70e6468	16	original/MagicMayhem_CD/Realms/Greek/Plains/GPsec36.evt
8862d3734edef1f3cce0012175460928109d6e7e89f286c86be9cc2216282d83	12503	original/MagicMayhem_CD/Realms/Greek/Plains/GPsec36.map
d0c5010c06a668adb1f6b83ae9e2ff6184d92f0ec9994c7c56f77f74d8e7e518	616	original/MagicMayhem_CD/Realms/Greek/Plains/GPsec36.mps
0a08b966a2a419999787da04ab746abcc6345be0c40980e18204a2e1da0d8db9	12374	original/MagicMayhem_CD/Realms/Greek/Plains/GPsec36.nod
bc5de961972b28c06b78b5fa38b8c959ddaf03d5762f40ec56b4b951a70e6468	16	original/MagicMayhem_CD/Realms/Greek/Plains/GPsec37.evt
02dc7b4c77ae9960010879f5513cfba645334e6e022a6131f38f2c7e2add16f4	12649	original/MagicMayhem_CD/Realms/Greek/Plains/GPsec37.map
eae8d194ab90754b331ed27cbcaa8737c6a7f294d97f7572506bb29e55adb5f5	696	original/MagicMayhem_CD/Realms/Greek/Plains/GPsec37.mps
7c5e5399503d2ffcafd3646c459b887fa7d2d1acd84ebbd3a215feb3268ab301	9410	original/MagicMayhem_CD/Realms/Greek/Plains/GPsec37.nod
bc5de961972b28c06b78b5fa38b8c959ddaf03d5762f40ec56b4b951a70e6468	16	original/MagicMayhem_CD/Realms/Greek/Plains/GPsec38.evt
101e947ad27d51c762d4d367b1d5972db8f48ba74095c81cbc6d5047332ad951	12494	original/MagicMayhem_CD/Realms/Greek/Plains/GPsec38.map
d862ee215a737d5b0c383c8912360f25a84c58798fbf16ac7ad4a24101838bff	616	original/MagicMayhem_CD/Realms/Greek/Plains/GPsec38.mps
317e7e5d389c43baf0b391de355bdcc86352c6db4e988a6a3ebedc4aa60ea8d7	8916	original/MagicMayhem_CD/Realms/Greek/Plains/GPsec38.nod
bc5de961972b28c06b78b5fa38b8c959ddaf03d5762f40ec56b4b951a70e6468	16	original/MagicMayhem_CD/Realms/Greek/Plains/GPsec39.evt
4bada800178ddf3a9cc0a30b1dda844012c05bdb8b9cd4fc9e6980c7c8118f2a	12444	original/MagicMayhem_CD/Realms/Greek/Plains/GPsec39.map
9365d6207792f67f655de2b7ca3daead2f147750bef990309f336c5f2e3923cd	616	original/MagicMayhem_CD/Realms/Greek/Plains/GPsec39.mps
4b010e9ef139a875a841721b908dc4b68f399134ebdd9548b2b1efc70a0123d5	9904	original/MagicMayhem_CD/Realms/Greek/Plains/GPsec39.nod
bc5de961972b28c06b78b5fa38b8c959ddaf03d5762f40ec56b4b951a70e6468	16	original/MagicMayhem_CD/Realms/Greek/Plains/GPsec40.evt
955f112b4032ca6d292bed7be340e445323367df474bd40fd9cea1f8d2da5d77	12451	original/MagicMayhem_CD/Realms/Greek/Plains/GPsec40.map
dff17bfcbc776041059364a2370834e37800ac257f848d2f149b1c7346847213	616	original/MagicMayhem_CD/Realms/Greek/Plains/GPsec40.mps
1d6174c471c25a5ba67678de2c90aded91e471702ca6b281241e553aef7597eb	9904	original/MagicMayhem_CD/Realms/Greek/Plains/GPsec40.nod
bc5de961972b28c06b78b5fa38b8c959ddaf03d5762f40ec56b4b951a70e6468	16	original/MagicMayhem_CD/Realms/Greek/Plains/GPsec41.evt
2592d67e9544fcfe3c44591bc22deb42a7b19412d9daecc0cb402f35742a3daf	12534	original/MagicMayhem_CD/Realms/Greek/Plains/GPsec41.map
a421010c093e5095b296303c42715721edbbd77e310df994321f59117f2d33fb	616	original/MagicMayhem_CD/Realms/Greek/Plains/GPsec41.mps
1d8d462ac54376a4e756119bb6063c0b1eb1c4db9013486d26ff3ab9ad9c6e97	12374	original/MagicMayhem_CD/Realms/Greek/Plains/GPsec41.nod
bc5de961972b28c06b78b5fa38b8c959ddaf03d5762f40ec56b4b951a70e6468	16	original/MagicMayhem_CD/Realms/Greek/Plains/GPsec42.evt
1bb1c86f0e6da8c9797fde30403fd86ab8a8ff0f9be091c118e325ba93cd1327	12438	original/MagicMayhem_CD/Realms/Greek/Plains/GPsec42.map
d04b0627724fd78e3eb52d8dfc7ef2378d60bf74a64a4c45980e77fa5fccd47f	536	original/MagicMayhem_CD/Realms/Greek/Plains/GPsec42.mps
32199cbabf5f9d2ee822f75f20978d27d086e72f530209f1b37434fc7da9393d	8916	original/MagicMayhem_CD/Realms/Greek/Plains/GPsec42.nod
bc5de961972b28c06b78b5fa38b8c959ddaf03d5762f40ec56b4b951a70e6468	16	original/MagicMayhem_CD/Realms/Greek/Plains/GPsec43.evt
a7b79e981823620303d8307f490159daf88ac919008217df141b195cf4b7ce40	12663	original/MagicMayhem_CD/Realms/Greek/Plains/GPsec43.map
720a054b1e5262317e6bdf4005fb218963bd5f3543fbe2fc08d5b63e9de4ef20	696	original/MagicMayhem_CD/Realms/Greek/Plains/GPsec43.mps
215fb735779b922de1cf82222de0b56e485d19719db52cb47b0e1bedb4e64e65	14350	original/MagicMayhem_CD/Realms/Greek/Plains/GPsec43.nod
bc5de961972b28c06b78b5fa38b8c959ddaf03d5762f40ec56b4b951a70e6468	16	original/MagicMayhem_CD/Realms/Greek/Plains/GPsec44.evt
03a50e57dd5fa02384a6de8490da908ea1621bbdf13bfe5386ef58632fcbdd04	12572	original/MagicMayhem_CD/Realms/Greek/Plains/GPsec44.map
b17595c5e041608b4a70d6d1ee5713c2c0542c284e9bcfcc39d4b5d6d8dbdcc2	616	original/MagicMayhem_CD/Realms/Greek/Plains/GPsec44.mps
7a705871b0757b1b0d05ef40abac4125e16f56dbabb68f386056d9b7aa00a64f	11880	original/MagicMayhem_CD/Realms/Greek/Plains/GPsec44.nod
20dbd02d3735cf4ee2bdf5c05a6eae1a000b8b82ee47176bced697e4e30aee19	3849864	original/MagicMayhem_CD/Realms/Greek/Plains/Terrain.spr
f1a8aa1105d046a9e697b485387613b1fd0df230038dda8b14d82b7088fffac4	25452	original/MagicMayhem_CD/Realms/Greek/Plains/Terrain.tag
6c6f70e412cf3a91c27360439576fa4eb47c0260e123f28f51c462e74c87e252	755092	original/MagicMayhem_CD/Realms/Greek/Plains/Terrain.ttd
672c1fd90f85e0d49d3c1bb09308f7f96a84364a910fa121d17f53971f491249	96	original/MagicMayhem_CD/Realms/Greek/Plains/doors.ani
40746e7edca5ab2359fcdb55a8430777af9976bd5fed87ae43b5ebbdf9a7e1e3	6388	original/MagicMayhem_CD/Realms/Greek/Plains/terrain.ani
26774e681b6ffdb18dbd06a0651d4b1f09be62d9c01c73686289fe37772e0494	808	original/MagicMayhem_CD/Realms/Greek/Styx/GPsec04.evt
40cab25b605ce2c26e1af8202e9deda76932a1d156b1990458483e0efcc75f35	61996	original/MagicMayhem_CD/Realms/Greek/Styx/GPsec04.map
69ef6af57545c848b610551d2bdec70ba239198933609473e38d7be848095852	976	original/MagicMayhem_CD/Realms/Greek/Styx/GPsec04.mps
516c76e6ec10bec6dae2fc003c68f15ff9ed12e3130971aac80d3d1a39af9da5	68690	original/MagicMayhem_CD/Realms/Greek/Styx/GPsec04.nod
b01d3033f369d5a5d305090458eb0a5ed766882d84d1442c4d1947af7426a6e7	88	original/MagicMayhem_CD/Realms/Greek/Styx/GPsec05.evt
778ea8492ccb8539c3df3c6f963c164ae417b636e40592dd17e55e8360a6f417	12747	original/MagicMayhem_CD/Realms/Greek/Styx/GPsec05.map
e30875337766b1108b1f5b93f4c098f1a420bbfee879178af3dbd7b87f082036	296	original/MagicMayhem_CD/Realms/Greek/Styx/GPsec05.mps
9f9402fba88e24cc137cd2e26b61f415e7e4e8cab07f076efecec38191e61835	20278	original/MagicMayhem_CD/Realms/Greek/Styx/GPsec05.nod
bc5de961972b28c06b78b5fa38b8c959ddaf03d5762f40ec56b4b951a70e6468	16	original/MagicMayhem_CD/Realms/Greek/Styx/GPsec10.evt
78eb767a20bd4b9b03522fd45acd9e47e1a0cd3c2b7fb705882475f90c1e794e	12583	original/MagicMayhem_CD/Realms/Greek/Styx/GPsec10.map
0d9787198d4cfb812434069b7a7703fbcfaf4fff349b0a6b5e6582aac50e9d9e	656	original/MagicMayhem_CD/Realms/Greek/Styx/GPsec10.mps
00075c74dc5f57db1cf6261e04ade4bbc1a824c12b78b4f6192e323088ca368e	9904	original/MagicMayhem_CD/Realms/Greek/Styx/GPsec10.nod
bc5de961972b28c06b78b5fa38b8c959ddaf03d5762f40ec56b4b951a70e6468	16	original/MagicMayhem_CD/Realms/Greek/Styx/GPsec11.evt
8811eb0adc710dd3b6542e906ffc39417bfc98f21eaf2f824999f60ca565b905	12658	original/MagicMayhem_CD/Realms/Greek/Styx/GPsec11.map
af9dc5353689201986a73a4a1bc4bbf6cddcba2f65b8a11bd1a782be2dfbd06f	656	original/MagicMayhem_CD/Realms/Greek/Styx/GPsec11.mps
89e5cd2122aa7e2ba0ce1ea608cf893b5119d3026f3e26a9e87c5f8cc9fb3c54	10398	original/MagicMayhem_CD/Realms/Greek/Styx/GPsec11.nod
bc5de961972b28c06b78b5fa38b8c959ddaf03d5762f40ec56b4b951a70e6468	16	original/MagicMayhem_CD/Realms/Greek/Styx/GPsec12.evt
75be04de0f0678febb7ebceca16ee6dd929ddca067f8508e1e7b66673b6c65f1	12476	original/MagicMayhem_CD/Realms/Greek/Styx/GPsec12.map
4543814b27f60b9022a911b5890db274369291779b825b55520d401f663d549d	616	original/MagicMayhem_CD/Realms/Greek/Styx/GPsec12.mps
5a35496c22836316ec89b235273926a4fc67b4f1b49f9affe6015e49e0f8e1c9	10398	original/MagicMayhem_CD/Realms/Greek/Styx/GPsec12.nod
bc5de961972b28c06b78b5fa38b8c959ddaf03d5762f40ec56b4b951a70e6468	16	original/MagicMayhem_CD/Realms/Greek/Styx/GPsec13.evt
dc51b6793d112cc3ee2d7737b796a0013b36e389ee1448de85e90e9634321315	12451	original/MagicMayhem_CD/Realms/Greek/Styx/GPsec13.map
b091452802d5c31a3007d2677bbcb7f75a9dde385c628e717f17181d65c57ea3	616	original/MagicMayhem_CD/Realms/Greek/Styx/GPsec13.mps
4f1070be62533a2a2298133019a8a6b2286256416c8bb9dfb683dc8f1125feb6	12868	original/MagicMayhem_CD/Realms/Greek/Styx/GPsec13.nod
bc5de961972b28c06b78b5fa38b8c959ddaf03d5762f40ec56b4b951a70e6468	16	original/MagicMayhem_CD/Realms/Greek/Styx/GPsec14.evt
609c64d90f3f988a2d7b64a843d344099eeb8cc327ecf08ce0383b31c81e3fee	12477	original/MagicMayhem_CD/Realms/Greek/Styx/GPsec14.map
38aa850bbdb7c8596d29dfb884f86981a25c705b7009fd162ea48e4554da5d8b	696	original/MagicMayhem_CD/Realms/Greek/Styx/GPsec14.mps
43c1b3e854654b8339916560fc19c8ea89b31b430190b4994e93677d33510403	11386	original/MagicMayhem_CD/Realms/Greek/Styx/GPsec14.nod
bc5de961972b28c06b78b5fa38b8c959ddaf03d5762f40ec56b4b951a70e6468	16	original/MagicMayhem_CD/Realms/Greek/Styx/GPsec20.evt
124521727fa9ae221eb852167ad8c40889420aea5a34bcf6361e02c766940182	12281	original/MagicMayhem_CD/Realms/Greek/Styx/GPsec20.map
426bc45dea5dd746d64f689d8fbe528ea08616ddf3b2714f66fad5b8850dfec9	616	original/MagicMayhem_CD/Realms/Greek/Styx/GPsec20.mps
24427c19e57a1d4a1ec632a7ff767a50c6a9aa165203edf90bfb10a6541c3c7b	7928	original/MagicMayhem_CD/Realms/Greek/Styx/GPsec20.nod
bc5de961972b28c06b78b5fa38b8c959ddaf03d5762f40ec56b4b951a70e6468	16	original/MagicMayhem_CD/Realms/Greek/Styx/GPsec21.evt
a9079a291e6cd448f14d5d0250a9d0885439428a32bb06e5e3174239186664f7	12405	original/MagicMayhem_CD/Realms/Greek/Styx/GPsec21.map
48de836fbd42160958a3e6027c4bbf5d98b54c7ec47bd99673a0684edf95a4bb	616	original/MagicMayhem_CD/Realms/Greek/Styx/GPsec21.mps
65aebf1983036ff5e897543637b63fb18f31b971f5cb1d85018d6c295e834779	7928	original/MagicMayhem_CD/Realms/Greek/Styx/GPsec21.nod
bc5de961972b28c06b78b5fa38b8c959ddaf03d5762f40ec56b4b951a70e6468	16	original/MagicMayhem_CD/Realms/Greek/Styx/GPsec22.evt
01d17e8644e0230ed500c41409304a0033a283ce1c28bb758e97878dfe2aec5e	12611	original/MagicMayhem_CD/Realms/Greek/Styx/GPsec22.map
d3247488f8f8c484519a8e62a7430ffa0dd417340ed70226aa9b7ae831d3883a	616	original/MagicMayhem_CD/Realms/Greek/Styx/GPsec22.mps
c057abde6956f39576e3570b0b0985bec5436ec8d43b118d9d3a527ac5481461	9904	original/MagicMayhem_CD/Realms/Greek/Styx/GPsec22.nod
bc5de961972b28c06b78b5fa38b8c959ddaf03d5762f40ec56b4b951a70e6468	16	original/MagicMayhem_CD/Realms/Greek/Styx/GPsec23.evt
eec29bdc74984f75c60fe3e6cd056029a7f45703daac9f1ff9cfa341d318198c	12293	original/MagicMayhem_CD/Realms/Greek/Styx/GPsec23.map
0c61527f7588e78c973095432257f702eae4a82ac1d0c1ce9e807b7b6f263a0b	616	original/MagicMayhem_CD/Realms/Greek/Styx/GPsec23.mps
a905b2dd58e3293b0a1275414c638b6246f21453c0a18462dfe382b0ccd4e08b	8422	original/MagicMayhem_CD/Realms/Greek/Styx/GPsec23.nod
bc5de961972b28c06b78b5fa38b8c959ddaf03d5762f40ec56b4b951a70e6468	16	original/MagicMayhem_CD/Realms/Greek/Styx/GPsec24.evt
b7e1553557afe85c1d4cf12d2a3329ac3f63d35e90f4d6745e586d3a14408c03	12349	original/MagicMayhem_CD/Realms/Greek/Styx/GPsec24.map
abb094bbd6563a54e4a0950e8339d1ee7660b33f765ace04eb4986abfba02c65	616	original/MagicMayhem_CD/Realms/Greek/Styx/GPsec24.mps
11d2e89c61e4f8846ebc6969ad94b0d73be9100666afbe30ca6a2515c8f6d569	7928	original/MagicMayhem_CD/Realms/Greek/Styx/GPsec24.nod
bc5de961972b28c06b78b5fa38b8c959ddaf03d5762f40ec56b4b951a70e6468	16	original/MagicMayhem_CD/Realms/Greek/Styx/GPsec25.evt
b4bbe80d6d58f4e3625829daff269a7f6d6950ebc05372436d4c9e45f76ba38b	12333	original/MagicMayhem_CD/Realms/Greek/Styx/GPsec25.map
1927d92e72e38cdcfdb967fbf0b0de3eed50fda0a51324fc478dc16d980846f7	696	original/MagicMayhem_CD/Realms/Greek/Styx/GPsec25.mps
f7ff1a35e0ce9657242ae3765b918a3a31b1716e4770bc5bb22da7310ae9aed4	7928	original/MagicMayhem_CD/Realms/Greek/Styx/GPsec25.nod
bc5de961972b28c06b78b5fa38b8c959ddaf03d5762f40ec56b4b951a70e6468	16	original/MagicMayhem_CD/Realms/Greek/Styx/GPsec26.evt
fff7f0bd25ed60d5588ebd40e1201d1bcf1d439cc652d0981e73bc0194a998b8	12331	original/MagicMayhem_CD/Realms/Greek/Styx/GPsec26.map
027aa82075551ff3af784e5966c53a0a11135892b76ba8a460d6f2322cfd9251	696	original/MagicMayhem_CD/Realms/Greek/Styx/GPsec26.mps
eeccf98829947282608827cc932f7a885b89786702d3f88ac630be51e2708885	8422	original/MagicMayhem_CD/Realms/Greek/Styx/GPsec26.nod
bc5de961972b28c06b78b5fa38b8c959ddaf03d5762f40ec56b4b951a70e6468	16	original/MagicMayhem_CD/Realms/Greek/Styx/GPsec27.evt
296425eb76d37477589c433c51bd978aadfbfb419895b7620102c538bba08ae5	12379	original/MagicMayhem_CD/Realms/Greek/Styx/GPsec27.map
6fb0996ff721a680119beb1cc53157a2929b4f910bd77985bc87b1a3fa9942f8	696	original/MagicMayhem_CD/Realms/Greek/Styx/GPsec27.mps
2f24ef20256a3d22ba817064d77170e1bf0d322307fc428668de6db8c7e7f65b	9410	original/MagicMayhem_CD/Realms/Greek/Styx/GPsec27.nod
bc5de961972b28c06b78b5fa38b8c959ddaf03d5762f40ec56b4b951a70e6468	16	original/MagicMayhem_CD/Realms/Greek/Styx/GPsec28.evt
a92feb656b68b6db21821a611cef59b389dbef1311c613b83090817f09ff0b65	12526	original/MagicMayhem_CD/Realms/Greek/Styx/GPsec28.map
4fd2a09afbc638e6d144a57b93d8ba813c57e5de11bb94c486c08c4ab35bbbd6	696	original/MagicMayhem_CD/Realms/Greek/Styx/GPsec28.mps
84f34aaae7a40fbfe7fb55b90a5d8ebcf3716777b9b0ed4e555ccf108319cb6c	13362	original/MagicMayhem_CD/Realms/Greek/Styx/GPsec28.nod
bc5de961972b28c06b78b5fa38b8c959ddaf03d5762f40ec56b4b951a70e6468	16	original/MagicMayhem_CD/Realms/Greek/Styx/GPsec29.evt
65a4aecfdf792b2005cedf027da9835da454876326205fba0fbf6eb149b019e6	12575	original/MagicMayhem_CD/Realms/Greek/Styx/GPsec29.map
5f9dadef4219c3ad692cbbb6df56f8425e65758db7339cf714919ddb2ee18369	696	original/MagicMayhem_CD/Realms/Greek/Styx/GPsec29.mps
166be639ef9d3008e2ebc3e4f2a4a981ea5516953d8062c866fe7fd2e7eac002	8422	original/MagicMayhem_CD/Realms/Greek/Styx/GPsec29.nod
006291328b2086d96539e7339bb8b52a27370dc454a3b71021f554cfa85eaebb	88	original/MagicMayhem_CD/Realms/Greek/Styx/GPsec50.evt
71e3cd1d7820ba168208dbd9976a990011deab3b983f908034956e7840a0adf6	12931	original/MagicMayhem_CD/Realms/Greek/Styx/GPsec50.map
f8a0de74824f448f66717842e164dace3b9e13a34f9ed3614b6aef731d73697b	656	original/MagicMayhem_CD/Realms/Greek/Styx/GPsec50.mps
f367124cb3e68221ee6d68428404eaa99808c1434772c70a7a0c7b89276c7a46	18796	original/MagicMayhem_CD/Realms/Greek/Styx/GPsec50.nod
18557c8eb83341cbbc8a508265ca6d6972b97552478ca7ef818394b0c73cd12a	952	original/MagicMayhem_CD/Realms/Greek/Styx/GPsec51.evt
9b126cc603ba53efcd8b20405be2f6f145cd8aad991ecfa800cd23d05ac3b7fa	12961	original/MagicMayhem_CD/Realms/Greek/Styx/GPsec51.map
b5ed69216eb61e7fa90afb3871b084e4bb830cf44221a35e4a0d3e8b107506b4	536	original/MagicMayhem_CD/Realms/Greek/Styx/GPsec51.mps
7b72270c7525320ce539f89d762f9b88863368f8e974088f109643d6635d4bd1	21266	original/MagicMayhem_CD/Realms/Greek/Styx/GPsec51.nod
bc5de961972b28c06b78b5fa38b8c959ddaf03d5762f40ec56b4b951a70e6468	16	original/MagicMayhem_CD/Realms/Greek/Styx/GPsec52.evt
76105af151b6b9c0a0d9a4435de3598d14c12df585b98ce17cfe9db2762fd6d6	12718	original/MagicMayhem_CD/Realms/Greek/Styx/GPsec52.map
da75dc447c97b43060ac671f2e313ed0ab18911862cb3468f07edc5930445e57	616	original/MagicMayhem_CD/Realms/Greek/Styx/GPsec52.mps
12e34ecada97c5a03bd7ea53cf83e5115d6065dd55120b1dba7a58cd5de0e699	20772	original/MagicMayhem_CD/Realms/Greek/Styx/GPsec52.nod
bc5de961972b28c06b78b5fa38b8c959ddaf03d5762f40ec56b4b951a70e6468	16	original/MagicMayhem_CD/Realms/Greek/Styx/GPsec53.evt
4f293756b321fcbf5cf2fa74d0d1943edbbef1bcc873d3c587df4cfa950c8097	12722	original/MagicMayhem_CD/Realms/Greek/Styx/GPsec53.map
bfb65d26db5611452aab7e7942b69f8de071c986e2682a2060498cdc6008e254	616	original/MagicMayhem_CD/Realms/Greek/Styx/GPsec53.mps
7837bbeda70506eec4d9063314b9b8d95ae9d9e423152809f1cf2de5020c402c	15832	original/MagicMayhem_CD/Realms/Greek/Styx/GPsec53.nod
bc5de961972b28c06b78b5fa38b8c959ddaf03d5762f40ec56b4b951a70e6468	16	original/MagicMayhem_CD/Realms/Greek/Styx/GPsec54.evt
8a4f04b7322f22f41acf34a0e6c35884f2a970e3bbc83e95444ab90c003c2e3b	12610	original/MagicMayhem_CD/Realms/Greek/Styx/GPsec54.map
c5b514390cb85ad57399b437d07520a75483b994879e6b901aa920317790466c	616	original/MagicMayhem_CD/Realms/Greek/Styx/GPsec54.mps
1f2581724bc60b52b6d204086f09edb978cbd460227feb8a012cec73c70cb23f	19290	original/MagicMayhem_CD/Realms/Greek/Styx/GPsec54.nod
bc5de961972b28c06b78b5fa38b8c959ddaf03d5762f40ec56b4b951a70e6468	16	original/MagicMayhem_CD/Realms/Greek/Styx/GPsec55.evt
1897eac9d584111ee93c2ad7dd0d12dfccb95f260ac86a4328e90c9e8bb89b94	12755	original/MagicMayhem_CD/Realms/Greek/Styx/GPsec55.map
7df7dc41e49cbb943eef02f9b91cfa4e96351a0ca438ecc21314d818f7049f19	616	original/MagicMayhem_CD/Realms/Greek/Styx/GPsec55.mps
c9f7eabd5deffed1dd92a04af2f0d37e356839e606ea7d460f6c22b041c4d5ad	19290	original/MagicMayhem_CD/Realms/Greek/Styx/GPsec55.nod
edb485dbc254722d6f5d0a1c990d23ca41dd967075260236118b0c1912e0ca07	88	original/MagicMayhem_CD/Realms/Greek/Styx/GPsec56.evt
fbdc7700e81a95c1a978384e7af12f253c4bb8d7226387205886639670d6c28e	12456	original/MagicMayhem_CD/Realms/Greek/Styx/GPsec56.map
247eba9b5bb142e96f41b6a97b08aaefb20fdac401587b2d25378b96de625bf2	616	original/MagicMayhem_CD/Realms/Greek/Styx/GPsec56.mps
6248b5e971db8ba625b48d835019355707c7bdcc8208ffde960749791ad59209	14844	original/MagicMayhem_CD/Realms/Greek/Styx/GPsec56.nod
31cc1d026a378db5348ee8403197c43b0d59601652a3f47ab90df0dca28e9289	88	original/MagicMayhem_CD/Realms/Greek/Styx/GPsec57.evt
fd1986f9a6119917f47254409a369abefa3628d88fd78a123a2fdddd4552c000	12725	original/MagicMayhem_CD/Realms/Greek/Styx/GPsec57.map
e5eb1d832dd8715690eda8d668883626680566bc4f8a89d1cd309b921e252b0c	616	original/MagicMayhem_CD/Realms/Greek/Styx/GPsec57.mps
f0b2d39aee42653c2869fc4677413f1b1e8e42f79d95df5e8ab008f3c7b59bbc	23736	original/MagicMayhem_CD/Realms/Greek/Styx/GPsec57.nod
bc5de961972b28c06b78b5fa38b8c959ddaf03d5762f40ec56b4b951a70e6468	16	original/MagicMayhem_CD/Realms/Greek/Styx/GPsec58.evt
2e65aa57dda057f269fbd40393d760c3f61046c73a2b2db4d8eecf9dd43916a8	12605	original/MagicMayhem_CD/Realms/Greek/Styx/GPsec58.map
598c75e4cdfd58f829e1d2a096c7cdda5d4005677e69e0bfb3cd90e18a3f6d48	576	original/MagicMayhem_CD/Realms/Greek/Styx/GPsec58.mps
c7aae16e97c38b76a50ddccfb4db92a4b9a7d99490228c078c1c93be7e0ca191	21760	original/MagicMayhem_CD/Realms/Greek/Styx/GPsec58.nod
bc5de961972b28c06b78b5fa38b8c959ddaf03d5762f40ec56b4b951a70e6468	16	original/MagicMayhem_CD/Realms/Greek/Styx/GPsec59.evt
5beda40fde10fd0a2ec210fdf0f88a68eb613cf7d0eacc2c5ac449c138a9832c	12631	original/MagicMayhem_CD/Realms/Greek/Styx/GPsec59.map
d41cebaaff6b5f421eb72afaebb9dde0d6346d5508d7c07cad128031cbe0251d	616	original/MagicMayhem_CD/Realms/Greek/Styx/GPsec59.mps
222a0c906584255cef33dc0c93a677e66d357d05660ca80cfd68a3914fb54f5d	13362	original/MagicMayhem_CD/Realms/Greek/Styx/GPsec59.nod
672c1fd90f85e0d49d3c1bb09308f7f96a84364a910fa121d17f53971f491249	96	original/MagicMayhem_CD/Realms/Greek/Styx/doors.ani
422aff8e95aae9ffd98f5a390b9e67c223a2954736d37b5aad52fa0819c357ae	2944	original/MagicMayhem_CD/Realms/Greek/Village/Doors.ani
bc5de961972b28c06b78b5fa38b8c959ddaf03d5762f40ec56b4b951a70e6468	16	original/MagicMayhem_CD/Realms/Greek/Village/GVsec00.evt
395d78902eb0c1465b9be41c62b0e2ceb80eb8050cf281321d7574a8cbc8ccc8	31740	original/MagicMayhem_CD/Realms/Greek/Village/GVsec00.map
3583a04b3425cfb3599859e17bf28899c0a04dde1f86e9b921dba7efe5de695f	416	original/MagicMayhem_CD/Realms/Greek/Village/GVsec00.mps
cd4d051662e40b9446560f24520f75b83fd978f71bc43cbb6e2104bce834dd95	40038	original/MagicMayhem_CD/Realms/Greek/Village/GVsec00.nod
bc5de961972b28c06b78b5fa38b8c959ddaf03d5762f40ec56b4b951a70e6468	16	original/MagicMayhem_CD/Realms/Greek/Village/GVsec01.evt
d83c37e31ce9fc67a8ce1825ff2add0299d0b3d5af5bd1f5b93ac35ecb1e06cd	12315	original/MagicMayhem_CD/Realms/Greek/Village/GVsec01.map
480b855c3d8ac6d6f4a7ee4d36b2cd18aadac57cbf85fb24d142151146262c71	216	original/MagicMayhem_CD/Realms/Greek/Village/GVsec01.mps
25ee7bfae2e3bb1628eee6c336fba443b0d7d498fa663328749940de591592df	18302	original/MagicMayhem_CD/Realms/Greek/Village/GVsec01.nod
bc5de961972b28c06b78b5fa38b8c959ddaf03d5762f40ec56b4b951a70e6468	16	original/MagicMayhem_CD/Realms/Greek/Village/GVsec02.evt
30172a1eb8c00de0860f05a930cc228cd606d2a1bc8e20bad2a23d0241c4af47	12821	original/MagicMayhem_CD/Realms/Greek/Village/GVsec02.map
f2330ea6a2faf6d8cc84ce7ae4372786ae54734af3e67ee0a45345f0320f7ce2	616	original/MagicMayhem_CD/Realms/Greek/Village/GVsec02.mps
6ce16563e908745b15932153612c1fc1ddb04ae653f4855e460501729afdf978	23736	original/MagicMayhem_CD/Realms/Greek/Village/GVsec02.nod
bc5de961972b28c06b78b5fa38b8c959ddaf03d5762f40ec56b4b951a70e6468	16	original/MagicMayhem_CD/Realms/Greek/Village/GVsec04.evt
23bb1ea4991b04435e7bcad73026ad2870293bf3ce28ef469b86dd482fbae036	62766	original/MagicMayhem_CD/Realms/Greek/Village/GVsec04.map
5166d183368de155b3ffd4990520ff69a6630085c8cef4b05083265b9a8fb1a6	1296	original/MagicMayhem_CD/Realms/Greek/Village/GVsec04.mps
7a71b62fc06d8825c54c698556d0f9e20e6146554bc1edd35357fc68a563997e	58316	original/MagicMayhem_CD/Realms/Greek/Village/GVsec04.nod
bc5de961972b28c06b78b5fa38b8c959ddaf03d5762f40ec56b4b951a70e6468	16	original/MagicMayhem_CD/Realms/Greek/Village/GVsec05.evt
199134851274ce30d68ae73dc36dca93c7b59921833dbd33344c726b18a6165e	15337	original/MagicMayhem_CD/Realms/Greek/Village/GVsec05.map
b7031eb2f688b07dd3b13a90c98e1c6f09eebe2897af13571093bf55b1cfa5f4	336	original/MagicMayhem_CD/Realms/Greek/Village/GVsec05.mps
fa112d99bbd230bd8b06089a5b06e580f87a579578dadaa5cdcdd5b6c090bcb9	17314	original/MagicMayhem_CD/Realms/Greek/Village/GVsec05.nod
bc5de961972b28c06b78b5fa38b8c959ddaf03d5762f40ec56b4b951a70e6468	16	original/MagicMayhem_CD/Realms/Greek/Village/GVsec07.evt
7f9413a6d3d7c41e7b4da7fc068f55b73b32124a385ddcb52574bde767708c57	12344	original/MagicMayhem_CD/Realms/Greek/Village/GVsec07.map
8d2e88fe4520ace5df093d62abca40b8229e9723236297da388c96f71ac4e2ee	456	original/MagicMayhem_CD/Realms/Greek/Village/GVsec07.mps
2b46f3989b4fc78a827ea404fc06cff41904008fe5a20eccd642a054a159a467	11386	original/MagicMayhem_CD/Realms/Greek/Village/GVsec07.nod
bc5de961972b28c06b78b5fa38b8c959ddaf03d5762f40ec56b4b951a70e6468	16	original/MagicMayhem_CD/Realms/Greek/Village/GVsec08.evt
7d395e58d44f75dc89c9986c344e9dba11c5687a933fc72a8f08f9e84a53c896	12715	original/MagicMayhem_CD/Realms/Greek/Village/GVsec08.map
b712b5d03ff87b41e70aef13096247ee258b65ca7e9be31c3b29f196edc5a79b	336	original/MagicMayhem_CD/Realms/Greek/Village/GVsec08.mps
c038906b91b573f89a236d20b2ad032f35354b3b36555d69729ff48f42d74949	13856	original/MagicMayhem_CD/Realms/Greek/Village/GVsec08.nod
ea47f765c35781e7c9a1d006ae963f167fd8cfdae814e41909dd0de5033114a6	448	original/MagicMayhem_CD/Realms/Greek/Village/GVsec09.evt
6cc638fe4d2af0f738a12a790a9972355421db8da31f30131c485fa656bff2b7	12736	original/MagicMayhem_CD/Realms/Greek/Village/GVsec09.map
44d01878a8e27295f938bf0ddfb61e13023f5ce61ab8b02f7d6a334214a5aeae	616	original/MagicMayhem_CD/Realms/Greek/Village/GVsec09.mps
edf8486d690dde72cff3e065461df5e9bdb9b67fc5ab68450285627a85b5fb54	17314	original/MagicMayhem_CD/Realms/Greek/Village/GVsec09.nod
bc5de961972b28c06b78b5fa38b8c959ddaf03d5762f40ec56b4b951a70e6468	16	original/MagicMayhem_CD/Realms/Greek/Village/GVsec10.evt
910ed533c4444e3e24b48924e7d5f92d120691c0a3e446fc03b038c0548d44c2	12854	original/MagicMayhem_CD/Realms/Greek/Village/GVsec10.map
74702a1e281debf5abf00ce8baba39b4ae6707e0da742bb739d3fb23f067e0b9	856	original/MagicMayhem_CD/Realms/Greek/Village/GVsec10.mps
054b28c315d327721aaef98cfff443647193d0a4aed713e96ec334de470d1ac7	16820	original/MagicMayhem_CD/Realms/Greek/Village/GVsec10.nod
bc5de961972b28c06b78b5fa38b8c959ddaf03d5762f40ec56b4b951a70e6468	16	original/MagicMayhem_CD/Realms/Greek/Village/GVsec11.evt
fcbae4ace796ba47d5e8115b0a56de30932e2937c1771497ff92098d80fa607c	12764	original/MagicMayhem_CD/Realms/Greek/Village/GVsec11.map
09daabcf18061d93f3cc6522178b34d07a175653b5bdc3903c89a3522a5966b4	736	original/MagicMayhem_CD/Realms/Greek/Village/GVsec11.mps
e1169e227e711903de28ec740f0409f1451ef14489cb0432cf641b38b455fee1	17314	original/MagicMayhem_CD/Realms/Greek/Village/GVsec11.nod
bc5de961972b28c06b78b5fa38b8c959ddaf03d5762f40ec56b4b951a70e6468	16	original/MagicMayhem_CD/Realms/Greek/Village/GVsec12.evt
061845b927aab41bbeeb97e22579510fa2b68efe19e114dc3c15730ac6916a28	12980	original/MagicMayhem_CD/Realms/Greek/Village/GVsec12.map
9716d36cd6e30b1ed265c242ab75e34e6d9d3328c0ad9beb00bcee6828fd2736	736	original/MagicMayhem_CD/Realms/Greek/Village/GVsec12.mps
0c1103c6b02f3f3c69096ed4082acc8e6f7718548af2e9eda6ead591561a09dc	18302	original/MagicMayhem_CD/Realms/Greek/Village/GVsec12.nod
bc5de961972b28c06b78b5fa38b8c959ddaf03d5762f40ec56b4b951a70e6468	16	original/MagicMayhem_CD/Realms/Greek/Village/GVsec14.evt
0bc3e7ae241ed90ea11fbd64b0560235146fc28e80a4029762271fbf7a1c5d3f	12783	original/MagicMayhem_CD/Realms/Greek/Village/GVsec14.map
b3686d7ae7d042d23827bec3a69958bb53376e7adafa57c3719fcedc3816a65f	816	original/MagicMayhem_CD/Realms/Greek/Village/GVsec14.mps
ec19256cfdab569f470ead35827bf42054df1956ddf0e69accd4cdd394a8e21d	14350	original/MagicMayhem_CD/Realms/Greek/Village/GVsec14.nod
bc5de961972b28c06b78b5fa38b8c959ddaf03d5762f40ec56b4b951a70e6468	16	original/MagicMayhem_CD/Realms/Greek/Village/GVsec15.evt
dc46050adf059a1b3e3bd47b19a9a7c5ef32767d3d64e989f2e710febde3fe0a	12915	original/MagicMayhem_CD/Realms/Greek/Village/GVsec15.map
5ab98b1f70f0cc4bbd6d83e3ee08e84792cfc451e6543cb5dacce1fc0577c5c5	816	original/MagicMayhem_CD/Realms/Greek/Village/GVsec15.mps
a2572bb516d3fd6817ce91cd88fcbc4ec1143eaa7f024a2fd4cffc545029f1d3	15338	original/MagicMayhem_CD/Realms/Greek/Village/GVsec15.nod
bc5de961972b28c06b78b5fa38b8c959ddaf03d5762f40ec56b4b951a70e6468	16	original/MagicMayhem_CD/Realms/Greek/Village/GVsec16.evt
d326848b293c4e4297aa0b27beac5cf4eca941d14e610067ccf25cd4f5e94956	12948	original/MagicMayhem_CD/Realms/Greek/Village/GVsec16.map
6de6bf529ba3ef9df7f54a86e1ac4ed30bc553d882993baf97dbdcd94c8d7f2b	816	original/MagicMayhem_CD/Realms/Greek/Village/GVsec16.mps
a0e56b320481cc67f54d6ff7a3413187725dc65b6a7cbb715d1f2291a90c3f0f	19784	original/MagicMayhem_CD/Realms/Greek/Village/GVsec16.nod
bc5de961972b28c06b78b5fa38b8c959ddaf03d5762f40ec56b4b951a70e6468	16	original/MagicMayhem_CD/Realms/Greek/Village/GVsec17.evt
f8f36f1a45b20102a121569b29ca5b142bfdc582782a2074a72cf200065c743f	13065	original/MagicMayhem_CD/Realms/Greek/Village/GVsec17.map
3f269aa4b6b8b16b55aee2f4e354ded4fb6da84dcbbd0a587f82dec27e5fc508	896	original/MagicMayhem_CD/Realms/Greek/Village/GVsec17.mps
5250500e47610c3cb0167a4f3fab193ea936b804110701858af1f5ce1b517ccb	19290	original/MagicMayhem_CD/Realms/Greek/Village/GVsec17.nod
bc5de961972b28c06b78b5fa38b8c959ddaf03d5762f40ec56b4b951a70e6468	16	original/MagicMayhem_CD/Realms/Greek/Village/GVsec18.evt
05ff454ab0928a2e5a28a368f5bb833a94338722095364cb1b06f8613da1b4b4	12647	original/MagicMayhem_CD/Realms/Greek/Village/GVsec18.map
4292c14091e7fbb525b578afcf9ad3d69a32a60a0b611a0d0f84d4da9470e8ae	816	original/MagicMayhem_CD/Realms/Greek/Village/GVsec18.mps
9f12055c024c7adb01bca26756bf45eda18b5348086956406b1ad5f01c574dee	14350	original/MagicMayhem_CD/Realms/Greek/Village/GVsec18.nod
7c1aef3cc729ea1383bfea7f4618aadc4fb1cbfceac3659504afb50ef8df940b	88	original/MagicMayhem_CD/Realms/Greek/Village/GVsec19.evt
077076c1c4cbedc85027d64d0434b37343a5bfcb3c31a9af8bfbf0951c4c0255	12735	original/MagicMayhem_CD/Realms/Greek/Village/GVsec19.map
00c472597a38c1a25bb47d443868d2c456694c4444c404c9aad256f5840a3bcd	696	original/MagicMayhem_CD/Realms/Greek/Village/GVsec19.mps
9e36be9b1c01f64d5253466c9a0c04d595c1270914cc2bd83a67b458cdc0644f	13362	original/MagicMayhem_CD/Realms/Greek/Village/GVsec19.nod
9c34222eeaafa6b3408e07d2c6be518e6d6042d786b7841e9d53e51d19d418c3	448	original/MagicMayhem_CD/Realms/Greek/Village/GVsec21.evt
62e01a0f3c28d9ef107d88b6add8b51ffc4cf8c098644ab0f9820ce09c7f1612	19930	original/MagicMayhem_CD/Realms/Greek/Village/GVsec21.map
0fae65a79378e891facfafca953a795e54bfdbfe3ea6189dc63085d5fe4a3f8a	296	original/MagicMayhem_CD/Realms/Greek/Village/GVsec21.mps
269871ae1c38c003fdefb4ad8d7cf9184da57878fd65f10cf5382bc1f758546b	26206	original/MagicMayhem_CD/Realms/Greek/Village/GVsec21.nod
b29818cb2dfe0926e3865ac66c0fedb5d037f7702ee89418ce8871c6cb3d4d01	304	original/MagicMayhem_CD/Realms/Greek/Village/GVsec22.evt
50e30733e70d81621eb58c5a65ba37c1da90830428da75d216ffc948db64827a	19780	original/MagicMayhem_CD/Realms/Greek/Village/GVsec22.map
915db0367df49f5b45f58cf2ee5a82842f63136590fa1b4e21a0092751ec0cb1	296	original/MagicMayhem_CD/Realms/Greek/Village/GVsec22.mps
6acb6c01ce3d95b0284bca6a514d838acdc2100010f4d8ab04ec8411d9138357	24230	original/MagicMayhem_CD/Realms/Greek/Village/GVsec22.nod
bb2d7f94dd52050d224680bac78947ad0e0140d0956f0fc151b825fe51b2a596	232	original/MagicMayhem_CD/Realms/Greek/Village/GVsec23.evt
6f2f951c15a01648e6a05bf29527e829ef182e70d41a943a1c3792d65e45c0d1	19861	original/MagicMayhem_CD/Realms/Greek/Village/GVsec23.map
0f2c745b5a4c59c80fa77e518f985170a891d83e144e6183668cfa6f238a0bd0	296	original/MagicMayhem_CD/Realms/Greek/Village/GVsec23.mps
de9be9f610c6dd06426a70b8e12c2fdf81a13cce859293d3b00e34ab178917ec	23736	original/MagicMayhem_CD/Realms/Greek/Village/GVsec23.nod
68c3c004898fdc8cbe68a10e80e9dc65237ba9726895e84d77f89e9e0ed58845	160	original/MagicMayhem_CD/Realms/Greek/Village/GVsec24.evt
22f062a6c3e4dd8607c7035cdf9c8407dff579cbd03bff66600df776a488dd70	19747	original/MagicMayhem_CD/Realms/Greek/Village/GVsec24.map
fdb3144760c9bb50faa4643b8c5c235d26c00134c9bfa6008df627f0c0b0c674	296	original/MagicMayhem_CD/Realms/Greek/Village/GVsec24.mps
bfc67895b821b61fab311d29c7127f630b8182a43fb63aa26094bd3cc09e2af3	27194	original/MagicMayhem_CD/Realms/Greek/Village/GVsec24.nod
85d277ae7c9df4309bef4eb11669ea70f40f0680a884afbba11587abf1e4e962	88	original/MagicMayhem_CD/Realms/Greek/Village/GVsec25.evt
87175497cfac4ec43cfbe9fc3f442fe04f4d5c2160bbf95ebd281d6a492cf743	19421	original/MagicMayhem_CD/Realms/Greek/Village/GVsec25.map
0397e7e8ef95b448b7981012a3c95a3fcaa24bd2b3b589b3c5e22a86ec655205	376	original/MagicMayhem_CD/Realms/Greek/Village/GVsec25.mps
4d7e3ca19f664bc28be0de85210a28cc5f6bd0f3538d841006841ee76b123ab2	23736	original/MagicMayhem_CD/Realms/Greek/Village/GVsec25.nod
bc5de961972b28c06b78b5fa38b8c959ddaf03d5762f40ec56b4b951a70e6468	16	original/MagicMayhem_CD/Realms/Greek/Village/GVsec26.evt
a187c7bde33d76640c823847d8eabffb3d764717c6858e580689570118f9cf35	19230	original/MagicMayhem_CD/Realms/Greek/Village/GVsec26.map
5cc18f2ed7baf537ab57a50c575ec451ba4aa8dce1fa01d82ce7fe0062bddd1f	376	original/MagicMayhem_CD/Realms/Greek/Village/GVsec26.mps
a33d91ae538b888d3ac7d3d0cc69d0d249d3c556ee7d26a05f1f1e2c24d9bb70	23242	original/MagicMayhem_CD/Realms/Greek/Village/GVsec26.nod
eed3271c661a3438756b74e2a762cbc574bde67db28379186ea541c9a6c8e59d	88	original/MagicMayhem_CD/Realms/Greek/Village/GVsec27.evt
4e21ba9695256a073fbafc2efd2c3a8cc7e998ea0096f39fa5077f3ba3404d04	19238	original/MagicMayhem_CD/Realms/Greek/Village/GVsec27.map
7d4a07a8636912cc85ba82dfcf9f5edf29f53991f6910fb127348a72b68ae9ba	376	original/MagicMayhem_CD/Realms/Greek/Village/GVsec27.mps
3264c9fe595b8fee0a8bac36792105f4054bb6abd305c4c8df222c54b09081f6	21266	original/MagicMayhem_CD/Realms/Greek/Village/GVsec27.nod
bc5de961972b28c06b78b5fa38b8c959ddaf03d5762f40ec56b4b951a70e6468	16	original/MagicMayhem_CD/Realms/Greek/Village/GVsec28.evt
179b4f989704e2490c9ebacea36feb6d4b741967d505915d0f04fd538c1d072e	19309	original/MagicMayhem_CD/Realms/Greek/Village/GVsec28.map
7e111b041af6bb95f50e5d98e135f81d3b2d1f9dc7dc834ed67ec6c2138c1c4f	376	original/MagicMayhem_CD/Realms/Greek/Village/GVsec28.mps
0c32d73034d31dee7f08d670b3449f217d47d3ce289d18944ec3353868e427ba	22748	original/MagicMayhem_CD/Realms/Greek/Village/GVsec28.nod
bc5de961972b28c06b78b5fa38b8c959ddaf03d5762f40ec56b4b951a70e6468	16	original/MagicMayhem_CD/Realms/Greek/Village/GVsec29.evt
c66f1e0a26745b7c0f19208690b3740be8711939991948d00508b4652000492b	19357	original/MagicMayhem_CD/Realms/Greek/Village/GVsec29.map
98a5d9f5079437a19e68cc17b1f9f03d6b38fd9914f664aa5819655bc78c9129	336	original/MagicMayhem_CD/Realms/Greek/Village/GVsec29.mps
2bd376eb93b8ea033a20eaab5e76d96a1438b9c9a05850a1aad8283facd1c57f	24230	original/MagicMayhem_CD/Realms/Greek/Village/GVsec29.nod
bc5de961972b28c06b78b5fa38b8c959ddaf03d5762f40ec56b4b951a70e6468	16	original/MagicMayhem_CD/Realms/Greek/Village/GVsec30.evt
f1a039707929242c5a94026d7d9a8a0da4de523a63e03c1dfaffb1523d5195b9	19141	original/MagicMayhem_CD/Realms/Greek/Village/GVsec30.map
1a519cf722383ee5ce138ea7345a46931b8e9cc6db4ff4eeb0be0a080e600dae	376	original/MagicMayhem_CD/Realms/Greek/Village/GVsec30.mps
bed9da63fd8f7ac1d1c4419bb32b385a80c7f7122bbcb2110eb6a27644541f93	18302	original/MagicMayhem_CD/Realms/Greek/Village/GVsec30.nod
bc5de961972b28c06b78b5fa38b8c959ddaf03d5762f40ec56b4b951a70e6468	16	original/MagicMayhem_CD/Realms/Greek/Village/GVsec31.evt
65ef525d17b5e83d3d6a86ca2e0a005229dd5774fcd15d6af06ae81ca9c4f1e0	18988	original/MagicMayhem_CD/Realms/Greek/Village/GVsec31.map
29520ec24643d1b3579908f27f3ae9dae8f84030ce457f8fadcbc64a7c09de2d	376	original/MagicMayhem_CD/Realms/Greek/Village/GVsec31.mps
e7ab364f887e085f665831c86763dd317818dc94df79f1751eaed6c71b982e7e	18796	original/MagicMayhem_CD/Realms/Greek/Village/GVsec31.nod
bc5de961972b28c06b78b5fa38b8c959ddaf03d5762f40ec56b4b951a70e6468	16	original/MagicMayhem_CD/Realms/Greek/Village/GVsec32.evt
aec75c9bd09948e6fa5dd90032d97b579e7ec5162521e4a08ed89c857848dccb	12680	original/MagicMayhem_CD/Realms/Greek/Village/GVsec32.map
65218434bab70dca3e147da62eaf6462ab9339cedeb11d2e191a1c5f6dfcb6ff	176	original/MagicMayhem_CD/Realms/Greek/Village/GVsec32.mps
4651c4e71380535e44ec3daff023883206433dec3918b91a32956f7998c6e1e1	18302	original/MagicMayhem_CD/Realms/Greek/Village/GVsec32.nod
359936cc26db7aaeeeece1db2d85c2c368246e0b05486a5528591f443a905e00	160	original/MagicMayhem_CD/Realms/Greek/Village/GVsec33.evt
32304e0e5e8456ccdfeff6347bc55d179acbca8dd7f0fa9df1ea0b7c56fba9ae	19327	original/MagicMayhem_CD/Realms/Greek/Village/GVsec33.map
86eb11a348e1c4034b2d5fb18690f9dbd810859bf9ef3e902e5a0f3da25315d1	296	original/MagicMayhem_CD/Realms/Greek/Village/GVsec33.mps
c750952ec89ef868ebd10fc7ed6784322dd0e110d2a5937e3b7c562c9845c03e	22748	original/MagicMayhem_CD/Realms/Greek/Village/GVsec33.nod
9c34222eeaafa6b3408e07d2c6be518e6d6042d786b7841e9d53e51d19d418c3	448	original/MagicMayhem_CD/Realms/Greek/Village/GVsec34.evt
d040af7c15a8d570d8ba3a2de616aa1ab1cb910fa4441084c38e3365f0b7d82a	19534	original/MagicMayhem_CD/Realms/Greek/Village/GVsec34.map
a924be235d356482871c14fed9b51a792ea899a9e85c8e26f8abf1fbc80c8e4d	136	original/MagicMayhem_CD/Realms/Greek/Village/GVsec34.mps
15a2332f193e099b4934e3ff4eff91bbf9589b1b20c8460e013e9e605b01152c	19290	original/MagicMayhem_CD/Realms/Greek/Village/GVsec34.nod
bc5de961972b28c06b78b5fa38b8c959ddaf03d5762f40ec56b4b951a70e6468	16	original/MagicMayhem_CD/Realms/Greek/Village/GVsec50.evt
bb349fd5a60785d4066988a4caffdd3135be415461065ea46f4c23ac86638199	12720	original/MagicMayhem_CD/Realms/Greek/Village/GVsec50.map
ed87e97974d5077322aa6c179929e61aa88a99f99adc0748853ab0232e451a6a	416	original/MagicMayhem_CD/Realms/Greek/Village/GVsec50.mps
a108924efe9dec4cb210591d771fe9df5615b7c86e4aa0b97a2bfc73559b5ee7	9904	original/MagicMayhem_CD/Realms/Greek/Village/GVsec50.nod
bc5de961972b28c06b78b5fa38b8c959ddaf03d5762f40ec56b4b951a70e6468	16	original/MagicMayhem_CD/Realms/Greek/Village/GVsec51.evt
52f6a6df5645998372a829add2de43898af3012a622706a3672e21ad95e7f2eb	12719	original/MagicMayhem_CD/Realms/Greek/Village/GVsec51.map
d6008999e566d8efca40e639969a8747ffd50ad7cfd7dcfd6883fbac0693019f	416	original/MagicMayhem_CD/Realms/Greek/Village/GVsec51.mps
5561befb21333db2acbcca09e58fcc8425c5057ec830f11fe5412588f2cc14fa	19290	original/MagicMayhem_CD/Realms/Greek/Village/GVsec51.nod
bc5de961972b28c06b78b5fa38b8c959ddaf03d5762f40ec56b4b951a70e6468	16	original/MagicMayhem_CD/Realms/Greek/Village/GVsec52.evt
dde47dff71d4fd3e8a5b1a792c06d1d9e3deb8a2ad4402861a3d24a15ac27db3	12498	original/MagicMayhem_CD/Realms/Greek/Village/GVsec52.map
1853a81163f67270a8ff42370bcc2107e70980656c5bddbcfe5d911a36da488b	416	original/MagicMayhem_CD/Realms/Greek/Village/GVsec52.mps
e5be6f0071ac956c987c8687e3f17fd0b6d8d1698f024bb53f8083b5a9308358	10892	original/MagicMayhem_CD/Realms/Greek/Village/GVsec52.nod
bc5de961972b28c06b78b5fa38b8c959ddaf03d5762f40ec56b4b951a70e6468	16	original/MagicMayhem_CD/Realms/Greek/Village/GVsec53.evt
0c3be24c8eb1aced9fbef15251bda9417f5d0bcec44cef159c9f13945d6ab8f6	12466	original/MagicMayhem_CD/Realms/Greek/Village/GVsec53.map
7164bfeb3ae6476032a9bd6c1061a1444cc9b6bc66c9ae491d78e986b7caa26e	416	original/MagicMayhem_CD/Realms/Greek/Village/GVsec53.mps
615ae2a147631d4ccc4037c236ce743e84e3b2bcb22f4d633c70a15057d72ec5	13362	original/MagicMayhem_CD/Realms/Greek/Village/GVsec53.nod
bc5de961972b28c06b78b5fa38b8c959ddaf03d5762f40ec56b4b951a70e6468	16	original/MagicMayhem_CD/Realms/Greek/Village/GVsec54.evt
19b09656b6fdb542a6d7d3f5bf1438fe82bc22266cb527b5bddf3d261dbfe52f	12765	original/MagicMayhem_CD/Realms/Greek/Village/GVsec54.map
332f26aa6fca16b39ca7a2b11ea28ebf3008939c9e72a77bc3e2a32cfc3c969c	416	original/MagicMayhem_CD/Realms/Greek/Village/GVsec54.mps
d8bdd5a198d2803bca2254b8820e1b0aa9f870c85af800a02836a1b079a52096	16326	original/MagicMayhem_CD/Realms/Greek/Village/GVsec54.nod
bc5de961972b28c06b78b5fa38b8c959ddaf03d5762f40ec56b4b951a70e6468	16	original/MagicMayhem_CD/Realms/Greek/Village/GVsec55.evt
a1314bc445d1f8c939b693f46e64395659049458c1b3d33a0aecc895d8ac7b17	12844	original/MagicMayhem_CD/Realms/Greek/Village/GVsec55.map
71974938e82d9243f14d3842c92f130485b3d9f00634987bab70372d5a6619c6	416	original/MagicMayhem_CD/Realms/Greek/Village/GVsec55.mps
129d7331c3daf79e26f0ddf1e0a9f6a6a4c9ea6b69cad3198295ec05a1cadd10	16820	original/MagicMayhem_CD/Realms/Greek/Village/GVsec55.nod
bc5de961972b28c06b78b5fa38b8c959ddaf03d5762f40ec56b4b951a70e6468	16	original/MagicMayhem_CD/Realms/Greek/Village/GVsec56.evt
66d679820cce3944a4c09ac5c9d656b3d36c4ca3ab7d606e1031fc0d98edd2a5	12792	original/MagicMayhem_CD/Realms/Greek/Village/GVsec56.map
4aa2c227756b20e5901ff39dffef567e62cdae87f94ec5025336699ed41f83ec	416	original/MagicMayhem_CD/Realms/Greek/Village/GVsec56.mps
1c35f6439af469e7ef547cd0157135c5bbf074699793fd88ec62c9b8f0c96e11	13362	original/MagicMayhem_CD/Realms/Greek/Village/GVsec56.nod
bc5de961972b28c06b78b5fa38b8c959ddaf03d5762f40ec56b4b951a70e6468	16	original/MagicMayhem_CD/Realms/Greek/Village/GVsec57.evt
fc9e9109491e66e24e1f30fdeeb97a4e9e86f9f7bdeec9d214fc1913d4475c69	12553	original/MagicMayhem_CD/Realms/Greek/Village/GVsec57.map
2aa05d36c7534bf1c29eaa599f4ef34ed3c1a0fd0ba13d75db6479c810e46425	416	original/MagicMayhem_CD/Realms/Greek/Village/GVsec57.mps
d1c65c31a8c27442a9ed994b9a99ffc98674b9f70611c3e21c695491f8ee6d6b	9904	original/MagicMayhem_CD/Realms/Greek/Village/GVsec57.nod
bc5de961972b28c06b78b5fa38b8c959ddaf03d5762f40ec56b4b951a70e6468	16	original/MagicMayhem_CD/Realms/Greek/Village/GVsec58.evt
886295530f34044876666511594019c9ddb826cd3530d119d0a559dcc0c9e16c	12375	original/MagicMayhem_CD/Realms/Greek/Village/GVsec58.map
0535ece27db6c54bffd88b499f4ffe59d4504bd18938dec82fa6342ee247656b	456	original/MagicMayhem_CD/Realms/Greek/Village/GVsec58.mps
51e5e060fd12312e8ccd5b41dcbc9fbb2c55ce11a0aa5934e581e3df46f1eb7e	9410	original/MagicMayhem_CD/Realms/Greek/Village/GVsec58.nod
bc5de961972b28c06b78b5fa38b8c959ddaf03d5762f40ec56b4b951a70e6468	16	original/MagicMayhem_CD/Realms/Greek/Village/GVsec59.evt
c5402b7ef9d3ad09a944c3fc34853bf2e2e0bae7ed3ca05baf373b845ff0fb72	12477	original/MagicMayhem_CD/Realms/Greek/Village/GVsec59.map
6e7c7e0a1a443ac87b63c129286ee3d5175ad707e12806dabbce0452804ba90c	456	original/MagicMayhem_CD/Realms/Greek/Village/GVsec59.mps
42e8399fcd0bb419d77a1339ce642a4f23af1ebcd2953c89e75bd6de463fd9f4	8916	original/MagicMayhem_CD/Realms/Greek/Village/GVsec59.nod
e877604a82cbdc538465c98b81ca10d0d74930b497085ca0ec469fa373a0fbce	448	original/MagicMayhem_CD/Realms/Greek/Village/GVsec60.evt
ad79fa745e8894a7e3d7f2a2e5245bf5c4e31e7e4865be63c5881f311e7f22ef	12838	original/MagicMayhem_CD/Realms/Greek/Village/GVsec60.map
7b6a5af7de33307d0d7544c7622828a8e2aa34e1483e2be29268fae5f6584321	456	original/MagicMayhem_CD/Realms/Greek/Village/GVsec60.mps
f93d5e245973ccacce82f37c84f23400df8f71638e5ba3da350d977643dad124	15338	original/MagicMayhem_CD/Realms/Greek/Village/GVsec60.nod
c0aeb26deaf192c3d2a4e0c473cec8b4d6a2f47012b83b7973eb53ced3fd4dee	520	original/MagicMayhem_CD/Realms/Greek/Village/GVsec61.evt
88a2af4a6e051e5412d1430ea5ed118093fe02c4c2a468d1f5b2a76e3adebcd3	12907	original/MagicMayhem_CD/Realms/Greek/Village/GVsec61.map
530afbe848e7ebfa3461a5a1c85e13841586cb741a035d76b4efb4fccb6cdadf	456	original/MagicMayhem_CD/Realms/Greek/Village/GVsec61.mps
677d724be56d5eee23af98a807404d87568148d7fe3e4de5333a7e9b81b1f615	23736	original/MagicMayhem_CD/Realms/Greek/Village/GVsec61.nod
0c9bae9a5bd7c582ef463736e6798455d9933cbe9c12a3fb75cf6bcf581ddeaf	5776	original/MagicMayhem_CD/Realms/Greek/Village/GVsec62.evt
82f303a5e2ec5b86934217a5cb5c9a0f5e344cfcacdd8ac1b6d90c5dd6b59a61	75001	original/MagicMayhem_CD/Realms/Greek/Village/GVsec62.map
4945e2d694fb64c1ad36c7a0e6d5177a7d435f4170c47576754eb30dcb65bb8a	1136	original/MagicMayhem_CD/Realms/Greek/Village/GVsec62.mps
60810c62075ac350d970d9a1a07ee8514766918db3d7dcf8eaf4e0e3ce9a803c	61774	original/MagicMayhem_CD/Realms/Greek/Village/GVsec62.nod
dc1d5f2c0233b92cec4d204a3ce6628b6ba7e436267860a0c642b91159c7aa02	160	original/MagicMayhem_CD/Realms/Greek/Village/GVsec97.evt
80aa9fa1c85ebc9e106d0d2ede1aa947bea20fa42ff683a1f29ab46aa686f93a	28874	original/MagicMayhem_CD/Realms/Greek/Village/GVsec97.map
585a6551a9810b81a1592fe263b7733d82aebe5244f484b4cfa0bf4b49014ccf	16	original/MagicMayhem_CD/Realms/Greek/Village/GVsec97.mps
eeca5c16839526b8b9a2bc9d39f77b95deff674e950058d3807463605b6dd85e	31640	original/MagicMayhem_CD/Realms/Greek/Village/GVsec97.nod
c4200a0b35832abe416e6dafb0d5bdbcf95b4825062093a69b9759b0575a4fcd	160	original/MagicMayhem_CD/Realms/Greek/Village/GVsec98.evt
017735a9663dbd82728eed8db435a1076b721ee2233b4fc0be3caf9efa11eec7	14482	original/MagicMayhem_CD/Realms/Greek/Village/GVsec98.map
585a6551a9810b81a1592fe263b7733d82aebe5244f484b4cfa0bf4b49014ccf	16	original/MagicMayhem_CD/Realms/Greek/Village/GVsec98.mps
d90cd61495e25bb774778dbd50d9d464d1b78a757226073fb28c6940dce48497	15832	original/MagicMayhem_CD/Realms/Greek/Village/GVsec98.nod
6c7c71bb72ffcfd202eb34357752da335b0b1051ebf521bf94b24975a63f84cd	232	original/MagicMayhem_CD/Realms/Greek/Village/GVsec99.evt
e4ff00b22b2ec599d508bef84ee0b0c6220123abc907e88cc9f2455bf827e846	12203	original/MagicMayhem_CD/Realms/Greek/Village/GVsec99.map
f8b2dd78f11d8394fe85f90644b9b55e78a1dfc19e7a65e6cc07f47c8a425857	56	original/MagicMayhem_CD/Realms/Greek/Village/GVsec99.mps
4b619e41a505c9d4455b257f5193390e131d763bd11c185d93496fa8914866d1	7928	original/MagicMayhem_CD/Realms/Greek/Village/GVsec99.nod
5823b7414c24f74bec308e5cd5d607083390da7e3c0d9d019989fc34e3b6a498	3155812	original/MagicMayhem_CD/Realms/Greek/Village/Terrain.spr
4d22241afc9b01cd5af759a2b4ccaf9131add521d42916f86790b7618bd0bf9d	21648	original/MagicMayhem_CD/Realms/Greek/Village/Terrain.tag
5bee8b4ef8028045a13f87b8382a3383e46a6bf77f647f31b3b364ea36fa666e	642240	original/MagicMayhem_CD/Realms/Greek/Village/Terrain.ttd
c18043d0c44ec1b5f2c458dc0f672648b686cd3583997d38c2296e1cb0597936	6032	original/MagicMayhem_CD/Realms/Greek/Village/terrain.ani
8528ed75ef7050ffa0a608820b1edee99a598ca3f1bc45735d7c8db090f8becb	2680	original/MagicMayhem_CD/Realms/Medieval/Camelot/MCsec00.evt
86505a73c42184dcf3776083d5d8261c415316d052babe8c1c19dd1282b511c5	38463	original/MagicMayhem_CD/Realms/Medieval/Camelot/MCsec00.map
7d8f760a0de63022d9afc70b15e5818fc19fbc4cb02c19663b9a03eefb9983ae	1296	original/MagicMayhem_CD/Realms/Medieval/Camelot/MCsec00.mps
684ee8e615332693676eb920c41bd18aaf5cd4c197508a6f5b3998097bf2aa94	70172	original/MagicMayhem_CD/Realms/Medieval/Camelot/MCsec00.nod
a3f349a165cbbca20ea6bda2f00d58ee4545c79180aeb02a3563a303d41f0840	952	original/MagicMayhem_CD/Realms/Medieval/Camelot/MCsec01.evt
a1c0afa5fba7ba92ee9272f87d6a9c4edc21a34f101b70a985c26eb5b4e681a1	38667	original/MagicMayhem_CD/Realms/Medieval/Camelot/MCsec01.map
43889806f59d4ef3d2eae9f4de1e5220ed72928923b1371b66a54448e21c8419	1536	original/MagicMayhem_CD/Realms/Medieval/Camelot/MCsec01.mps
4fc41f28a4269b892e63e2b598f3464b4544c4f821e141bed25c3374b04a8516	75112	original/MagicMayhem_CD/Realms/Medieval/Camelot/MCsec01.nod
bc5de961972b28c06b78b5fa38b8c959ddaf03d5762f40ec56b4b951a70e6468	16	original/MagicMayhem_CD/Realms/Medieval/Camelot/MCsec10.evt
fe2b710d22b09c31b066d2ac4e0d5afb6db635fcb16290e909da879fbfdb78a1	9730	original/MagicMayhem_CD/Realms/Medieval/Camelot/MCsec10.map
2c8da1209a0c90fbd1be3a50148c0f227a054e9b32501e7de0d677d9f96427ff	536	original/MagicMayhem_CD/Realms/Medieval/Camelot/MCsec10.mps
53c88d3f1ccf9f500d39cd1e92e3ad4b2f5b0557265237c883effde7f3a6ef88	21760	original/MagicMayhem_CD/Realms/Medieval/Camelot/MCsec10.nod
bc5de961972b28c06b78b5fa38b8c959ddaf03d5762f40ec56b4b951a70e6468	16	original/MagicMayhem_CD/Realms/Medieval/Camelot/MCsec11.evt
5babb16231da42108d7202f1cecea847cb6f3756674c842d8a780d93b2061704	9795	original/MagicMayhem_CD/Realms/Medieval/Camelot/MCsec11.map
d96e44c560dbaf92b018780b4ce1f40b545faae7fd3afa638ebcd3ea5538965e	776	original/MagicMayhem_CD/Realms/Medieval/Camelot/MCsec11.mps
19671a1671745303f35df438af1bed520c21e7dc06dae6c37775b8a03d0745fe	21760	original/MagicMayhem_CD/Realms/Medieval/Camelot/MCsec11.nod
bc5de961972b28c06b78b5fa38b8c959ddaf03d5762f40ec56b4b951a70e6468	16	original/MagicMayhem_CD/Realms/Medieval/Camelot/MCsec12.evt
4320f1853764308a2655da0822d857a86a64b058523e8eeea8970d8cfbe73262	9776	original/MagicMayhem_CD/Realms/Medieval/Camelot/MCsec12.map
1d683d52038122046ee86b57918bd47d5c3412d5757948233ba17b0e919d5f55	616	original/MagicMayhem_CD/Realms/Medieval/Camelot/MCsec12.mps
773272c3e18ac3f2d570918e1a16a8a3e02514e4a3d83e997a8c36dc48f6a268	10892	original/MagicMayhem_CD/Realms/Medieval/Camelot/MCsec12.nod
bc5de961972b28c06b78b5fa38b8c959ddaf03d5762f40ec56b4b951a70e6468	16	original/MagicMayhem_CD/Realms/Medieval/Camelot/MCsec13.evt
f034d5e5c5799483670812dde91a57675ec2523eb0e7ccbd988c78393481697b	9991	original/MagicMayhem_CD/Realms/Medieval/Camelot/MCsec13.map
d1527b436b161a3179ef8b3a87224186a413f6fb91d2fc7a78041b693fac8bc3	616	original/MagicMayhem_CD/Realms/Medieval/Camelot/MCsec13.mps
ec84c33681981b6d05b05accf7c6a6c1f56c98475a6e48a458c8b79b44e01f70	19784	original/MagicMayhem_CD/Realms/Medieval/Camelot/MCsec13.nod
d077d11d9efe953347e0eaaec000ffd7053b513c89380271e3179f73742b8757	592	original/MagicMayhem_CD/Realms/Medieval/Camelot/MCsec14.evt
98a94cca0621190441aafeb8a762d1622a334f016e8073bd22dbcf6fe88d118f	10043	original/MagicMayhem_CD/Realms/Medieval/Camelot/MCsec14.map
d1e6ef0d77bdf6bc6d2859e481655d660ffd87c73779b4e2e96139d99c50fa0d	776	original/MagicMayhem_CD/Realms/Medieval/Camelot/MCsec14.mps
f989db62f86af8c390eeeeba3dfd24dab41cb0af2a482046609b14ce16ad8650	14844	original/MagicMayhem_CD/Realms/Medieval/Camelot/MCsec14.nod
bc5de961972b28c06b78b5fa38b8c959ddaf03d5762f40ec56b4b951a70e6468	16	original/MagicMayhem_CD/Realms/Medieval/Camelot/MCsec15.evt
b8387dcd0d1e15f7ed28af5cef5fd5a6491df6c1d2ce45de991db65ab14a2404	9823	original/MagicMayhem_CD/Realms/Medieval/Camelot/MCsec15.map
3f7f8737035c94fe8131df2d09fec7f5dc21f8986ce0eb2cf8a71a2718b545a5	776	original/MagicMayhem_CD/Realms/Medieval/Camelot/MCsec15.mps
1dbf3abda0aba5d5bbaeb1edfd9ea76248d948fbfb10ac699aac2706b607a88e	13362	original/MagicMayhem_CD/Realms/Medieval/Camelot/MCsec15.nod
ea77239a1ff576728657a6c41589ce3b4b1bc880e2081c63ed1b1ab74d222840	520	original/MagicMayhem_CD/Realms/Medieval/Camelot/MCsec16.evt
42b8196818892d4b5216dcf5240ffb2ec5678c3202a26545383ff983a3cbd3ef	9787	original/MagicMayhem_CD/Realms/Medieval/Camelot/MCsec16.map
d4f9b7a6a40b789c0629dd5314dade3832953870f61180e30791d4e611350d69	616	original/MagicMayhem_CD/Realms/Medieval/Camelot/MCsec16.mps
02a04ce0109f95674affb57c76e624dc2ca3a1550bd9cefbf77ff18f2497b824	16820	original/MagicMayhem_CD/Realms/Medieval/Camelot/MCsec16.nod
bc5de961972b28c06b78b5fa38b8c959ddaf03d5762f40ec56b4b951a70e6468	16	original/MagicMayhem_CD/Realms/Medieval/Camelot/MCsec17.evt
9066711ff0b958bf90415eb49125e5d4c08bf95e831d9640c6e5046ad452e6bd	9802	original/MagicMayhem_CD/Realms/Medieval/Camelot/MCsec17.map
869e37811028293fc15293bb1a1e1fe4eabc0c350b7bac5232ae50e8a598a92e	576	original/MagicMayhem_CD/Realms/Medieval/Camelot/MCsec17.mps
75d93475704ab3163e24cfafd36cebde7f284dd2a9d9e95c0983cc9ef80b533f	23736	original/MagicMayhem_CD/Realms/Medieval/Camelot/MCsec17.nod
bc5de961972b28c06b78b5fa38b8c959ddaf03d5762f40ec56b4b951a70e6468	16	original/MagicMayhem_CD/Realms/Medieval/Camelot/MCsec18.evt
aa23e6e04f699bddfc5ff7880bbe65f7ff2540d5a84987804ee136efdbaa5235	9627	original/MagicMayhem_CD/Realms/Medieval/Camelot/MCsec18.map
ff8759629f573b1afb029d40ec0e89cebe35cf4a4fe2d006f32929428d9d950a	536	original/MagicMayhem_CD/Realms/Medieval/Camelot/MCsec18.mps
0ec2c3cd99a27a56fd33503cfac8af6ac3b10211598fd4dc76420f316ddd0898	19290	original/MagicMayhem_CD/Realms/Medieval/Camelot/MCsec18.nod
c8b47233836491ab238eb57d99741f965a2a7aa2a56a032763f7606da85f5057	592	original/MagicMayhem_CD/Realms/Medieval/Camelot/MCsec19.evt
e13e7da6104a7b654d4f474aed3db428f5fbfd7a9418d2cdabab03b0462ee2d1	10125	original/MagicMayhem_CD/Realms/Medieval/Camelot/MCsec19.map
45b7c933c8d64935851ad8a9799fc005d4e69a3d57b505095b5c188789c78208	696	original/MagicMayhem_CD/Realms/Medieval/Camelot/MCsec19.mps
72d66f885919a42f17ec8d1ba95bde7781d99f9eedda9096a6a6e14d51396dfe	16326	original/MagicMayhem_CD/Realms/Medieval/Camelot/MCsec19.nod
bc5de961972b28c06b78b5fa38b8c959ddaf03d5762f40ec56b4b951a70e6468	16	original/MagicMayhem_CD/Realms/Medieval/Camelot/MCsec20.evt
21fdb5632f14d0c39c680cb160f787c1589d0705b7da072aed6d8c194b3fbf63	10238	original/MagicMayhem_CD/Realms/Medieval/Camelot/MCsec20.map
8e7090d07f479429e3000b384e188a48a5d45415c7af6de74cb3f64ea5da7c52	776	original/MagicMayhem_CD/Realms/Medieval/Camelot/MCsec20.mps
6d4c25ee653b9fe36f80b37fa41e38f3e93a8f544709f6c11e5c845ee35caa2e	17808	original/MagicMayhem_CD/Realms/Medieval/Camelot/MCsec20.nod
bc5de961972b28c06b78b5fa38b8c959ddaf03d5762f40ec56b4b951a70e6468	16	original/MagicMayhem_CD/Realms/Medieval/Camelot/MCsec21.evt
848efbf80d0a1a39934923d6b47e89d042a201fb95bdee5373118092f73f5ec3	9873	original/MagicMayhem_CD/Realms/Medieval/Camelot/MCsec21.map
8363954cd9500b1f70fa69201f14ddff8e64ee89546f8e5db9856d0d3d09e958	656	original/MagicMayhem_CD/Realms/Medieval/Camelot/MCsec21.mps
cb64f12d693ee99427f5b4f1f2b058a1006dfb1d60b7f45963765c4448f9a0bf	13362	original/MagicMayhem_CD/Realms/Medieval/Camelot/MCsec21.nod
102712b5a38d8b5a412aac448768adaa51acbfa5504914e0cf49d270a6acbf21	376	original/MagicMayhem_CD/Realms/Medieval/Camelot/MCsec22.evt
cece96e5b6b11e58c8d108f60c335c660ebf8da35cdce4031b0b72b1e652a34c	10265	original/MagicMayhem_CD/Realms/Medieval/Camelot/MCsec22.map
35e57ab824f442e953bb9a23732e3ab5dde2aafcc61adb374ef0d6f69675e5f5	536	original/MagicMayhem_CD/Realms/Medieval/Camelot/MCsec22.mps
4d0065002f7bdc65f07b46ea34f601df7e4a3d967aad555d9b467dcbd5c5c02e	11880	original/MagicMayhem_CD/Realms/Medieval/Camelot/MCsec22.nod
dfd17c7ae05e8e1732e99c61aea8153e69f73da6777079552a8dfb2a2b412a01	736	original/MagicMayhem_CD/Realms/Medieval/Camelot/MCsec23.evt
ecd8708a54500a3f0f485458377bb3b112cf8887907e204045a4c001f31490f2	9920	original/MagicMayhem_CD/Realms/Medieval/Camelot/MCsec23.map
c7e5dd93af4ed4470615523c448a0fa234da68787477909d5be7e7c3b8528e96	576	original/MagicMayhem_CD/Realms/Medieval/Camelot/MCsec23.mps
196a0ba622dff718a3fa6b6dc81513884262c272e4efb4923b22b628d40d6d52	24230	original/MagicMayhem_CD/Realms/Medieval/Camelot/MCsec23.nod
bc5de961972b28c06b78b5fa38b8c959ddaf03d5762f40ec56b4b951a70e6468	16	original/MagicMayhem_CD/Realms/Medieval/Camelot/MCsec24.evt
689defc6034c12417fd59b927fda8b282609a89fcdd0bfaf1a0313ecabe30baa	9632	original/MagicMayhem_CD/Realms/Medieval/Camelot/MCsec24.map
e1a19182dd4d128ff2e790f582e9f3dd4db4764a0c998d0f84a0a6d65743ed07	576	original/MagicMayhem_CD/Realms/Medieval/Camelot/MCsec24.mps
58492fb040df96af5457bdd828755a32f55f89479167cf001611114959668bcf	10892	original/MagicMayhem_CD/Realms/Medieval/Camelot/MCsec24.nod
bc5de961972b28c06b78b5fa38b8c959ddaf03d5762f40ec56b4b951a70e6468	16	original/MagicMayhem_CD/Realms/Medieval/Camelot/MCsec25.evt
b3a0940dc247f94db46813b920139b32cbbfe850a1278b58d4cfdd9288fed6f0	9908	original/MagicMayhem_CD/Realms/Medieval/Camelot/MCsec25.map
3f7c506595b922f1347bb18f98d8a34acf54b31ab2d710774c32e4733e330147	536	original/MagicMayhem_CD/Realms/Medieval/Camelot/MCsec25.mps
182bc7237a118b6a7d37ddf3fb06326fac382d025372f3a76d480fef2d5cf3c5	14844	original/MagicMayhem_CD/Realms/Medieval/Camelot/MCsec25.nod
bc5de961972b28c06b78b5fa38b8c959ddaf03d5762f40ec56b4b951a70e6468	16	original/MagicMayhem_CD/Realms/Medieval/Camelot/MCsec26.evt
281ffff243ccb55077c11caa9951b8fcf5b8cb6ed80d16210fbc111532742412	9682	original/MagicMayhem_CD/Realms/Medieval/Camelot/MCsec26.map
66dbbc7dc94eaa0d8a66562fffddfd58e9f33480756018b4a0975b2f78002018	616	original/MagicMayhem_CD/Realms/Medieval/Camelot/MCsec26.mps
74a2d54d9a5f893ad0ab168ebf7c34d5c5fc28d125f82056030fa7ccfd9a69b4	15832	original/MagicMayhem_CD/Realms/Medieval/Camelot/MCsec26.nod
ef1094884a355c40e4c243a4ce5d70405ec6ba1711816c272a3264a40b3fd67f	3684040	original/MagicMayhem_CD/Realms/Medieval/Camelot/Terrain.spr
1d3129004a69d55dc03cecfcf61bdf293326aeeb2ea77351e1eaa60e5460eef7	26640	original/MagicMayhem_CD/Realms/Medieval/Camelot/Terrain.tag
0e909785868e97fc1913e5ff34a6935f8ddae7db47e42fc3b92433c02cc722cd	790336	original/MagicMayhem_CD/Realms/Medieval/Camelot/Terrain.ttd
0cf9088147b957dc6ae94c71f9811d5486ee38acfcd1eb6757ff568ccc1bb812	2272	original/MagicMayhem_CD/Realms/Medieval/Camelot/doors.ani
51d38797cfd3ce6a1806ae2934650ee40780500da30acc30da7c00ad3b19f8ec	10044	original/MagicMayhem_CD/Realms/Medieval/Camelot/terrain.ani
010274b0de5437890a8f71923d7dd60e1fe9b551a9cc77dfdb8a2faa4a0e9351	2536	original/MagicMayhem_CD/Realms/Medieval/Carbonek/M1sec00.evt
9b840fbfa7104d5f32333171a44a117d54b7e62c3ff5ac9376e41862c881afd9	53592	original/MagicMayhem_CD/Realms/Medieval/Carbonek/M1sec00.map
2089563338c68e6a31d33d14bb7aa46421642fd0011aae81423d057e3013fe8f	936	original/MagicMayhem_CD/Realms/Medieval/Carbonek/M1sec00.mps
562660f11b5f00131b7c3816331c424268309b71d279303a554820e33b2321a9	93390	original/MagicMayhem_CD/Realms/Medieval/Carbonek/M1sec00.nod
928be00c53ddaf3933f165e31aadd574fd78302b136aee2b683efce9f89b47fd	1960	original/MagicMayhem_CD/Realms/Medieval/Carbonek/M1sec01.evt
ccea82e289597d1533a6d5c15a83758bc6e14c328e0efce6daee3d17688bfdf0	74728	original/MagicMayhem_CD/Realms/Medieval/Carbonek/M1sec01.map
132087c4556f9a7e1c01219d141b4a4995c087c32fb09f7487b47c4264f39527	1016	original/MagicMayhem_CD/Realms/Medieval/Carbonek/M1sec01.mps
1202d48fe343ffcc362517ff13419703992e3eae5cf395adb6fea1359e66289e	69184	original/MagicMayhem_CD/Realms/Medieval/Carbonek/M1sec01.nod
bc5de961972b28c06b78b5fa38b8c959ddaf03d5762f40ec56b4b951a70e6468	16	original/MagicMayhem_CD/Realms/Medieval/Carbonek/M1sec10.evt
836abf8e62e5dedfa3b682fc8c0a093b89845571787f4e17f67a1b8ef51fa44d	12344	original/MagicMayhem_CD/Realms/Medieval/Carbonek/M1sec10.map
e814974da7c6186fbdee12d3b40af372c0177f3ac6ec02bbdd74b36319464b62	496	original/MagicMayhem_CD/Realms/Medieval/Carbonek/M1sec10.mps
19fdc67957960cf2e6da5edfc623ffbddf3b41aa55992f2fc8caf87abfe32638	7928	original/MagicMayhem_CD/Realms/Medieval/Carbonek/M1sec10.nod
bc5de961972b28c06b78b5fa38b8c959ddaf03d5762f40ec56b4b951a70e6468	16	original/MagicMayhem_CD/Realms/Medieval/Carbonek/M1sec11.evt
297b0375648d6ea2e6951b41eaef511cb01e4c76a161ae1457904910cef48db9	12562	original/MagicMayhem_CD/Realms/Medieval/Carbonek/M1sec11.map
bb85902b2d5fcf76eb9f9848fd6e6b79dc7370d893fe167da798c9e7a7229cc8	536	original/MagicMayhem_CD/Realms/Medieval/Carbonek/M1sec11.mps
8abf8bc95124e9fc0875f5b813f1b90e011e34f14645c77900516fce5b3a7cbe	8422	original/MagicMayhem_CD/Realms/Medieval/Carbonek/M1sec11.nod
bc5de961972b28c06b78b5fa38b8c959ddaf03d5762f40ec56b4b951a70e6468	16	original/MagicMayhem_CD/Realms/Medieval/Carbonek/M1sec12.evt
e3f7da67490e620cf4769401c84be755de0556967e93c20b00134e2981f3b146	12919	original/MagicMayhem_CD/Realms/Medieval/Carbonek/M1sec12.map
74fb8c58ac7902574133b88cd2ab2c6f976ebe2cda79006d2ad9633482b80d26	576	original/MagicMayhem_CD/Realms/Medieval/Carbonek/M1sec12.mps
6423f558a940832d4c319b95dcaf27bfb270de646314a06d59cf5da7b88f8a36	11386	original/MagicMayhem_CD/Realms/Medieval/Carbonek/M1sec12.nod
bc5de961972b28c06b78b5fa38b8c959ddaf03d5762f40ec56b4b951a70e6468	16	original/MagicMayhem_CD/Realms/Medieval/Carbonek/M1sec13.evt
5d6c85e1ed8ffd76e6768210c842da1e70d3bbca429c61faebd86d776fe6f569	12723	original/MagicMayhem_CD/Realms/Medieval/Carbonek/M1sec13.map
1c875964e516085434b6e6c3609ebb8a5d96e3847e807522eacd410b6578be2a	576	original/MagicMayhem_CD/Realms/Medieval/Carbonek/M1sec13.mps
e91c61f849053279fcc567c8e9b29df9906213602f969396156f91d8ae612037	10398	original/MagicMayhem_CD/Realms/Medieval/Carbonek/M1sec13.nod
bc5de961972b28c06b78b5fa38b8c959ddaf03d5762f40ec56b4b951a70e6468	16	original/MagicMayhem_CD/Realms/Medieval/Carbonek/M1sec14.evt
2929efb8af21122cb9659af45fc90fa99c2e874ff70ab0bf977358401e75b285	12843	original/MagicMayhem_CD/Realms/Medieval/Carbonek/M1sec14.map
42b8dc41dc70500a68d0e9a2f652c6d40b7a7fc91b433a8b9d37e31233781bf5	576	original/MagicMayhem_CD/Realms/Medieval/Carbonek/M1sec14.mps
f19e1950a1e4f482d5632f10a018e45c0cb6e7680db82c8801b7c61b680bf07e	12868	original/MagicMayhem_CD/Realms/Medieval/Carbonek/M1sec14.nod
3d0f6a43a8a42bf4822b1c02cc59c34c6c5fb562cbd8631ac604ab6e39e3264b	160	original/MagicMayhem_CD/Realms/Medieval/Carbonek/M1sec20.evt
5f72a1554e417f56a8ee56076fd10f88db183a6adbd0838fa908ef766c03a347	12895	original/MagicMayhem_CD/Realms/Medieval/Carbonek/M1sec20.map
df0fdfeece35a821fb829d3e71af63b2246f66d7769f6c20c0b28c4e18c0a225	576	original/MagicMayhem_CD/Realms/Medieval/Carbonek/M1sec20.mps
c642e736d2b7c86f4d33066c6cb2ee91539651473ce1e63c499d25bd9ac2717e	11386	original/MagicMayhem_CD/Realms/Medieval/Carbonek/M1sec20.nod
bc5de961972b28c06b78b5fa38b8c959ddaf03d5762f40ec56b4b951a70e6468	16	original/MagicMayhem_CD/Realms/Medieval/Carbonek/M1sec21.evt
44aa21d8642b71ccb52b2cdbb00a753b2d98fa480a828cb0d6fa2ea1f16d8d00	12560	original/MagicMayhem_CD/Realms/Medieval/Carbonek/M1sec21.map
05c9a627e2aa3860fc4e38090ed5c4fcba755052d9fa279759f4a9c7f1d5d1ef	536	original/MagicMayhem_CD/Realms/Medieval/Carbonek/M1sec21.mps
b4071691c9f3d7143080e906a5a9144417cf267b5b410bebbab3674a39c34c53	9410	original/MagicMayhem_CD/Realms/Medieval/Carbonek/M1sec21.nod
bc5de961972b28c06b78b5fa38b8c959ddaf03d5762f40ec56b4b951a70e6468	16	original/MagicMayhem_CD/Realms/Medieval/Carbonek/M1sec22.evt
e5e09f7007e2dc987ea2a651a93fc3d1908d7203ba9bb8df355be9f0d596cd72	12352	original/MagicMayhem_CD/Realms/Medieval/Carbonek/M1sec22.map
949ec5f347ed79cdecbfcc47fb032dfdbeedb3f466fbfa494867696ea10e435b	496	original/MagicMayhem_CD/Realms/Medieval/Carbonek/M1sec22.mps
ea685e261029adfb5f958cfea41c76d57174abeb19dd345891042e9578f6ebb9	8422	original/MagicMayhem_CD/Realms/Medieval/Carbonek/M1sec22.nod
bc5de961972b28c06b78b5fa38b8c959ddaf03d5762f40ec56b4b951a70e6468	16	original/MagicMayhem_CD/Realms/Medieval/Carbonek/M1sec23.evt
ef47381fbf80171dcb97d69a8f0da51b09f72db88016cee471ed6edee0bf4e2b	12800	original/MagicMayhem_CD/Realms/Medieval/Carbonek/M1sec23.map
6de50686bd77be62712a49abe4a9607428e600c3b735be26c79ef7bf20c58982	576	original/MagicMayhem_CD/Realms/Medieval/Carbonek/M1sec23.mps
35defbc1f0ce458c64a9256b5755861d71fe4b6d27e2d6c9e3451cb8d679f6eb	12374	original/MagicMayhem_CD/Realms/Medieval/Carbonek/M1sec23.nod
bc5de961972b28c06b78b5fa38b8c959ddaf03d5762f40ec56b4b951a70e6468	16	original/MagicMayhem_CD/Realms/Medieval/Carbonek/M1sec24.evt
1bc210989e6a3ebb9882ef8fae2a062dad55c6297a6d0fd29d194fb6337880f1	12391	original/MagicMayhem_CD/Realms/Medieval/Carbonek/M1sec24.map
13bd98ce139d95207d6e3f038aeefdadb1a2d4ac4f57927eaf931f62fa6bffba	496	original/MagicMayhem_CD/Realms/Medieval/Carbonek/M1sec24.mps
aa930a2dbd0e9c9282a80e9b52e398f7adcf44af447232601ebfa43c6b8c0dd7	8422	original/MagicMayhem_CD/Realms/Medieval/Carbonek/M1sec24.nod
4fa5fe3d68c4d924dbb4d1d25d16c993fda9990f00e3a8f33bc524b3cd1ce929	160	original/MagicMayhem_CD/Realms/Medieval/Carbonek/M1sec25.evt
92bfa8e3ce5ee9187c07709d6ad6a76994221f2daa92010f5ac7c07ca6e2b3c9	12870	original/MagicMayhem_CD/Realms/Medieval/Carbonek/M1sec25.map
bf0c45d102b59ffdf5c4bd619fe0c8f69464e061dfc802fd75e2e29044bbf9d6	576	original/MagicMayhem_CD/Realms/Medieval/Carbonek/M1sec25.mps
fff299d76197119182e75a51b2945e91344fd79ae483da13e69d1e84a3019ad2	11880	original/MagicMayhem_CD/Realms/Medieval/Carbonek/M1sec25.nod
e7ba3e9dfa2596fd42f8bca691f85ce6411c6b7c97175264f4954814e91dfa30	448	original/MagicMayhem_CD/Realms/Medieval/Carbonek/M1sec26.evt
854673537b0a024c516a7f9bf8eb85cd86894da9bad56f3b1fc64d78541aa9f9	12797	original/MagicMayhem_CD/Realms/Medieval/Carbonek/M1sec26.map
15e6ebe822094d8f2b2fc7f13b484922c0b903b51b81e1e22a4bb023acb514a8	576	original/MagicMayhem_CD/Realms/Medieval/Carbonek/M1sec26.mps
b440013341ea404ada45be52bf05c353c630b7f26ab60aa67b5eca77ce88e580	12374	original/MagicMayhem_CD/Realms/Medieval/Carbonek/M1sec26.nod
78a3ba84299f6893cee4d1e6039d7e757cd4c03626df86a4f94779f82be8ca36	448	original/MagicMayhem_CD/Realms/Medieval/Carbonek/M1sec27.evt
d2d8bcb68445ad31cb08f562aea35ca3912bb94cd2b3a228ae5827ae523e6eb9	12721	original/MagicMayhem_CD/Realms/Medieval/Carbonek/M1sec27.map
a425904bc618bee0d7014feb570b2ef8ede0f8636b869fe363e0d4e06a4d2daf	576	original/MagicMayhem_CD/Realms/Medieval/Carbonek/M1sec27.mps
982840f23e388b70e968de376002c92c0efd8a737150443a9c272a52a72219c6	11386	original/MagicMayhem_CD/Realms/Medieval/Carbonek/M1sec27.nod
bc5de961972b28c06b78b5fa38b8c959ddaf03d5762f40ec56b4b951a70e6468	16	original/MagicMayhem_CD/Realms/Medieval/Carbonek/M1sec28.evt
547ccc87b50cb3da470d29fdb57eeb91d8b3101480b24bfea0e38e77509416d6	12433	original/MagicMayhem_CD/Realms/Medieval/Carbonek/M1sec28.map
1054918486121e5b06235ca04265c7616b2c4f8622d0de64545ff7cbb26af472	496	original/MagicMayhem_CD/Realms/Medieval/Carbonek/M1sec28.mps
589b208dabdaa9fcc7cbd70f8750930f51ff6a200dde11272459a726f096fd76	8422	original/MagicMayhem_CD/Realms/Medieval/Carbonek/M1sec28.nod
4751f3966bd23cc98a6e3d81e11cacef83f699b40de8a53c32c95f3f6d264421	160	original/MagicMayhem_CD/Realms/Medieval/Carbonek/M1sec29.evt
5cc5c3258ef739ceea24167cc8a02ee4af01f08394e2027c12b909e7245316ee	12945	original/MagicMayhem_CD/Realms/Medieval/Carbonek/M1sec29.map
c1507a2b675bc8270ebd53929885f7b797f4c81ca6e16f13df8b5b55a2e0fe65	576	original/MagicMayhem_CD/Realms/Medieval/Carbonek/M1sec29.mps
671d5821fed73a00f49ce0c84c2103c0686571d0fc9f055199c71bc096f9a18c	12374	original/MagicMayhem_CD/Realms/Medieval/Carbonek/M1sec29.nod
a66dc7890208a5bef6db12412e1c400bebfee95298f22a028a760f8600b17180	2272	original/MagicMayhem_CD/Realms/Medieval/Carbonek/doors.ani
8bd2d0d2e2a8e7f4a3b9f907379796e00dfaa768afdcc2841f866c9cd55069da	376	original/MagicMayhem_CD/Realms/Medieval/Dinas/MMsec06.evt
1a0ffbda11921d50fbd2ff6736f203dbd28235acd6bba6fca7b21a4a9fa78608	51075	original/MagicMayhem_CD/Realms/Medieval/Dinas/MMsec06.map
72723c92d7c331b9767ba89266be6dfe3f3aba1afbde34d034dfc384d7c6423f	976	original/MagicMayhem_CD/Realms/Medieval/Dinas/MMsec06.mps
17e2f7f7878e3945dde38602db737ebc2a8d8d607234c9dcf348da234361bb02	53870	original/MagicMayhem_CD/Realms/Medieval/Dinas/MMsec06.nod
898220242008a1706687c453beb9c63688c82b608042676ff2864c1ce726f9a6	1168	original/MagicMayhem_CD/Realms/Medieval/Dinas/MMsec07.evt
a333990e22c709975e68a1734c1db5d027628bb550c3e6b973592894125edf75	64392	original/MagicMayhem_CD/Realms/Medieval/Dinas/MMsec07.map
3ac0494b4643cbaf25691016748c31a88245f6533999ecffee4398870c2fa5ae	976	original/MagicMayhem_CD/Realms/Medieval/Dinas/MMsec07.mps
b089d0573649af0ce7caaeab06298b84327869f76f11176be2f19426844f8949	76100	original/MagicMayhem_CD/Realms/Medieval/Dinas/MMsec07.nod
d72534e1c68214e0a8bd40a17c1a7fbddf2a4960e30c617b31627bc0ba9af189	592	original/MagicMayhem_CD/Realms/Medieval/Dinas/MMsec08.evt
a79e85f8bee52dc42dc057122d6f398002dc92209bcc8da774def4388347dfa4	53275	original/MagicMayhem_CD/Realms/Medieval/Dinas/MMsec08.map
d8ef2352bb3004d967118bc50f9c0b8bd1482901e17f57748e47742ef36a97cb	976	original/MagicMayhem_CD/Realms/Medieval/Dinas/MMsec08.mps
fc34b89b342c1cb603d3e1f0fd342ad6e0872bd3ec6ddfd22ba1c36b783f03fd	70666	original/MagicMayhem_CD/Realms/Medieval/Dinas/MMsec08.nod
7cae8837bec346987bb96ea048717e08cc31cfd78e418eaeaa4b7d8ac48ecd15	1672	original/MagicMayhem_CD/Realms/Medieval/Dinas/MMsec09.evt
92127c85e4b2f735121e041325ef09ee7dbdc5b7c60afed6d412e8d319be6fd4	64484	original/MagicMayhem_CD/Realms/Medieval/Dinas/MMsec09.map
8e42a5b1052bba7b84c207ffcfc6c4ed95c41612448419112fe93b2918abb1dd	976	original/MagicMayhem_CD/Realms/Medieval/Dinas/MMsec09.mps
26e1688838a5976a2ddadc50487ca2d6ba0797db233390b950e717e420c2a643	86474	original/MagicMayhem_CD/Realms/Medieval/Dinas/MMsec09.nod
bc5de961972b28c06b78b5fa38b8c959ddaf03d5762f40ec56b4b951a70e6468	16	original/MagicMayhem_CD/Realms/Medieval/Dinas/MMsec30.evt
d1fa1fc247a8b8f8b2bc8ffd9adcf76f1ad2359eed31f573cc23bd50f2177a31	12367	original/MagicMayhem_CD/Realms/Medieval/Dinas/MMsec30.map
0292a95bd1873f8fedb091ac5ff4cb1a822a542d9198a8c44a23a58b33186533	256	original/MagicMayhem_CD/Realms/Medieval/Dinas/MMsec30.mps
8da9890479e243deff2c28a5c6d0ea8f992b0f9e62a37f4d31bc7fa1c847dea6	14844	original/MagicMayhem_CD/Realms/Medieval/Dinas/MMsec30.nod
bc5de961972b28c06b78b5fa38b8c959ddaf03d5762f40ec56b4b951a70e6468	16	original/MagicMayhem_CD/Realms/Medieval/Dinas/MMsec31.evt
cd44a549e37048729c91c186ad6471af8556afceec7ddba40f7033dbcdebadfb	12424	original/MagicMayhem_CD/Realms/Medieval/Dinas/MMsec31.map
e08be0bdbd1ca7e8180696f7a64def81ed3c8b9a6c5aea290271ecb8a6bf30c0	256	original/MagicMayhem_CD/Realms/Medieval/Dinas/MMsec31.mps
e882577e45d01ac0b24f070da12b45fda905debddb7a387fd2f95cb87d43da36	19784	original/MagicMayhem_CD/Realms/Medieval/Dinas/MMsec31.nod
bc5de961972b28c06b78b5fa38b8c959ddaf03d5762f40ec56b4b951a70e6468	16	original/MagicMayhem_CD/Realms/Medieval/Dinas/MMsec32.evt
4ac03513c7db2330205bc18558700319a6c52d3cffc054446e746d8adae5c919	12484	original/MagicMayhem_CD/Realms/Medieval/Dinas/MMsec32.map
9e68c17f0cea782201b5df1cfdcf837ff234a69c04754c1dcf93d0d297382c93	256	original/MagicMayhem_CD/Realms/Medieval/Dinas/MMsec32.mps
c3a00c7569fab950a30277d6c00b97c32e5bf6c772b1d18af6e903951cb3af31	42508	original/MagicMayhem_CD/Realms/Medieval/Dinas/MMsec32.nod
bc5de961972b28c06b78b5fa38b8c959ddaf03d5762f40ec56b4b951a70e6468	16	original/MagicMayhem_CD/Realms/Medieval/Dinas/MMsec33.evt
7f617cb168fca2c9f25305c7e323e47f48e28c2b12cfb8f8b7d22eb85b9e3345	12504	original/MagicMayhem_CD/Realms/Medieval/Dinas/MMsec33.map
4150efe25ab4541070aeb68ec036ee1d020bba5de8eb455d9db05aff18d623f1	256	original/MagicMayhem_CD/Realms/Medieval/Dinas/MMsec33.mps
6e26302ab8000ea8dbf94e1703a711e5e5777cbc5a036407c4cbf4aaa2105800	42508	original/MagicMayhem_CD/Realms/Medieval/Dinas/MMsec33.nod
bc5de961972b28c06b78b5fa38b8c959ddaf03d5762f40ec56b4b951a70e6468	16	original/MagicMayhem_CD/Realms/Medieval/Dinas/MMsec50.evt
5745b56b59fb2bb9f50a0f01256097540f6dae042de07a21678afddbc0414b32	12369	original/MagicMayhem_CD/Realms/Medieval/Dinas/MMsec50.map
96ca25d5bd6f1d9d68d9e066babf7c84910def2e4ac749322b2ec276496df2be	136	original/MagicMayhem_CD/Realms/Medieval/Dinas/MMsec50.mps
55d383c3e80e18a5f15b15e62106f313ceb771ba8cd78227c0decf51d49178e9	17808	original/MagicMayhem_CD/Realms/Medieval/Dinas/MMsec50.nod
e211ecc23a08d41e3ec8383bb90d26e32b3ad870137ca5336528dac2f39e9dc7	2272	original/MagicMayhem_CD/Realms/Medieval/Dinas/doors.ani
55703e324d22d96c9839513c38317626b25e771ef95a39463b3da650d6b5612b	160	original/MagicMayhem_CD/Realms/Medieval/Forest/MFsec00.evt
260a40f61ee5bcea0be7beb4d995d3db08e25a783e787accd8fa6c75e6f8f073	17515	original/MagicMayhem_CD/Realms/Medieval/Forest/MFsec00.map
2816834b4e64aa624a9364bbd9cceec79418153c7712930696ce0d56dd02f15a	416	original/MagicMayhem_CD/Realms/Medieval/Forest/MFsec00.mps
432a9de7cae7fec44bf5e4a0103fbeb852eb57ae4726bd975aaea601e1e6fb9d	19290	original/MagicMayhem_CD/Realms/Medieval/Forest/MFsec00.nod
6603232aa592f228690a7de97313d50f10d122283b4aa20ba81516b258bd70fd	304	original/MagicMayhem_CD/Realms/Medieval/Forest/MFsec01.evt
933657bba3b9bce9eb5a29f9532aebb5b44ab2e6c24a7bea616b7ee6cdebfb7a	16751	original/MagicMayhem_CD/Realms/Medieval/Forest/MFsec01.map
6c38de203901ca4c2dab5bce7fe802b262407b73834bc290ecab3a39447481d7	376	original/MagicMayhem_CD/Realms/Medieval/Forest/MFsec01.mps
1f05651e23603731031492f8669579487500657743173609b7253dcb991698c2	27194	original/MagicMayhem_CD/Realms/Medieval/Forest/MFsec01.nod
d0f66e67d5e64f3e5606ce1f93e3adf3f35112a1c7f2fe7684cbcafeb1d556cc	1024	original/MagicMayhem_CD/Realms/Medieval/Forest/MFsec02.evt
247a4280fb488436334dabb304acd46181affff3633b350eb7bd0303db31ee59	19465	original/MagicMayhem_CD/Realms/Medieval/Forest/MFsec02.map
f8d1bad5d5905d0e72d3ef03d078fec45d97a11f4b393e7ea850b1e7747fb118	256	original/MagicMayhem_CD/Realms/Medieval/Forest/MFsec02.mps
f954a9fe56a54b3c6846678046816e16334a2db1166738c61b528679a8246d3e	12374	original/MagicMayhem_CD/Realms/Medieval/Forest/MFsec02.nod
4dbc73fb887b6850865f4559c69d869d959d0f79e8ab7be6b1b94a3dac84c595	880	original/MagicMayhem_CD/Realms/Medieval/Forest/MFsec03.evt
f3e5c7385864601d1494ce0fcf45d0765932654e9a216a467e988d395c96a1a1	53640	original/MagicMayhem_CD/Realms/Medieval/Forest/MFsec03.map
ff87c98af891fe58a6efb494f6675869fc8f51feb9525497932efbe08f669695	1016	original/MagicMayhem_CD/Realms/Medieval/Forest/MFsec03.mps
a9d57ee0ab9504352e598c4d0822d67dc799767d0d4fcb06472a707812d777a1	82028	original/MagicMayhem_CD/Realms/Medieval/Forest/MFsec03.nod
b777ca28109630987883cf5de0637cb120a5c1e593b6c4eb1d3f5373b914affd	1024	original/MagicMayhem_CD/Realms/Medieval/Forest/MFsec04.evt
56bfb73b1062258445e3cb1e16e3ebcf70801b4182ed034e430527305f870be8	64152	original/MagicMayhem_CD/Realms/Medieval/Forest/MFsec04.map
8d74ee1474e41929971572e72c5650de433c6e9371064424f858dcfd53a5e3cb	816	original/MagicMayhem_CD/Realms/Medieval/Forest/MFsec04.mps
fea6c2be3ff03eb0189ce7364ca9770feff82af15534df9c91d945f605edfbe4	84004	original/MagicMayhem_CD/Realms/Medieval/Forest/MFsec04.nod
3466358f0b0954b8c281a22891e8ef2e894178d60da9091a87ddeadf0fc01e37	304	original/MagicMayhem_CD/Realms/Medieval/Forest/MFsec05.evt
872b8f125ca4c6a51df34d6568608cd5c9bdfca9b48b051a0e392d0bb8c852d0	18812	original/MagicMayhem_CD/Realms/Medieval/Forest/MFsec05.map
2f8257b0ce202e2d701d18ec6199f91e875cfe35a95a004484cc8dd836142fd8	416	original/MagicMayhem_CD/Realms/Medieval/Forest/MFsec05.mps
4da1fb0a567c294ed8ca1575273e46947964eecd88cb68fdff7054263fc05d2f	9904	original/MagicMayhem_CD/Realms/Medieval/Forest/MFsec05.nod
b21b0245bc31045df677c71fef1a7c021034c3d47d9e4e3e7af74a72e836c3e9	304	original/MagicMayhem_CD/Realms/Medieval/Forest/MFsec06.evt
2526876b8fc0744c95a03c525a7378c45ac7e47a93cfb01e38e83082e492f364	18816	original/MagicMayhem_CD/Realms/Medieval/Forest/MFsec06.map
9d54c1d2d81e2c8da1c011a57118b928974bc8a0252b88d036f3fa64974bd483	416	original/MagicMayhem_CD/Realms/Medieval/Forest/MFsec06.mps
4da1fb0a567c294ed8ca1575273e46947964eecd88cb68fdff7054263fc05d2f	9904	original/MagicMayhem_CD/Realms/Medieval/Forest/MFsec06.nod
d65e404e06e1a19fa9245176311bfbd1040ea91f557552f17dbbdd7e826641cc	1744	original/MagicMayhem_CD/Realms/Medieval/Forest/MFsec07.evt
42c945dd92376c02de824b8a9cf858882594fe589e1619962372de0a6878a684	19303	original/MagicMayhem_CD/Realms/Medieval/Forest/MFsec07.map
d16d804a70d2e4b33861db7a87fd2a07fc7dbba02c35eba9a5a5af3c841da46f	216	original/MagicMayhem_CD/Realms/Medieval/Forest/MFsec07.mps
ef3a75dba05527576c1f8cb3ae9fd19ef919ba206e47ee9769831653ed8cd37d	15338	original/MagicMayhem_CD/Realms/Medieval/Forest/MFsec07.nod
7865bc9bc895b09b208e241657cf5759945f853ded870e5d1d23f32951708626	304	original/MagicMayhem_CD/Realms/Medieval/Forest/MFsec08.evt
6e10886296cf7d547b9599abd981ef81ded402968d9b54fcae93a37caf61db6a	16702	original/MagicMayhem_CD/Realms/Medieval/Forest/MFsec08.map
cdbab507bec25f7e92a0799307990281a4fe5ed3f702f744abd0050233fc6981	296	original/MagicMayhem_CD/Realms/Medieval/Forest/MFsec08.mps
cb080146d01a4e34a6751f4c92c05a77728b0c999267462a629b0432062872b7	12868	original/MagicMayhem_CD/Realms/Medieval/Forest/MFsec08.nod
cdcb107fdbb77311f070378b00c3113516b5a589f124f63be4428dea109dfa7e	664	original/MagicMayhem_CD/Realms/Medieval/Forest/MFsec09.evt
f49d41f4b62cb5b07b4e800fc9603982fee33e300a0b499ac10aea6cc50415ab	16599	original/MagicMayhem_CD/Realms/Medieval/Forest/MFsec09.map
3641bd7a2a5c6f3bace70606fd2c70891a853f16fde651b9fafcc6737cdd1ce9	256	original/MagicMayhem_CD/Realms/Medieval/Forest/MFsec09.mps
1540e0fd1bb084534d5786e90338f32b2251db4b33977b98d3fd9df7498be88e	8422	original/MagicMayhem_CD/Realms/Medieval/Forest/MFsec09.nod
bc5de961972b28c06b78b5fa38b8c959ddaf03d5762f40ec56b4b951a70e6468	16	original/MagicMayhem_CD/Realms/Medieval/Forest/MFsec10.evt
3970e15f0b1f90944725fb6f49c455d3ce3e33bf145b6f677e8a1051ababee5a	16283	original/MagicMayhem_CD/Realms/Medieval/Forest/MFsec10.map
b2e07ba01b3e5391fcb1c41d4a83d447e7fd4a207b9b24527eedaaaa08479109	536	original/MagicMayhem_CD/Realms/Medieval/Forest/MFsec10.mps
77acedd9667fd6c92334f54a0070d91ec81471352d415704cf99a3366925ac52	9410	original/MagicMayhem_CD/Realms/Medieval/Forest/MFsec10.nod
bc5de961972b28c06b78b5fa38b8c959ddaf03d5762f40ec56b4b951a70e6468	16	original/MagicMayhem_CD/Realms/Medieval/Forest/MFsec11.evt
856b1421b33138735a13167693967e928b08c950267fda662464e6f527cb351c	16238	original/MagicMayhem_CD/Realms/Medieval/Forest/MFsec11.map
99070d296694b407018790e7615fe8dc7f0598d67bb8a616a15bfcbbd31059ad	536	original/MagicMayhem_CD/Realms/Medieval/Forest/MFsec11.mps
af5c0f55f50a6329fe177e33026d92df81f611f6d83c03b64fcd578e09af86ce	10892	original/MagicMayhem_CD/Realms/Medieval/Forest/MFsec11.nod
bc5de961972b28c06b78b5fa38b8c959ddaf03d5762f40ec56b4b951a70e6468	16	original/MagicMayhem_CD/Realms/Medieval/Forest/MFsec12.evt
c79eda27e886f37a5747edd311f1fd9b6e53fb48d6f9c68e10a4353bdb7b7cf5	16060	original/MagicMayhem_CD/Realms/Medieval/Forest/MFsec12.map
ec8fa41185234bf4b1f5968f1144c1ad3795ceeb1b51bd2d039f14b93fd09b3d	496	original/MagicMayhem_CD/Realms/Medieval/Forest/MFsec12.mps
61dbc7af4563c067b87150dae123331b7e4be68c7ac369c020b53b6bfcfd5db7	8916	original/MagicMayhem_CD/Realms/Medieval/Forest/MFsec12.nod
bc5de961972b28c06b78b5fa38b8c959ddaf03d5762f40ec56b4b951a70e6468	16	original/MagicMayhem_CD/Realms/Medieval/Forest/MFsec13.evt
0be57f0d333020eb8e3f49d6c78ac9163c1b8e90fc7eae360f014e4c87c63b65	16164	original/MagicMayhem_CD/Realms/Medieval/Forest/MFsec13.map
0f296c7a307e245d17a920142882b4c554a7929067f95115e7d0da48cf1eb915	496	original/MagicMayhem_CD/Realms/Medieval/Forest/MFsec13.mps
dbb3fb80ce0569281fc9f90b641fa73bba340c08d42ab4baf27ee55f81e1dcb8	7928	original/MagicMayhem_CD/Realms/Medieval/Forest/MFsec13.nod
bc5de961972b28c06b78b5fa38b8c959ddaf03d5762f40ec56b4b951a70e6468	16	original/MagicMayhem_CD/Realms/Medieval/Forest/MFsec14.evt
cd5b045274dc9a9f4e2dd5df15483bc130c0b52997ad0366669929382495bf24	16077	original/MagicMayhem_CD/Realms/Medieval/Forest/MFsec14.map
69865e5d5a2d2db1905e0448b3fe1cb2ba76c50d1d83f827888d520bf477a199	536	original/MagicMayhem_CD/Realms/Medieval/Forest/MFsec14.mps
af313bddebb3d424cb2352a2c1303bb92553701c5927ec1e456dcae421179c83	7928	original/MagicMayhem_CD/Realms/Medieval/Forest/MFsec14.nod
bc5de961972b28c06b78b5fa38b8c959ddaf03d5762f40ec56b4b951a70e6468	16	original/MagicMayhem_CD/Realms/Medieval/Forest/MFsec20.evt
06b78fe2e143e259b672dc6c319624afbbd35b5fe46f802bd9592cf0863e89d4	16424	original/MagicMayhem_CD/Realms/Medieval/Forest/MFsec20.map
c3e35ecdc011531a518667d8ea7ff75ff6b05b1e1dcfb996ab9c32b1e4ee0185	536	original/MagicMayhem_CD/Realms/Medieval/Forest/MFsec20.mps
2a39aa076419b91c1bb48c605c62ddbc19c992fa98b1e596cc197d54e1858c67	8916	original/MagicMayhem_CD/Realms/Medieval/Forest/MFsec20.nod
bc5de961972b28c06b78b5fa38b8c959ddaf03d5762f40ec56b4b951a70e6468	16	original/MagicMayhem_CD/Realms/Medieval/Forest/MFsec21.evt
2a1b06abb1ff690a3db0ffcea71b45dee867fe538c24308b2a647fdc1e75a601	16510	original/MagicMayhem_CD/Realms/Medieval/Forest/MFsec21.map
dbc8ae4669b70b1a1d0e858751babe7ec3413729c015e5d90ecb7c1d6e06c028	536	original/MagicMayhem_CD/Realms/Medieval/Forest/MFsec21.mps
9602f5cded376bb2248165414b3da369ad619d4750f77bd3e1513ca350eac5cc	10398	original/MagicMayhem_CD/Realms/Medieval/Forest/MFsec21.nod
bc5de961972b28c06b78b5fa38b8c959ddaf03d5762f40ec56b4b951a70e6468	16	original/MagicMayhem_CD/Realms/Medieval/Forest/MFsec22.evt
f968e7178246d27fcead24dbc1836d67337e6696c7e82041dc44b4a6bc9cac20	16124	original/MagicMayhem_CD/Realms/Medieval/Forest/MFsec22.map
39130072eb4b5e2c42c6657281be3b8603ca320a85aac9e130bfcc2c40d949c6	536	original/MagicMayhem_CD/Realms/Medieval/Forest/MFsec22.mps
bbdf29b24ffc4009b834b5af8a3db135f1af0457fd790d42d43633e587e6e894	9410	original/MagicMayhem_CD/Realms/Medieval/Forest/MFsec22.nod
bc5de961972b28c06b78b5fa38b8c959ddaf03d5762f40ec56b4b951a70e6468	16	original/MagicMayhem_CD/Realms/Medieval/Forest/MFsec23.evt
6750db8040cb6a08b4e1479d03a3cafce2601294c24bb9c1ab941ff2ba12053e	16314	original/MagicMayhem_CD/Realms/Medieval/Forest/MFsec23.map
5be543d9709f6c2fd973a9b0d5dcba20d34f9011d79175ebe2dd6858439b354c	536	original/MagicMayhem_CD/Realms/Medieval/Forest/MFsec23.mps
acab5b9dfe0251ee8586b03d48a064a73329f2eb1d75e0d54fc8cb465f84c16c	8916	original/MagicMayhem_CD/Realms/Medieval/Forest/MFsec23.nod
bc5de961972b28c06b78b5fa38b8c959ddaf03d5762f40ec56b4b951a70e6468	16	original/MagicMayhem_CD/Realms/Medieval/Forest/MFsec24.evt
891b6d1e5599f6f3721ab2bef7e6815f6ffa8d08a0c79652f41f632d531c117d	16025	original/MagicMayhem_CD/Realms/Medieval/Forest/MFsec24.map
0d33ba6dd523dee84bd61fd6d760265b8c40bcd50fee5c4a9953a6f082781f16	536	original/MagicMayhem_CD/Realms/Medieval/Forest/MFsec24.mps
9f311b0822cbd9280bee4b6fdbb248f387d6dcb5f69e15eceace11ff7410d2c8	10892	original/MagicMayhem_CD/Realms/Medieval/Forest/MFsec24.nod
bc5de961972b28c06b78b5fa38b8c959ddaf03d5762f40ec56b4b951a70e6468	16	original/MagicMayhem_CD/Realms/Medieval/Forest/MFsec25.evt
ce230b321b734b6636215eb053c6e6ca57ef24c17829bce6603b3cb956886ae6	16198	original/MagicMayhem_CD/Realms/Medieval/Forest/MFsec25.map
f5c821a55eb605034de16d0ba3659a641c9d426399e109bb5557ca4111b78a5a	536	original/MagicMayhem_CD/Realms/Medieval/Forest/MFsec25.mps
75ff5c73c369330dc287637297455d7f9f4397fc898fb19280e773a0ce4a549e	10398	original/MagicMayhem_CD/Realms/Medieval/Forest/MFsec25.nod
bc5de961972b28c06b78b5fa38b8c959ddaf03d5762f40ec56b4b951a70e6468	16	original/MagicMayhem_CD/Realms/Medieval/Forest/MFsec26.evt
001fab97cd83237b260ed98ba4c8d8c7c6bf062e39a77e9a13ed43a189285266	16174	original/MagicMayhem_CD/Realms/Medieval/Forest/MFsec26.map
7ce60fb39d2f256b81b42a071969e8b7dc9e019c50610b935d06f0e15622f8f2	536	original/MagicMayhem_CD/Realms/Medieval/Forest/MFsec26.mps
e04fa9d8b5a1128b0a77e1adeed14c69dfff729c3bf35faf2d9e171cbd8a1b07	8916	original/MagicMayhem_CD/Realms/Medieval/Forest/MFsec26.nod
bc5de961972b28c06b78b5fa38b8c959ddaf03d5762f40ec56b4b951a70e6468	16	original/MagicMayhem_CD/Realms/Medieval/Forest/MFsec27.evt
264ea5940f13b574ecc09b2e7a6ffa2e9dcc20d488838217953f5450fb9cecee	16328	original/MagicMayhem_CD/Realms/Medieval/Forest/MFsec27.map
daffc03620c5468ac93f2ea1e113253eb69b0a32aaccc726ba5ebb3539d33e73	536	original/MagicMayhem_CD/Realms/Medieval/Forest/MFsec27.mps
536e2f19336965c320553f38a40c774f1ea7e97470d1ecbdf9c1bfe945e07c8d	12374	original/MagicMayhem_CD/Realms/Medieval/Forest/MFsec27.nod
bc5de961972b28c06b78b5fa38b8c959ddaf03d5762f40ec56b4b951a70e6468	16	original/MagicMayhem_CD/Realms/Medieval/Forest/MFsec28.evt
a99e675113550190208d485eee94bacb61c118cefe029f8167e2865e97c6eb8d	16170	original/MagicMayhem_CD/Realms/Medieval/Forest/MFsec28.map
9f04e3794c6b998bee959eed113f0d5303942d388880790fd9261069296c9e01	536	original/MagicMayhem_CD/Realms/Medieval/Forest/MFsec28.mps
a1c15a95435512679ee0c63337fc83602188d39cfb2048f66a772c652d7c6040	10892	original/MagicMayhem_CD/Realms/Medieval/Forest/MFsec28.nod
bc5de961972b28c06b78b5fa38b8c959ddaf03d5762f40ec56b4b951a70e6468	16	original/MagicMayhem_CD/Realms/Medieval/Forest/MFsec29.evt
c5a97dfe9c5256e2f6ad1e4920ddc803fc5ada603e69246334abc7e3974f3ea5	16178	original/MagicMayhem_CD/Realms/Medieval/Forest/MFsec29.map
96f936576cf6047f9d9256176f67277e936f23b249d34a1b94a4fa4bfa21969f	536	original/MagicMayhem_CD/Realms/Medieval/Forest/MFsec29.mps
c174f26e998cc7d640fc7b880fe7845c8d9f917c40a42faf47389c67968aaf67	11880	original/MagicMayhem_CD/Realms/Medieval/Forest/MFsec29.nod
bc5de961972b28c06b78b5fa38b8c959ddaf03d5762f40ec56b4b951a70e6468	16	original/MagicMayhem_CD/Realms/Medieval/Forest/MFsec30.evt
98f6a1725d4953801df11d688f0f8a7f722b271e1d4bca8f9af74b21c55ad20f	16273	original/MagicMayhem_CD/Realms/Medieval/Forest/MFsec30.map
56d03bb2d0ccbc955fac235ec29b40aac628e8b08eb409ef016ea54e5b00e36c	536	original/MagicMayhem_CD/Realms/Medieval/Forest/MFsec30.mps
e2426ebba6c37e94336e829939cab233b523fba92d970c630eaf345376217c6f	15832	original/MagicMayhem_CD/Realms/Medieval/Forest/MFsec30.nod
bc5de961972b28c06b78b5fa38b8c959ddaf03d5762f40ec56b4b951a70e6468	16	original/MagicMayhem_CD/Realms/Medieval/Forest/MFsec31.evt
9ef316fde697a1341ba23f0a57f0fcf8708bc861541e902a7bc1b56ac24f8b56	16329	original/MagicMayhem_CD/Realms/Medieval/Forest/MFsec31.map
548174d02c3c1270b031997c4de08e345660b8055f8b4da0828e521e8c279eed	536	original/MagicMayhem_CD/Realms/Medieval/Forest/MFsec31.mps
a7e58e8eadc6694c33c97400be58f6f13baf691c4fba8d2c688252a4080ef959	15338	original/MagicMayhem_CD/Realms/Medieval/Forest/MFsec31.nod
bc5de961972b28c06b78b5fa38b8c959ddaf03d5762f40ec56b4b951a70e6468	16	original/MagicMayhem_CD/Realms/Medieval/Forest/MFsec32.evt
a506cce1669dbadab89871b8bd26d93ea895b8291108a8a75ef0acb84e979ebc	16159	original/MagicMayhem_CD/Realms/Medieval/Forest/MFsec32.map
f1043bbae497a8aba29b532b26cb9ffd62d8772f597e40cc40a518320dad6794	536	original/MagicMayhem_CD/Realms/Medieval/Forest/MFsec32.mps
900e73fef09cf31ba2e832033330deed2cc769c225aacb9f779d65dc927bba41	19784	original/MagicMayhem_CD/Realms/Medieval/Forest/MFsec32.nod
bc5de961972b28c06b78b5fa38b8c959ddaf03d5762f40ec56b4b951a70e6468	16	original/MagicMayhem_CD/Realms/Medieval/Forest/MFsec33.evt
f2279a8f7106a1ea14035f677e670e271a33681b14b0050141549796c3b27fc3	16152	original/MagicMayhem_CD/Realms/Medieval/Forest/MFsec33.map
8e91ecd4ce8c012b4adbe62cc0aa7ae6c6475391bcbe644a7603c436f6280af7	536	original/MagicMayhem_CD/Realms/Medieval/Forest/MFsec33.mps
a9db0894d6453fbe236ef506f1b8bbef5976c078efea4715809b9488742ad866	14350	original/MagicMayhem_CD/Realms/Medieval/Forest/MFsec33.nod
bc5de961972b28c06b78b5fa38b8c959ddaf03d5762f40ec56b4b951a70e6468	16	original/MagicMayhem_CD/Realms/Medieval/Forest/MFsec34.evt
b0b85d5daf2c9af581ccd06b2f4771e5836be3deda417a32e835b76221a1a59a	16216	original/MagicMayhem_CD/Realms/Medieval/Forest/MFsec34.map
6fa9be4b6eb44a697750f635638f2c8749f20a88f825b1525839c492a5e0c27d	536	original/MagicMayhem_CD/Realms/Medieval/Forest/MFsec34.mps
dad2d8c5f473425144c273377400fb6bbf9d75bdd59fa8842e52de2749e69699	15338	original/MagicMayhem_CD/Realms/Medieval/Forest/MFsec34.nod
bc5de961972b28c06b78b5fa38b8c959ddaf03d5762f40ec56b4b951a70e6468	16	original/MagicMayhem_CD/Realms/Medieval/Forest/MFsec35.evt
2bb1eec393085996c823541ef9adcdee0188688c8c3096c494372bc9baffe013	16345	original/MagicMayhem_CD/Realms/Medieval/Forest/MFsec35.map
79cdafcc8a3fde793dab5de6552d0423192c2faaa363d57e4a4ea675128428b9	536	original/MagicMayhem_CD/Realms/Medieval/Forest/MFsec35.mps
52de1bf1804a5972050bad28ceb1bea65d25678c9b8ec19698fdf6f1d9f51624	16326	original/MagicMayhem_CD/Realms/Medieval/Forest/MFsec35.nod
bc5de961972b28c06b78b5fa38b8c959ddaf03d5762f40ec56b4b951a70e6468	16	original/MagicMayhem_CD/Realms/Medieval/Forest/MFsec36.evt
dc1cc22cb6760903df40fd6834e5f758d4be8ec5b2aa0f0b4e4df385eaced6a9	16183	original/MagicMayhem_CD/Realms/Medieval/Forest/MFsec36.map
6d8d6d4a37b8d96de81a692d98624290573e1cc89aae56945dc571b3815f701c	536	original/MagicMayhem_CD/Realms/Medieval/Forest/MFsec36.mps
2a0c85124124439a27e906d8a790b83350392d3b9ece938dce9b3398aa55517a	15832	original/MagicMayhem_CD/Realms/Medieval/Forest/MFsec36.nod
bc5de961972b28c06b78b5fa38b8c959ddaf03d5762f40ec56b4b951a70e6468	16	original/MagicMayhem_CD/Realms/Medieval/Forest/MFsec37.evt
c9bd783c4e2c78eef15c07c9666545d6859a24fc96d2e9930a4ebc7ef454f8e4	16525	original/MagicMayhem_CD/Realms/Medieval/Forest/MFsec37.map
58c489acecdbdd945f0c534c2147e51ba58c054c743fd0e7b000707682b0518f	536	original/MagicMayhem_CD/Realms/Medieval/Forest/MFsec37.mps
1f086f803aeae417653c71e8ce6748700091bf959079bfba5df7e8fac9dbcef9	15832	original/MagicMayhem_CD/Realms/Medieval/Forest/MFsec37.nod
bc5de961972b28c06b78b5fa38b8c959ddaf03d5762f40ec56b4b951a70e6468	16	original/MagicMayhem_CD/Realms/Medieval/Forest/MFsec38.evt
b646b1c873c69ed3221f46dacac58658435e2d0451799e52763acefcdf8fbcfd	16305	original/MagicMayhem_CD/Realms/Medieval/Forest/MFsec38.map
cef5d264a8430109b5e3173774c1f12758ce35405b2e4ed19839b4a3d527e86f	536	original/MagicMayhem_CD/Realms/Medieval/Forest/MFsec38.mps
ac4c75dcf237b80218861e10c4065c5110f14a45860031d21927188d063d6a9e	14350	original/MagicMayhem_CD/Realms/Medieval/Forest/MFsec38.nod
bc5de961972b28c06b78b5fa38b8c959ddaf03d5762f40ec56b4b951a70e6468	16	original/MagicMayhem_CD/Realms/Medieval/Forest/MFsec39.evt
d1b9d1a0231e9b54c98a78d35930ec69b818d4037135de795649cf85ec8b9ed6	16168	original/MagicMayhem_CD/Realms/Medieval/Forest/MFsec39.map
6022e037396ab959fb00099af6a6d5410617d36684a72c1d2ba9c049e35d9225	536	original/MagicMayhem_CD/Realms/Medieval/Forest/MFsec39.mps
3d82831d967fe54cd54adf0b2bbf66a97d4875fc627de8af6aa6ae2720097ad3	10892	original/MagicMayhem_CD/Realms/Medieval/Forest/MFsec39.nod
bc5de961972b28c06b78b5fa38b8c959ddaf03d5762f40ec56b4b951a70e6468	16	original/MagicMayhem_CD/Realms/Medieval/Forest/MFsec40.evt
81a43cc3324a7bf365a6ecbe79f0880766f6b648071fca0a7d43b0aabe16b13e	16375	original/MagicMayhem_CD/Realms/Medieval/Forest/MFsec40.map
87d93a7d67da4ee257178741f8abda0e968b83bef525890956133ea7c2e3a8dd	536	original/MagicMayhem_CD/Realms/Medieval/Forest/MFsec40.mps
930d5cf8a82da202c4a091801d350cd74c5586e33e4476d3f83cf2d678b712ce	13362	original/MagicMayhem_CD/Realms/Medieval/Forest/MFsec40.nod
bc5de961972b28c06b78b5fa38b8c959ddaf03d5762f40ec56b4b951a70e6468	16	original/MagicMayhem_CD/Realms/Medieval/Forest/MFsec41.evt
a2f6065a8f91cc46670704a5aeb27fd018e539e8d6ca87484445cff37b92f369	16203	original/MagicMayhem_CD/Realms/Medieval/Forest/MFsec41.map
d17ad372d088beaa0e33dadb4e26e682082d515f8ecbee01753a19b50f8095fe	536	original/MagicMayhem_CD/Realms/Medieval/Forest/MFsec41.mps
95b0d863cf03aeae02268d3a05b1e6e9a4f784e2beaa9fb1893b654e07c5a6ea	13856	original/MagicMayhem_CD/Realms/Medieval/Forest/MFsec41.nod
bc5de961972b28c06b78b5fa38b8c959ddaf03d5762f40ec56b4b951a70e6468	16	original/MagicMayhem_CD/Realms/Medieval/Forest/MFsec42.evt
6fff3890f16399f29c811a89f17ceaaff7a03f0fa6f4831b4ac4bbddf59dc415	16499	original/MagicMayhem_CD/Realms/Medieval/Forest/MFsec42.map
0aea8a5f8efa603ad8c939b63e337e55bf3e1228b809a654ffbb61d606e56dee	536	original/MagicMayhem_CD/Realms/Medieval/Forest/MFsec42.mps
f2cd000cf0102210906e7e809e7b351e637ed99c1e8ddedbfa0650f39a5d0bba	13362	original/MagicMayhem_CD/Realms/Medieval/Forest/MFsec42.nod
bc5de961972b28c06b78b5fa38b8c959ddaf03d5762f40ec56b4b951a70e6468	16	original/MagicMayhem_CD/Realms/Medieval/Forest/MFsec43.evt
ffe48b95584c5f13b14fc7a1706a5ac2f6bd11da04589571d62f5353572e0fd4	16381	original/MagicMayhem_CD/Realms/Medieval/Forest/MFsec43.map
83e65d32c6d25a4c9453b6d66dba04492f2527cf95a2a36fbffcaffb0dba6b8b	536	original/MagicMayhem_CD/Realms/Medieval/Forest/MFsec43.mps
089b3bdadfee6b816ee5b091414eb7fad543dd1ddf71bea0d944506a09260a0d	15338	original/MagicMayhem_CD/Realms/Medieval/Forest/MFsec43.nod
bc5de961972b28c06b78b5fa38b8c959ddaf03d5762f40ec56b4b951a70e6468	16	original/MagicMayhem_CD/Realms/Medieval/Forest/MFsec44.evt
f5a59d2b0a6c84086ddcc8ccd7f73acf38d0fa8f8a1da5030fc5c694cbc8aa0f	16265	original/MagicMayhem_CD/Realms/Medieval/Forest/MFsec44.map
763118aa2bb82c85d68877c87cd9e057e65aa745577aa04c273feceb4886b760	536	original/MagicMayhem_CD/Realms/Medieval/Forest/MFsec44.mps
946e454c7b9c7fc0385220aa79d96f3d0d8e38432fb73d2f32889ac07ce447e4	13362	original/MagicMayhem_CD/Realms/Medieval/Forest/MFsec44.nod
bc5de961972b28c06b78b5fa38b8c959ddaf03d5762f40ec56b4b951a70e6468	16	original/MagicMayhem_CD/Realms/Medieval/Forest/MFsec50.evt
9ab8610856961bf7eab4a15598cbae35938a59382ff4e18ea4685603ad72653f	16277	original/MagicMayhem_CD/Realms/Medieval/Forest/MFsec50.map
42907d9f7069b6eae520de6645a2332cf2e00c13bd3712011173d52756096694	256	original/MagicMayhem_CD/Realms/Medieval/Forest/MFsec50.mps
de25fbf7eb1a1d12e45eb9635b364fa65f274a9620402301fd395d0d4349a88c	19290	original/MagicMayhem_CD/Realms/Medieval/Forest/MFsec50.nod
2d90d9db5d08b74b4cae7eaab1999673471befcba731ef00440b76f4428fddcc	88	original/MagicMayhem_CD/Realms/Medieval/Forest/MFsec51.evt
876a3f7f8f9eaf106ed788113d15d17396991c4279afb0f69d5b7c0841d8aa10	16642	original/MagicMayhem_CD/Realms/Medieval/Forest/MFsec51.map
0f6a0d72e687892e399eabab260a08c899532b07de12e9b3c98304c0da2cffeb	296	original/MagicMayhem_CD/Realms/Medieval/Forest/MFsec51.mps
3d22ad990494e57034aafbdb371e79ec6020ca0fd9501e3ce96629862309bd1a	19290	original/MagicMayhem_CD/Realms/Medieval/Forest/MFsec51.nod
bc5de961972b28c06b78b5fa38b8c959ddaf03d5762f40ec56b4b951a70e6468	16	original/MagicMayhem_CD/Realms/Medieval/Forest/MFsec52.evt
79b074e075ac5974e484845afbb977fb775c1f0d21dd496bb812184c5ce34883	17126	original/MagicMayhem_CD/Realms/Medieval/Forest/MFsec52.map
7742baa29829caf54f7505cec8641b530ac2b96cb1403640ac64acba47cb0e6c	256	original/MagicMayhem_CD/Realms/Medieval/Forest/MFsec52.mps
9a2a017854dfb5e1e5d7cc94d7f39ce4d8df58658e1180f876e3a6d6c70557ac	29664	original/MagicMayhem_CD/Realms/Medieval/Forest/MFsec52.nod
35451c6a26c9a38299c6f2cfe6c2ed697a43b9d0095d58b905bb74b1faf40d5c	304	original/MagicMayhem_CD/Realms/Medieval/Forest/MFsec53.evt
f4ef898e9264430dc206d017363db30d7200de1ababfda1010ca84cae0c80119	15144	original/MagicMayhem_CD/Realms/Medieval/Forest/MFsec53.map
165dee744081ce4206c586d5ca4f11dbad87b8ffe7014f8a8fc0a059d10754ac	376	original/MagicMayhem_CD/Realms/Medieval/Forest/MFsec53.mps
de106635e6432bb4a1d04f396f22f91ce24fa3e1c426f3acbdb03ee0ddf1e21e	10398	original/MagicMayhem_CD/Realms/Medieval/Forest/MFsec53.nod
6dfdc5704021fade9190037e2b15a891fea4a487199127bcbdd2017625c9442b	160	original/MagicMayhem_CD/Realms/Medieval/Forest/MFsec54.evt
349ec8512b9d425b223958d015cb9234d55a1578f192660d83e6b81d78729f4c	17115	original/MagicMayhem_CD/Realms/Medieval/Forest/MFsec54.map
4699cc6e3a9177d13987fc4d027f09b82d57dd54ddd61ee54ac16529d2e91529	256	original/MagicMayhem_CD/Realms/Medieval/Forest/MFsec54.mps
17c19f62930ea06e3d8fc185f4e9b56033a0b29c3c802f0ea1c22d130a9b8de8	27194	original/MagicMayhem_CD/Realms/Medieval/Forest/MFsec54.nod
bc5de961972b28c06b78b5fa38b8c959ddaf03d5762f40ec56b4b951a70e6468	16	original/MagicMayhem_CD/Realms/Medieval/Forest/MFsec55.evt
9f848d78967372ee23ab0e949da33e887cdd5c694d5653fb6aab71f4046ca0fb	15116	original/MagicMayhem_CD/Realms/Medieval/Forest/MFsec55.map
0d54325abd3bafd314d79415d6e3acbf0360b0236e78844c75d18a4de473d09b	96	original/MagicMayhem_CD/Realms/Medieval/Forest/MFsec55.mps
cf6ecbe3bfe5664859ee6307edac453ab4d6bdcdfadda5d4eb4d755d7ab4c857	15832	original/MagicMayhem_CD/Realms/Medieval/Forest/MFsec55.nod
79ab82d7bd2dcfac7d6d3555305af00383fd9875444a8e7d4ecf9d568659202d	88	original/MagicMayhem_CD/Realms/Medieval/Forest/MFsec56.evt
0446378019f979077d3234363ae716982c9e2eab535cd9de13f6dc5c0103ac65	19803	original/MagicMayhem_CD/Realms/Medieval/Forest/MFsec56.map
2b373653958befe115032446b068f17f6dcd0a84834c69a641b1944c4c447e4d	256	original/MagicMayhem_CD/Realms/Medieval/Forest/MFsec56.mps
689307e4a6a472fc68f9fd6535ad6bc02614ddd907dabe2953b7fe48c6f27d6f	13856	original/MagicMayhem_CD/Realms/Medieval/Forest/MFsec56.nod
b9d98ce9b3434ddee784cc0dce81bc1b0fdcf067f252c57f1240796a802f90ff	1024	original/MagicMayhem_CD/Realms/Medieval/Forest/MFsec57.evt
19e0a19032f34c4dfa92ced676532101dcd18393c883be5937094391a6dea261	19435	original/MagicMayhem_CD/Realms/Medieval/Forest/MFsec57.map
605a55309ec9ba762dd7fba7e45c2bb61673e96f2cb3a8b527b74eb65a0823cf	496	original/MagicMayhem_CD/Realms/Medieval/Forest/MFsec57.mps
c22ca4746dc431a889630f9e64209aa80f90f0162bc29268eff52d62ea722125	11386	original/MagicMayhem_CD/Realms/Medieval/Forest/MFsec57.nod
6ee5d6e3348ba223eb580896128f7617c40bbcf3e2bfe4a2efed2047f549c2d5	520	original/MagicMayhem_CD/Realms/Medieval/Forest/MFsec58.evt
e8a7b262cb9f360276976ac6cdd281afeaa8b0c0f680817eccbcab088a01fc10	20231	original/MagicMayhem_CD/Realms/Medieval/Forest/MFsec58.map
e9362e8cefa0b78fd9fd3b5c9090d725e7f3eaa048b33813d776f894df26f2d8	656	original/MagicMayhem_CD/Realms/Medieval/Forest/MFsec58.mps
21ec2319764c87972be407f17716748266d6ba40a46cce0acdb389821a8a0f4e	17808	original/MagicMayhem_CD/Realms/Medieval/Forest/MFsec58.nod
fdea4490a18f4650f7416c22c7a8e151c069b8b964172a504112c548c62096cd	376	original/MagicMayhem_CD/Realms/Medieval/Forest/MFsec59.evt
3810607228fffe13b5b752773fc6f6f0bb6b41a1cd5f28de34059f5128d90d91	19528	original/MagicMayhem_CD/Realms/Medieval/Forest/MFsec59.map
49ac0ae41a1bce0242235f0dbbf52de22c3b230623521d1b3f77bbf22ddb6236	216	original/MagicMayhem_CD/Realms/Medieval/Forest/MFsec59.mps
8c8c7f33c4490e1738183d043a903a87f21256cdd89529a64d6ed03d84ffbbc6	12868	original/MagicMayhem_CD/Realms/Medieval/Forest/MFsec59.nod
af0e00c53d3a5194d4c0be99ab94625bdef04288c1406d361cde0d36d9580b3e	3373528	original/MagicMayhem_CD/Realms/Medieval/Forest/Terrain.spr
dfcf1ee7e0ba09224a494fe90f82c0dfb9edd4c814d4765d2ab7bb89d9ac5436	24360	original/MagicMayhem_CD/Realms/Medieval/Forest/Terrain.tag
44cea3cbf9df6be2f9cc51298ad8b1eadacc23999801be37210945651e760bb9	722696	original/MagicMayhem_CD/Realms/Medieval/Forest/Terrain.ttd
6d1169beef61c5f12ee915dc267730c08b6998bb86f3b6033f03591d994e5683	480	original/MagicMayhem_CD/Realms/Medieval/Forest/doors.ani
2b2202e44413403a3d9f13466ecc35bf13c8566a6bb48fb33bcd43be29357234	10044	original/MagicMayhem_CD/Realms/Medieval/Forest/terrain.ani
84358dcd5fcb1b0d3f3d35d42665f66dbc596ca7e1f4dc5f15a6ef11e6190453	1024	original/MagicMayhem_CD/Realms/Medieval/Mountains/MMsec00.evt
4729adf2231904dbfa1d57eabd60efbf37a72807ab71826f4175e9f23aaf76bd	16239	original/MagicMayhem_CD/Realms/Medieval/Mountains/MMsec00.map
fa7679331e845e498f6eed641c934aef562221efcf5870e2800ce6b380958423	376	original/MagicMayhem_CD/Realms/Medieval/Mountains/MMsec00.mps
2d798ad611d136a42c0ae74def966a67845bb3790d59305c4cd11780d875a382	37568	original/MagicMayhem_CD/Realms/Medieval/Mountains/MMsec00.nod
d363315f99edfc5a618409b3c4872bf042797abb57b0cbc038c94d286de571c8	160	original/MagicMayhem_CD/Realms/Medieval/Mountains/MMsec01.evt
ba4f36082d81e993fde72f6b72062b9b049e67759cd6a3bffc7c556ba18eb383	16248	original/MagicMayhem_CD/Realms/Medieval/Mountains/MMsec01.map
5c8f34006d8ab53b2cdfb6ac427fe60cdf18a4faaf955a7066041dd0d62bda2e	296	original/MagicMayhem_CD/Realms/Medieval/Mountains/MMsec01.mps
be3dcd6d6f5c079da9227a771b34e0e1dea42ac50059c4df9d811a56492a4946	14350	original/MagicMayhem_CD/Realms/Medieval/Mountains/MMsec01.nod
bc5de961972b28c06b78b5fa38b8c959ddaf03d5762f40ec56b4b951a70e6468	16	original/MagicMayhem_CD/Realms/Medieval/Mountains/MMsec02.evt
534e9c5d19b9bdcd504013a8cf74b1b9cda2eb699be2311c45385c514a090446	15955	original/MagicMayhem_CD/Realms/Medieval/Mountains/MMsec02.map
80b15944dc53758fd02a32552a864ef8859005e0d9d1c1cb45562021cc0af853	256	original/MagicMayhem_CD/Realms/Medieval/Mountains/MMsec02.mps
8bb5d546510e7a01a4c908fb7a7f335120d970e8033ec88922225459eee45f2f	12374	original/MagicMayhem_CD/Realms/Medieval/Mountains/MMsec02.nod
51281f5c979bc62c80b82a1d8f5f9788dc8c179146ee21e2c46faadfa2e42d44	3832	original/MagicMayhem_CD/Realms/Medieval/Mountains/MMsec03.evt
e5bf19787b9336cb5c73ecb268851b9c96d7b73bdaf1cf688d6c1cead53287f9	76752	original/MagicMayhem_CD/Realms/Medieval/Mountains/MMsec03.map
c4c8bc60b68f9df2df5fda4cfa2f4ad3778d86adf5ecb3d3207929af7413ad89	1256	original/MagicMayhem_CD/Realms/Medieval/Mountains/MMsec03.mps
f9ae597bc17cb8d732ba02ecbd93a5e2781095d99425e24b6e31fd1104b464ca	75606	original/MagicMayhem_CD/Realms/Medieval/Mountains/MMsec03.nod
215f539779d0833296720cab813a5ba7f5f70890472ebc8cd5e6ba1fca8286ae	232	original/MagicMayhem_CD/Realms/Medieval/Mountains/MMsec04.evt
8b1ba4caa196862dbf73e47e9e9a3f09ee75f24c85bc0a5d514775f521581427	63255	original/MagicMayhem_CD/Realms/Medieval/Mountains/MMsec04.map
715b942b885f4fe130012a8a22d000ff79fa59dfd81c716c5522c470f536eae0	1256	original/MagicMayhem_CD/Realms/Medieval/Mountains/MMsec04.mps
dc96c55f89d1998784f7a730cb4710757f1405762cf38d2ddc04d7a8cd751de8	43990	original/MagicMayhem_CD/Realms/Medieval/Mountains/MMsec04.nod
acb5568b15824fb271003ce04855e72b3f7645a95fe33252c7cb6e530e10faf7	1312	original/MagicMayhem_CD/Realms/Medieval/Mountains/MMsec05.evt
a58d651fa190e27d332ae210f8578bbd23cfb14226a66733230a0466c6a22e0e	75282	original/MagicMayhem_CD/Realms/Medieval/Mountains/MMsec05.map
179f8a80206351509e961cbc140f4a8cfced8724741e4d670e1d4e5c64838ff1	1616	original/MagicMayhem_CD/Realms/Medieval/Mountains/MMsec05.mps
e87f88f162ccb1edb62f77b9386dc463bd4feddd68e793266bb044bc5d454d41	75606	original/MagicMayhem_CD/Realms/Medieval/Mountains/MMsec05.nod
bc5de961972b28c06b78b5fa38b8c959ddaf03d5762f40ec56b4b951a70e6468	16	original/MagicMayhem_CD/Realms/Medieval/Mountains/MMsec10.evt
83d9d6bb422dfb0427e2d7ebf504e804ed67a595561033447e573a1cb7a238bd	16056	original/MagicMayhem_CD/Realms/Medieval/Mountains/MMsec10.map
46f747ec760190fdb1e981a1dfd13c23b9b8a31973a831558b751ce3a9be714d	656	original/MagicMayhem_CD/Realms/Medieval/Mountains/MMsec10.mps
d2623c47aeb595398558aed2f550e7f21803f1dd2a55c5790224b6fca267319e	11386	original/MagicMayhem_CD/Realms/Medieval/Mountains/MMsec10.nod
bc5de961972b28c06b78b5fa38b8c959ddaf03d5762f40ec56b4b951a70e6468	16	original/MagicMayhem_CD/Realms/Medieval/Mountains/MMsec11.evt
6986eea93743a46ad303ded596d64d4e93867ec03f407b78563d97ad948bb808	15775	original/MagicMayhem_CD/Realms/Medieval/Mountains/MMsec11.map
e0f761d3f3266c1ebc9d03ca5d3b1d0a4219fb804b4dd789ea0b8930c1b7114c	656	original/MagicMayhem_CD/Realms/Medieval/Mountains/MMsec11.mps
111d0513113b0638838fab40b5a920a75f524a6625cc5a31f12158e798e235ff	8916	original/MagicMayhem_CD/Realms/Medieval/Mountains/MMsec11.nod
bc5de961972b28c06b78b5fa38b8c959ddaf03d5762f40ec56b4b951a70e6468	16	original/MagicMayhem_CD/Realms/Medieval/Mountains/MMsec12.evt
275a468224cb4596490dc1a2d01657aee3a258530c2ad9919ff8721ca499ac75	15931	original/MagicMayhem_CD/Realms/Medieval/Mountains/MMsec12.map
65f9a25294a268f4000d6b1873f5ba92a011290e4604b1295fc4e1d5e67eed32	696	original/MagicMayhem_CD/Realms/Medieval/Mountains/MMsec12.mps
89f38926872936ccf9cc69c954f57c58c2c371415e8136aeca3ef42dc610f6e5	17808	original/MagicMayhem_CD/Realms/Medieval/Mountains/MMsec12.nod
bc5de961972b28c06b78b5fa38b8c959ddaf03d5762f40ec56b4b951a70e6468	16	original/MagicMayhem_CD/Realms/Medieval/Mountains/MMsec13.evt
28b7b53d1b5dcc8027bfcac39b2538e0dda92aec23b94ad6dd7740f1e2db7a97	15921	original/MagicMayhem_CD/Realms/Medieval/Mountains/MMsec13.map
d7493c1aa65953a8b8eec198ca3cc258d0b06f6bc279f4c1c1cfde43c900df4a	656	original/MagicMayhem_CD/Realms/Medieval/Mountains/MMsec13.mps
77f56b68d1af60b17aebf2bca1f947f26d92698765df674027017051d86acd5f	9904	original/MagicMayhem_CD/Realms/Medieval/Mountains/MMsec13.nod
bc5de961972b28c06b78b5fa38b8c959ddaf03d5762f40ec56b4b951a70e6468	16	original/MagicMayhem_CD/Realms/Medieval/Mountains/MMsec14.evt
357e3957cc72d44ebaaed8912f4082e853bbae9466d9e251ec8dea4767427c27	15961	original/MagicMayhem_CD/Realms/Medieval/Mountains/MMsec14.map
d7f3d352e27bd17b2c94e4203b520e7385eed286a1c186c1e12c3c0d1310607b	616	original/MagicMayhem_CD/Realms/Medieval/Mountains/MMsec14.mps
0063c7eb5f7862a9fc32f8cf74aba158419d588061164d258ec93bfb8d37f3f9	10398	original/MagicMayhem_CD/Realms/Medieval/Mountains/MMsec14.nod
bc5de961972b28c06b78b5fa38b8c959ddaf03d5762f40ec56b4b951a70e6468	16	original/MagicMayhem_CD/Realms/Medieval/Mountains/MMsec15.evt
1d262ca462831722758277373fe5cf8d086f9b80ab8593a5cc2a3c68d48a26a2	15864	original/MagicMayhem_CD/Realms/Medieval/Mountains/MMsec15.map
11987f2c8a76d79ccad315f795ec24bb8934f488547fac37acf5ee57cbfe3da3	696	original/MagicMayhem_CD/Realms/Medieval/Mountains/MMsec15.mps
a3db8bc4c67ef7223ed935576394dee52aa1cd39e7e7d40502b42df2927ffd40	9904	original/MagicMayhem_CD/Realms/Medieval/Mountains/MMsec15.nod
bc5de961972b28c06b78b5fa38b8c959ddaf03d5762f40ec56b4b951a70e6468	16	original/MagicMayhem_CD/Realms/Medieval/Mountains/MMsec16.evt
d9194dabe830365f79c9b6caf47c191f75e831f464284f60382a71b7fc9eeab3	15870	original/MagicMayhem_CD/Realms/Medieval/Mountains/MMsec16.map
1174c0c89bbafab1d6c2793d1e4338688bbf173fa8c4e81aad09fdd1b9ea780e	656	original/MagicMayhem_CD/Realms/Medieval/Mountains/MMsec16.mps
55d243c9374076e20d4132706f6aafe2ea0333e703c083ff7611d92ca4acbe93	12868	original/MagicMayhem_CD/Realms/Medieval/Mountains/MMsec16.nod
bc5de961972b28c06b78b5fa38b8c959ddaf03d5762f40ec56b4b951a70e6468	16	original/MagicMayhem_CD/Realms/Medieval/Mountains/MMsec17.evt
8ab4fd32a59a72da29a6a928d862e7017277e67a766fe6ec82803094e2348ee8	16066	original/MagicMayhem_CD/Realms/Medieval/Mountains/MMsec17.map
dcfb2307341a975d1590e388c243795859c8277b93160f3ed65c35fa88d85e09	776	original/MagicMayhem_CD/Realms/Medieval/Mountains/MMsec17.mps
2e4da69e43914ac1bd7ba5b6665285cafd4f1ae2b2bc1948234bc998962b43c9	13856	original/MagicMayhem_CD/Realms/Medieval/Mountains/MMsec17.nod
bc5de961972b28c06b78b5fa38b8c959ddaf03d5762f40ec56b4b951a70e6468	16	original/MagicMayhem_CD/Realms/Medieval/Mountains/MMsec18.evt
3969e4f54448a2c8ef145b08a54856586851b88881bea43e92f02f0426d9dab5	15917	original/MagicMayhem_CD/Realms/Medieval/Mountains/MMsec18.map
fc22d8d765ba433f496f4793b0b94f299eb37fef1bae0a699fea8011a40bbdc4	656	original/MagicMayhem_CD/Realms/Medieval/Mountains/MMsec18.mps
13ab8697abf9b45a1494bd52f8871c61e3c560b09898d948e5991783b3b6d93d	10892	original/MagicMayhem_CD/Realms/Medieval/Mountains/MMsec18.nod
bc5de961972b28c06b78b5fa38b8c959ddaf03d5762f40ec56b4b951a70e6468	16	original/MagicMayhem_CD/Realms/Medieval/Mountains/MMsec19.evt
bb698ce02fd0ccb95c6d4626ae92c6c79a45849ab54a0c0a27c254398b58ea38	15815	original/MagicMayhem_CD/Realms/Medieval/Mountains/MMsec19.map
4922b490f763690a00147ab467f2be5b69a1dd840e407bdd1ea371fc0c43dc90	656	original/MagicMayhem_CD/Realms/Medieval/Mountains/MMsec19.mps
37e122acfc89a64e501dd6ae1e95f5c27b2cc5a5e4ec7137863aab49b584ee71	10398	original/MagicMayhem_CD/Realms/Medieval/Mountains/MMsec19.nod
bc5de961972b28c06b78b5fa38b8c959ddaf03d5762f40ec56b4b951a70e6468	16	original/MagicMayhem_CD/Realms/Medieval/Mountains/MMsec20.evt
941cae2a0552268ca82b3438d48d084b676d1be1293003a12fab0bdb9060e344	16031	original/MagicMayhem_CD/Realms/Medieval/Mountains/MMsec20.map
44d927731eb89bae7e630b1c124ba50cf155a5ac595e523a1848e3a564c76028	776	original/MagicMayhem_CD/Realms/Medieval/Mountains/MMsec20.mps
6903000d12333f67f612a8075d557eced113ff26e57a78bb410d4b4d05b6916f	10398	original/MagicMayhem_CD/Realms/Medieval/Mountains/MMsec20.nod
bc5de961972b28c06b78b5fa38b8c959ddaf03d5762f40ec56b4b951a70e6468	16	original/MagicMayhem_CD/Realms/Medieval/Mountains/MMsec21.evt
65364bd5285ec554afe73baa6d8aba27f1d5e20f010cd864c168c6b2a534ebf3	15873	original/MagicMayhem_CD/Realms/Medieval/Mountains/MMsec21.map
4d18ce008aac5c84238277512a1c7247ee0aec2d693688054fdde62489e189cb	656	original/MagicMayhem_CD/Realms/Medieval/Mountains/MMsec21.mps
1b9d2efe013d886eda5db956e41c79b65a6d1c900cf7db49f96937e132014557	10892	original/MagicMayhem_CD/Realms/Medieval/Mountains/MMsec21.nod
bc5de961972b28c06b78b5fa38b8c959ddaf03d5762f40ec56b4b951a70e6468	16	original/MagicMayhem_CD/Realms/Medieval/Mountains/MMsec22.evt
0b2107f1848a2fceb2041897eb084afca9457dad54f9e4b2e13bae1164392063	15740	original/MagicMayhem_CD/Realms/Medieval/Mountains/MMsec22.map
629bf338c3f72be1c1d936b2af6d4d094f9ae454483e5413bdd18789602244bd	656	original/MagicMayhem_CD/Realms/Medieval/Mountains/MMsec22.mps
2963f6b9ca0151e53ab9fe9bb0f93aa5681994000a7bdff947c64026ecb387bf	8916	original/MagicMayhem_CD/Realms/Medieval/Mountains/MMsec22.nod
bc5de961972b28c06b78b5fa38b8c959ddaf03d5762f40ec56b4b951a70e6468	16	original/MagicMayhem_CD/Realms/Medieval/Mountains/MMsec23.evt
2b62d708b0e958085bdcc3cc84f041617061feb09f6b2710f9540416cc75fb64	15862	original/MagicMayhem_CD/Realms/Medieval/Mountains/MMsec23.map
2b35fc7df503ba626b77dbd30b9a87b80fd6eddb340cd291a30f02604e69575a	656	original/MagicMayhem_CD/Realms/Medieval/Mountains/MMsec23.mps
ffabe6de79054192a44e2feb5b07de8558f9b88342408dc9e466c5ac368fbfa5	9904	original/MagicMayhem_CD/Realms/Medieval/Mountains/MMsec23.nod
bc5de961972b28c06b78b5fa38b8c959ddaf03d5762f40ec56b4b951a70e6468	16	original/MagicMayhem_CD/Realms/Medieval/Mountains/MMsec24.evt
35aedd6292f1dcb08e2a7893c5e3dfa05e2040b0108d0afdf035054bd66ba9fb	16540	original/MagicMayhem_CD/Realms/Medieval/Mountains/MMsec24.map
5b6e19ac5893a744c763bbeb575a0ee325a53b7e750ccf16ea9be9b24c55a32f	736	original/MagicMayhem_CD/Realms/Medieval/Mountains/MMsec24.mps
7fe75adfafaf6d5a63753beb1f0e3fad5c98500c79287254f77c202e6837861f	15832	original/MagicMayhem_CD/Realms/Medieval/Mountains/MMsec24.nod
bc5de961972b28c06b78b5fa38b8c959ddaf03d5762f40ec56b4b951a70e6468	16	original/MagicMayhem_CD/Realms/Medieval/Mountains/MMsec25.evt
7c7460e81a751427ee9d82026511f3c8c7dc6c1a7915ba5f6669ca91cf39906a	16104	original/MagicMayhem_CD/Realms/Medieval/Mountains/MMsec25.map
fa11dafe4ae51a21ab2bbe80446a2f7fbb867003bd1f648698d46f99fbedbb47	696	original/MagicMayhem_CD/Realms/Medieval/Mountains/MMsec25.mps
fec4ec9eb96bc53800a3ad88660fceaddf13c0713aa1cc3b585cff47c3c373aa	11880	original/MagicMayhem_CD/Realms/Medieval/Mountains/MMsec25.nod
bc5de961972b28c06b78b5fa38b8c959ddaf03d5762f40ec56b4b951a70e6468	16	original/MagicMayhem_CD/Realms/Medieval/Mountains/MMsec26.evt
3a92020a35fbac0ab453c0a9ba7de7d9e976031294a7928f75e0152541b03f80	15922	original/MagicMayhem_CD/Realms/Medieval/Mountains/MMsec26.map
6385107f930d1f9da2ce225b155f87225cb7fe45cc8555a66e73d70375fff92a	656	original/MagicMayhem_CD/Realms/Medieval/Mountains/MMsec26.mps
76a342d56e657b2ea4553241eb40e47cafd865a053e3743ae283461291f06b01	9410	original/MagicMayhem_CD/Realms/Medieval/Mountains/MMsec26.nod
d8dfde975e711f3378c62c7b502649423d23ae924e9bec56d25806959a2d57c5	2536	original/MagicMayhem_CD/Realms/Medieval/Mountains/MMsec60.evt
9e00dd9c55d69a3b2e8505f24df8b677b1766872f93a97efee8a5f28c82b2d63	12612	original/MagicMayhem_CD/Realms/Medieval/Mountains/MMsec60.map
7bbdf07ae25f3ced6d25ffdf55581709f63390e299331ef239fb7bc2f4a50722	56	original/MagicMayhem_CD/Realms/Medieval/Mountains/MMsec60.mps
af6e943b5f4c112f0faea0e7cd6324d5aae5faeb04f3db7a62b8ffe73ea38ba7	22748	original/MagicMayhem_CD/Realms/Medieval/Mountains/MMsec60.nod
394a2c5dcdc61d90c847655d74fd046e868b11728fc4f2e7b8fd128b723a8ab6	4011440	original/MagicMayhem_CD/Realms/Medieval/Mountains/Terrain.spr
c1b7efbc07e3fd6ed937b0df3554768ccaac4c4fd2b8444e137cfb4b79084f25	29016	original/MagicMayhem_CD/Realms/Medieval/Mountains/Terrain.tag
f243fa984be56007fe3d2cfca9597d5c9bb8b470985eb9b257ee2fee19faee3c	860824	original/MagicMayhem_CD/Realms/Medieval/Mountains/Terrain.ttd
e211ecc23a08d41e3ec8383bb90d26e32b3ad870137ca5336528dac2f39e9dc7	2272	original/MagicMayhem_CD/Realms/Medieval/Mountains/doors.ani
faec26056922ea9bc0591c903a89f8076da4750f2f86c557f0d93ee47cad3ac7	18588	original/MagicMayhem_CD/Realms/Medieval/Mountains/terrain.ani
832d77ebebf98b9ddfae509643fb1d2d0905c25b2ea4da5b9d99dc158a271301	2104	original/MagicMayhem_CD/Realms/Medieval/Pendragon/M2sec02.evt
e072077f35facb21c659fe4541b7adb5ca1feabd7c08317c74568f6c91c83634	50721	original/MagicMayhem_CD/Realms/Medieval/Pendragon/M2sec02.map
31f310e45531d739d6d07267e7ec5e6ee29a770521bbf2b545a1dc5f440b6293	976	original/MagicMayhem_CD/Realms/Medieval/Pendragon/M2sec02.mps
0681befc89a633680dca7436475dff523aa295ee7d0256071f1c36f9a3477f3a	52388	original/MagicMayhem_CD/Realms/Medieval/Pendragon/M2sec02.nod
bc5de961972b28c06b78b5fa38b8c959ddaf03d5762f40ec56b4b951a70e6468	16	original/MagicMayhem_CD/Realms/Medieval/Pendragon/M2sec10.evt
d274ab771b64ab861501d32b83c67ba60918496acb6af59520b48ce9765aa01f	12392	original/MagicMayhem_CD/Realms/Medieval/Pendragon/M2sec10.map
16aebffa7788084453c34c3bd11ed9e731570cc6d905b26d91e70ec056a442a4	656	original/MagicMayhem_CD/Realms/Medieval/Pendragon/M2sec10.mps
6d74a04d0c6be304165fa5d4aa28c30fb432dc01f66a1c0aa86ef43f4b4498ee	8916	original/MagicMayhem_CD/Realms/Medieval/Pendragon/M2sec10.nod
bc5de961972b28c06b78b5fa38b8c959ddaf03d5762f40ec56b4b951a70e6468	16	original/MagicMayhem_CD/Realms/Medieval/Pendragon/M2sec11.evt
b246115a9826aa697393c8bd3176e32416d6de3680d650f4230528cd107fe66b	12593	original/MagicMayhem_CD/Realms/Medieval/Pendragon/M2sec11.map
4380b6cb90405790484bc74120fc1a5706aadae16025132a9b6cae693471b102	736	original/MagicMayhem_CD/Realms/Medieval/Pendragon/M2sec11.mps
b892149b5d81e75d4c59adc37deee23d69400b92e080d62a4966c04726ed782a	10398	original/MagicMayhem_CD/Realms/Medieval/Pendragon/M2sec11.nod
bc5de961972b28c06b78b5fa38b8c959ddaf03d5762f40ec56b4b951a70e6468	16	original/MagicMayhem_CD/Realms/Medieval/Pendragon/M2sec12.evt
dbc43566c66ed030b74e397c9083fbd0250c28adadda93c40f693dd82ccc5b1c	12575	original/MagicMayhem_CD/Realms/Medieval/Pendragon/M2sec12.map
4baa5b501a78300ea7e77312c35c1afcb71f836d333fba4ccf4bb8fd4768f0eb	736	original/MagicMayhem_CD/Realms/Medieval/Pendragon/M2sec12.mps
bac1f1bd4526fdbea2bc0e63c0e49b45d24ca920fea4134c0072ad012b46aa4b	8916	original/MagicMayhem_CD/Realms/Medieval/Pendragon/M2sec12.nod
bc5de961972b28c06b78b5fa38b8c959ddaf03d5762f40ec56b4b951a70e6468	16	original/MagicMayhem_CD/Realms/Medieval/Pendragon/M2sec13.evt
a8d3a7c24674d8091c2d1e0c81b061417cc85e4f3034626287c71045ba229aac	12528	original/MagicMayhem_CD/Realms/Medieval/Pendragon/M2sec13.map
509c9260be00818c01fe4810474258abeb5a58ed404b04231d2188fae77ab785	736	original/MagicMayhem_CD/Realms/Medieval/Pendragon/M2sec13.mps
a3429ba3f66ace25c1afb8bf8d24d4c447cd5398ee7f9117f58efb129b276b1f	8916	original/MagicMayhem_CD/Realms/Medieval/Pendragon/M2sec13.nod
bc5de961972b28c06b78b5fa38b8c959ddaf03d5762f40ec56b4b951a70e6468	16	original/MagicMayhem_CD/Realms/Medieval/Pendragon/M2sec14.evt
d31ed016592a7857f925f2220a37699b0340d13c7dbf5bb65a1881c7916c11ad	12491	original/MagicMayhem_CD/Realms/Medieval/Pendragon/M2sec14.map
09ea48a8cc2620b9486c6ca6eea5c5c55a31a2b59be5430eb8cc787fdad13452	696	original/MagicMayhem_CD/Realms/Medieval/Pendragon/M2sec14.mps
ada75094d338e01dc333a14f81c7649a0ffd8cb64ff5ed9f0eaa4f49113d201d	12374	original/MagicMayhem_CD/Realms/Medieval/Pendragon/M2sec14.nod
bc5de961972b28c06b78b5fa38b8c959ddaf03d5762f40ec56b4b951a70e6468	16	original/MagicMayhem_CD/Realms/Medieval/Pendragon/M2sec20.evt
a4adad14be1f61f9f356ad017ffd03dc20350f7ca08408c6d248fca6e1a47ca5	12480	original/MagicMayhem_CD/Realms/Medieval/Pendragon/M2sec20.map
9380f7161bb75acb04bed86b49daf0299f90616ed5d069426aca50b221d662e7	736	original/MagicMayhem_CD/Realms/Medieval/Pendragon/M2sec20.mps
5e10c32af5c59dcfdea672c7ff369c37410274b1a14a5723f3615ef6a2563fc7	9904	original/MagicMayhem_CD/Realms/Medieval/Pendragon/M2sec20.nod
bc5de961972b28c06b78b5fa38b8c959ddaf03d5762f40ec56b4b951a70e6468	16	original/MagicMayhem_CD/Realms/Medieval/Pendragon/M2sec21.evt
b5f6342e1df1bca1fa1154d662a34ac0f8f034211fe72a0140d795816d28d60f	12594	original/MagicMayhem_CD/Realms/Medieval/Pendragon/M2sec21.map
cbe2d00e2899478690cf1c8eca10e6117ae855184e38e6ff8396040c0a1f2f1c	736	original/MagicMayhem_CD/Realms/Medieval/Pendragon/M2sec21.mps
fadf034344a3ac35f7d2515d3407445e1b16c6343508eaf88db31bb470fbee88	11880	original/MagicMayhem_CD/Realms/Medieval/Pendragon/M2sec21.nod
bc5de961972b28c06b78b5fa38b8c959ddaf03d5762f40ec56b4b951a70e6468	16	original/MagicMayhem_CD/Realms/Medieval/Pendragon/M2sec22.evt
be696bc8cb6356c670e7fef5404148fc50f8e00dedfe503cce9f0f4f769c621e	12393	original/MagicMayhem_CD/Realms/Medieval/Pendragon/M2sec22.map
e3033d7b284ffaaf6e5599a7055190d4f400d22556b2c415b0df519852e01b1d	656	original/MagicMayhem_CD/Realms/Medieval/Pendragon/M2sec22.mps
2564dc1abfa6a05f9402cd8fe89eaf45ae21e1c2550fb01bb68cc2afb6db8f06	9410	original/MagicMayhem_CD/Realms/Medieval/Pendragon/M2sec22.nod
bc5de961972b28c06b78b5fa38b8c959ddaf03d5762f40ec56b4b951a70e6468	16	original/MagicMayhem_CD/Realms/Medieval/Pendragon/M2sec23.evt
c99fc4ae03d768e5c77a5cf7ba067983504d2bac914ffedb2d987348915e0460	12630	original/MagicMayhem_CD/Realms/Medieval/Pendragon/M2sec23.map
4b3e365035e37942cba55212a57d7060ed80c596fa0bf58bcce842d608e4d699	736	original/MagicMayhem_CD/Realms/Medieval/Pendragon/M2sec23.mps
5473d05ab957f6041e01a710df0abe332764e95e65cf748a50052a26b9765719	11386	original/MagicMayhem_CD/Realms/Medieval/Pendragon/M2sec23.nod
bc5de961972b28c06b78b5fa38b8c959ddaf03d5762f40ec56b4b951a70e6468	16	original/MagicMayhem_CD/Realms/Medieval/Pendragon/M2sec24.evt
68c9b205127d87c3303600a3241036f60bdffc689c60b4202782954735fa2551	12268	original/MagicMayhem_CD/Realms/Medieval/Pendragon/M2sec24.map
6ff13771cc8b0bbee3a870ae3a199c1e24e6d3cc55d5c4c6130462a1cc54a090	656	original/MagicMayhem_CD/Realms/Medieval/Pendragon/M2sec24.mps
16aeafe92bb71da6934ebea72f1b790ff7a5009563e682a6c83b5bb12f76a04f	7928	original/MagicMayhem_CD/Realms/Medieval/Pendragon/M2sec24.nod
bc5de961972b28c06b78b5fa38b8c959ddaf03d5762f40ec56b4b951a70e6468	16	original/MagicMayhem_CD/Realms/Medieval/Pendragon/M2sec25.evt
a2bd730ac414a5aefd86705067348b0ce903ca68ca787ac5f20453bdddd13406	12614	original/MagicMayhem_CD/Realms/Medieval/Pendragon/M2sec25.map
6c66fdd0a4b04c78d2eda9d3dd068c8deb2dd1be9c864ac4c83268cb506cf03e	736	original/MagicMayhem_CD/Realms/Medieval/Pendragon/M2sec25.mps
831bbb624ee29274277020e26eefd84f92703f5a723410fc44437d9267aa3bca	9904	original/MagicMayhem_CD/Realms/Medieval/Pendragon/M2sec25.nod
bc5de961972b28c06b78b5fa38b8c959ddaf03d5762f40ec56b4b951a70e6468	16	original/MagicMayhem_CD/Realms/Medieval/Pendragon/M2sec26.evt
c346bdc7ca8b4dd48d32ea1db3ff8a59bf5cc694b1836ae30e4656900647769c	12207	original/MagicMayhem_CD/Realms/Medieval/Pendragon/M2sec26.map
f096ea6672a60d50029be15d9f947408f6e3e7b55d5553f81c1aad283c376de1	656	original/MagicMayhem_CD/Realms/Medieval/Pendragon/M2sec26.mps
654f5ad2e67b2291355d09da4b608a8a750d10133325f162bbfa595b6a67ebec	7928	original/MagicMayhem_CD/Realms/Medieval/Pendragon/M2sec26.nod
bc5de961972b28c06b78b5fa38b8c959ddaf03d5762f40ec56b4b951a70e6468	16	original/MagicMayhem_CD/Realms/Medieval/Pendragon/M2sec27.evt
836f70352795a887b5c737707100e056e28bc24cb7ce8bac02d076b1d1ff1423	12479	original/MagicMayhem_CD/Realms/Medieval/Pendragon/M2sec27.map
8b0414a2115127b0febdefc08e7f3d59976840dddb3f04189050d80337652135	736	original/MagicMayhem_CD/Realms/Medieval/Pendragon/M2sec27.mps
852c2fbe2bb9635a3dcf11ada1cd2df91aefe07fb21e454d545893ed2df9b7f4	9904	original/MagicMayhem_CD/Realms/Medieval/Pendragon/M2sec27.nod
130364e18bfb542f7f1e1b336a38e0b989e21aec02e591d99e265d2c826c90e4	160	original/MagicMayhem_CD/Realms/Medieval/Pendragon/M2sec28.evt
314f75409d8bff6aa14cfabb9dbbbfb4cf36ba33b8aca5c8af04376d82d9c3be	12397	original/MagicMayhem_CD/Realms/Medieval/Pendragon/M2sec28.map
7be71146c6a70f57e012619ebe1aa7e6f953bceea0d556ade882c5c11a0b8765	656	original/MagicMayhem_CD/Realms/Medieval/Pendragon/M2sec28.mps
83171cdb36026759759895a30272192db45751fa80cf8aa1528afc3f3d88faa0	9410	original/MagicMayhem_CD/Realms/Medieval/Pendragon/M2sec28.nod
bc5de961972b28c06b78b5fa38b8c959ddaf03d5762f40ec56b4b951a70e6468	16	original/MagicMayhem_CD/Realms/Medieval/Pendragon/M2sec29.evt
6a432f16a1cf9b6aa2a4be8b72e59fa18eb0e440654e0f1b756cb54894db2f1f	12256	original/MagicMayhem_CD/Realms/Medieval/Pendragon/M2sec29.map
f9bfc94943339fd596dfa2771a67bac2ff6fd8d98c02f62dfc40b9ea305f0f13	656	original/MagicMayhem_CD/Realms/Medieval/Pendragon/M2sec29.mps
e6e2f059eefad9d715129c050f3cfab49b17ddce550c343d6ef445eaaa645f4a	7928	original/MagicMayhem_CD/Realms/Medieval/Pendragon/M2sec29.nod
bc5de961972b28c06b78b5fa38b8c959ddaf03d5762f40ec56b4b951a70e6468	16	original/MagicMayhem_CD/Realms/Medieval/Pendragon/M2sec50.evt
53d4f479e80430855a13688e2fbf9e1b495e17bdf14e9a59f0825c7619cc78f3	12922	original/MagicMayhem_CD/Realms/Medieval/Pendragon/M2sec50.map
bca90427c2fa2a5d7cdca0363725560f85cd48eeb35c3b1e412bb72556f23dc0	536	original/MagicMayhem_CD/Realms/Medieval/Pendragon/M2sec50.mps
4c17c40149922f41142f338b56885b67b705676516540d8ac43900b9845ba627	19290	original/MagicMayhem_CD/Realms/Medieval/Pendragon/M2sec50.nod
bc5de961972b28c06b78b5fa38b8c959ddaf03d5762f40ec56b4b951a70e6468	16	original/MagicMayhem_CD/Realms/Medieval/Pendragon/M2sec51.evt
20a102e562686ddf2e0ee83a56c6c6ab255291cc57599b11f8c9d01e98560ab5	19185	original/MagicMayhem_CD/Realms/Medieval/Pendragon/M2sec51.map
19fbd8971e3c8fec8dd5cb3cfc458bfbac000ba4b9d48ebb7db4c7dc048f005d	456	original/MagicMayhem_CD/Realms/Medieval/Pendragon/M2sec51.mps
bbddc9011057ffb1f7cb761f0ef03131d185499e7a5225f07a589803665bc2bd	18796	original/MagicMayhem_CD/Realms/Medieval/Pendragon/M2sec51.nod
bc5de961972b28c06b78b5fa38b8c959ddaf03d5762f40ec56b4b951a70e6468	16	original/MagicMayhem_CD/Realms/Medieval/Pendragon/M2sec52.evt
a49f4e78fdeed205906583c9c03c4b72f37fa09d1c4bbc9a41b25bb3e5caa47f	12581	original/MagicMayhem_CD/Realms/Medieval/Pendragon/M2sec52.map
e38cd38c387456d0e4c9340e0efaca3dae287a9d1ff0f8e67a27f68ce3201784	496	original/MagicMayhem_CD/Realms/Medieval/Pendragon/M2sec52.mps
9f7b4dfbca4d94f741f5b64713378fb02fb404d3f2f7739c15faea4e0e0ee7da	12374	original/MagicMayhem_CD/Realms/Medieval/Pendragon/M2sec52.nod
bc5de961972b28c06b78b5fa38b8c959ddaf03d5762f40ec56b4b951a70e6468	16	original/MagicMayhem_CD/Realms/Medieval/Pendragon/M2sec53.evt
da6ae6113f45ed1ba8744a052dd9eeb7253f575b202d585efecdf03ab411aaa3	12734	original/MagicMayhem_CD/Realms/Medieval/Pendragon/M2sec53.map
32ff3178526f005fe0ee4881df769a0037a59d65eff5c50351dc86a0228bf8b7	496	original/MagicMayhem_CD/Realms/Medieval/Pendragon/M2sec53.mps
3de227c1d46af08d4eec993884f1c01d8ad3ae76e8158147b847984898f1ae53	16820	original/MagicMayhem_CD/Realms/Medieval/Pendragon/M2sec53.nod
bc5de961972b28c06b78b5fa38b8c959ddaf03d5762f40ec56b4b951a70e6468	16	original/MagicMayhem_CD/Realms/Medieval/Pendragon/M2sec54.evt
7d1254759df3ea0cba39f82e4c8407668a01baa2913c091010e7a340fb6f8c4a	12799	original/MagicMayhem_CD/Realms/Medieval/Pendragon/M2sec54.map
8a316ae124be1359e8f162e3d146344822b35c73cc9bc97d8fb14197d3f8d2a7	536	original/MagicMayhem_CD/Realms/Medieval/Pendragon/M2sec54.mps
f9f7ca585ddd00bada5179d1d49afcf4ac47c27ee89573fdcbe90d97abecc102	13856	original/MagicMayhem_CD/Realms/Medieval/Pendragon/M2sec54.nod
3ee6671bd543971acc7b055fa28125a9a2a6c313022ffb6a08914c748b9c3842	2272	original/MagicMayhem_CD/Realms/Medieval/Pendragon/doors.ani
ddcb59003897b0b0117a9de7a5d2e1195d8ee3d9e0aa29ad988f5cdae6b1f80e	4552	original/MagicMayhem_CD/Realms/Medieval/Plains1/M1sec02.evt
2ff997897ff73303b44c6666978dfdb2f10d30119acaf1dfc971bc9e27c2f90d	75147	original/MagicMayhem_CD/Realms/Medieval/Plains1/M1sec02.map
048270047439d4ba991c5727e32d50882bd68a24310e67c48f1035598a1c6a1f	1576	original/MagicMayhem_CD/Realms/Medieval/Plains1/M1sec02.mps
5ecf7a50534908dffc077d997ab5f58d8b8aa88c3daa95a63d457f4683cfb653	72642	original/MagicMayhem_CD/Realms/Medieval/Plains1/M1sec02.nod
bc5de961972b28c06b78b5fa38b8c959ddaf03d5762f40ec56b4b951a70e6468	16	original/MagicMayhem_CD/Realms/Medieval/Plains1/M1sec03.evt
11bc723c76ec60e62dadaf7ff3d556729f6d4af4fad6493951c3c569c274b9f1	12069	original/MagicMayhem_CD/Realms/Medieval/Plains1/M1sec03.map
585a6551a9810b81a1592fe263b7733d82aebe5244f484b4cfa0bf4b49014ccf	16	original/MagicMayhem_CD/Realms/Medieval/Plains1/M1sec03.mps
e9dfa0408f1ba5e3af396cc71620e4bd042d366fa5236b9234fa2bb16e0a5188	7928	original/MagicMayhem_CD/Realms/Medieval/Plains1/M1sec03.nod
bc5de961972b28c06b78b5fa38b8c959ddaf03d5762f40ec56b4b951a70e6468	16	original/MagicMayhem_CD/Realms/Medieval/Plains1/M1sec04.evt
db61e02fd186f62aeaf932aa15254db8800305355e714e7b52bb18296a83e65b	12069	original/MagicMayhem_CD/Realms/Medieval/Plains1/M1sec04.map
585a6551a9810b81a1592fe263b7733d82aebe5244f484b4cfa0bf4b49014ccf	16	original/MagicMayhem_CD/Realms/Medieval/Plains1/M1sec04.mps
e9dfa0408f1ba5e3af396cc71620e4bd042d366fa5236b9234fa2bb16e0a5188	7928	original/MagicMayhem_CD/Realms/Medieval/Plains1/M1sec04.nod
bc5de961972b28c06b78b5fa38b8c959ddaf03d5762f40ec56b4b951a70e6468	16	original/MagicMayhem_CD/Realms/Medieval/Plains1/M1sec10.evt
579b500b0701ff1c0d829ae4feae67d7f1c8fd96081ef97da15a244279bc855e	12344	original/MagicMayhem_CD/Realms/Medieval/Plains1/M1sec10.map
e814974da7c6186fbdee12d3b40af372c0177f3ac6ec02bbdd74b36319464b62	496	original/MagicMayhem_CD/Realms/Medieval/Plains1/M1sec10.mps
19fdc67957960cf2e6da5edfc623ffbddf3b41aa55992f2fc8caf87abfe32638	7928	original/MagicMayhem_CD/Realms/Medieval/Plains1/M1sec10.nod
bc5de961972b28c06b78b5fa38b8c959ddaf03d5762f40ec56b4b951a70e6468	16	original/MagicMayhem_CD/Realms/Medieval/Plains1/M1sec11.evt
86c34f854c0ffaf7f6863a7023fa0726491b182dbc9fd570bb2ce963fead671c	12562	original/MagicMayhem_CD/Realms/Medieval/Plains1/M1sec11.map
bb85902b2d5fcf76eb9f9848fd6e6b79dc7370d893fe167da798c9e7a7229cc8	536	original/MagicMayhem_CD/Realms/Medieval/Plains1/M1sec11.mps
8abf8bc95124e9fc0875f5b813f1b90e011e34f14645c77900516fce5b3a7cbe	8422	original/MagicMayhem_CD/Realms/Medieval/Plains1/M1sec11.nod
bc5de961972b28c06b78b5fa38b8c959ddaf03d5762f40ec56b4b951a70e6468	16	original/MagicMayhem_CD/Realms/Medieval/Plains1/M1sec12.evt
59b52286c608a9c4d48d7cb171caa72ef57e4fbfa9326a481cac4f0faa50608f	12919	original/MagicMayhem_CD/Realms/Medieval/Plains1/M1sec12.map
74fb8c58ac7902574133b88cd2ab2c6f976ebe2cda79006d2ad9633482b80d26	576	original/MagicMayhem_CD/Realms/Medieval/Plains1/M1sec12.mps
6423f558a940832d4c319b95dcaf27bfb270de646314a06d59cf5da7b88f8a36	11386	original/MagicMayhem_CD/Realms/Medieval/Plains1/M1sec12.nod
bc5de961972b28c06b78b5fa38b8c959ddaf03d5762f40ec56b4b951a70e6468	16	original/MagicMayhem_CD/Realms/Medieval/Plains1/M1sec13.evt
2145957799924b365c8b18f5079efa966837d731aedc2b63ddae734ad1dab9e9	12723	original/MagicMayhem_CD/Realms/Medieval/Plains1/M1sec13.map
1c875964e516085434b6e6c3609ebb8a5d96e3847e807522eacd410b6578be2a	576	original/MagicMayhem_CD/Realms/Medieval/Plains1/M1sec13.mps
e91c61f849053279fcc567c8e9b29df9906213602f969396156f91d8ae612037	10398	original/MagicMayhem_CD/Realms/Medieval/Plains1/M1sec13.nod
bc5de961972b28c06b78b5fa38b8c959ddaf03d5762f40ec56b4b951a70e6468	16	original/MagicMayhem_CD/Realms/Medieval/Plains1/M1sec14.evt
6f338d8be858a6320d8421343580c527062f10b3c58e9a256ffd8366c20514ad	12843	original/MagicMayhem_CD/Realms/Medieval/Plains1/M1sec14.map
42b8dc41dc70500a68d0e9a2f652c6d40b7a7fc91b433a8b9d37e31233781bf5	576	original/MagicMayhem_CD/Realms/Medieval/Plains1/M1sec14.mps
f19e1950a1e4f482d5632f10a018e45c0cb6e7680db82c8801b7c61b680bf07e	12868	original/MagicMayhem_CD/Realms/Medieval/Plains1/M1sec14.nod
3d0f6a43a8a42bf4822b1c02cc59c34c6c5fb562cbd8631ac604ab6e39e3264b	160	original/MagicMayhem_CD/Realms/Medieval/Plains1/M1sec20.evt
2ed0a8d5ff1ba0ddf8ee3f61d4e0f2ac5d03db270b878c70e20ee4a1ccfeb026	12895	original/MagicMayhem_CD/Realms/Medieval/Plains1/M1sec20.map
df0fdfeece35a821fb829d3e71af63b2246f66d7769f6c20c0b28c4e18c0a225	576	original/MagicMayhem_CD/Realms/Medieval/Plains1/M1sec20.mps
c642e736d2b7c86f4d33066c6cb2ee91539651473ce1e63c499d25bd9ac2717e	11386	original/MagicMayhem_CD/Realms/Medieval/Plains1/M1sec20.nod
bc5de961972b28c06b78b5fa38b8c959ddaf03d5762f40ec56b4b951a70e6468	16	original/MagicMayhem_CD/Realms/Medieval/Plains1/M1sec21.evt
5cf33a10fe8aad733067a06531b06c5eccbfb48f9c8ef856c9e2fc392520de3c	12560	original/MagicMayhem_CD/Realms/Medieval/Plains1/M1sec21.map
05c9a627e2aa3860fc4e38090ed5c4fcba755052d9fa279759f4a9c7f1d5d1ef	536	original/MagicMayhem_CD/Realms/Medieval/Plains1/M1sec21.mps
b4071691c9f3d7143080e906a5a9144417cf267b5b410bebbab3674a39c34c53	9410	original/MagicMayhem_CD/Realms/Medieval/Plains1/M1sec21.nod
bc5de961972b28c06b78b5fa38b8c959ddaf03d5762f40ec56b4b951a70e6468	16	original/MagicMayhem_CD/Realms/Medieval/Plains1/M1sec22.evt
789721c2fd9686c5dc828b3d6c2e58393bcd5e5e3718d035ff0398b6d34ff27f	12352	original/MagicMayhem_CD/Realms/Medieval/Plains1/M1sec22.map
949ec5f347ed79cdecbfcc47fb032dfdbeedb3f466fbfa494867696ea10e435b	496	original/MagicMayhem_CD/Realms/Medieval/Plains1/M1sec22.mps
ea685e261029adfb5f958cfea41c76d57174abeb19dd345891042e9578f6ebb9	8422	original/MagicMayhem_CD/Realms/Medieval/Plains1/M1sec22.nod
bc5de961972b28c06b78b5fa38b8c959ddaf03d5762f40ec56b4b951a70e6468	16	original/MagicMayhem_CD/Realms/Medieval/Plains1/M1sec23.evt
2ae6ce9bea5b09af3bca210d3d8513cac1840773b183b4006ed71d363434d33d	12800	original/MagicMayhem_CD/Realms/Medieval/Plains1/M1sec23.map
6de50686bd77be62712a49abe4a9607428e600c3b735be26c79ef7bf20c58982	576	original/MagicMayhem_CD/Realms/Medieval/Plains1/M1sec23.mps
35defbc1f0ce458c64a9256b5755861d71fe4b6d27e2d6c9e3451cb8d679f6eb	12374	original/MagicMayhem_CD/Realms/Medieval/Plains1/M1sec23.nod
bc5de961972b28c06b78b5fa38b8c959ddaf03d5762f40ec56b4b951a70e6468	16	original/MagicMayhem_CD/Realms/Medieval/Plains1/M1sec24.evt
65064a4d60e47da8589dc0be65132735dfefe65c56ba606eaab1997db916facf	12391	original/MagicMayhem_CD/Realms/Medieval/Plains1/M1sec24.map
13bd98ce139d95207d6e3f038aeefdadb1a2d4ac4f57927eaf931f62fa6bffba	496	original/MagicMayhem_CD/Realms/Medieval/Plains1/M1sec24.mps
aa930a2dbd0e9c9282a80e9b52e398f7adcf44af447232601ebfa43c6b8c0dd7	8422	original/MagicMayhem_CD/Realms/Medieval/Plains1/M1sec24.nod
4fa5fe3d68c4d924dbb4d1d25d16c993fda9990f00e3a8f33bc524b3cd1ce929	160	original/MagicMayhem_CD/Realms/Medieval/Plains1/M1sec25.evt
c299d61030e7296446e6fdbfe160aa5e19f8a3df27049924d7d36cbd61a9c714	12870	original/MagicMayhem_CD/Realms/Medieval/Plains1/M1sec25.map
bf0c45d102b59ffdf5c4bd619fe0c8f69464e061dfc802fd75e2e29044bbf9d6	576	original/MagicMayhem_CD/Realms/Medieval/Plains1/M1sec25.mps
fff299d76197119182e75a51b2945e91344fd79ae483da13e69d1e84a3019ad2	11880	original/MagicMayhem_CD/Realms/Medieval/Plains1/M1sec25.nod
e7ba3e9dfa2596fd42f8bca691f85ce6411c6b7c97175264f4954814e91dfa30	448	original/MagicMayhem_CD/Realms/Medieval/Plains1/M1sec26.evt
1e4fdba40db68b48f9b6f0369810b2e98332a3cdd681cb98b44c471af5f9ee95	12797	original/MagicMayhem_CD/Realms/Medieval/Plains1/M1sec26.map
15e6ebe822094d8f2b2fc7f13b484922c0b903b51b81e1e22a4bb023acb514a8	576	original/MagicMayhem_CD/Realms/Medieval/Plains1/M1sec26.mps
b440013341ea404ada45be52bf05c353c630b7f26ab60aa67b5eca77ce88e580	12374	original/MagicMayhem_CD/Realms/Medieval/Plains1/M1sec26.nod
78a3ba84299f6893cee4d1e6039d7e757cd4c03626df86a4f94779f82be8ca36	448	original/MagicMayhem_CD/Realms/Medieval/Plains1/M1sec27.evt
21745341a2a11f6d75de755536a9899e4fd38b8d00f29b8f89df28e63f9b5afe	12721	original/MagicMayhem_CD/Realms/Medieval/Plains1/M1sec27.map
a425904bc618bee0d7014feb570b2ef8ede0f8636b869fe363e0d4e06a4d2daf	576	original/MagicMayhem_CD/Realms/Medieval/Plains1/M1sec27.mps
982840f23e388b70e968de376002c92c0efd8a737150443a9c272a52a72219c6	11386	original/MagicMayhem_CD/Realms/Medieval/Plains1/M1sec27.nod
bc5de961972b28c06b78b5fa38b8c959ddaf03d5762f40ec56b4b951a70e6468	16	original/MagicMayhem_CD/Realms/Medieval/Plains1/M1sec28.evt
e52f2cc4b70f95e62603e56f20627d1a8ecd115ecc80e168c25e9daf04a26b9e	12433	original/MagicMayhem_CD/Realms/Medieval/Plains1/M1sec28.map
1054918486121e5b06235ca04265c7616b2c4f8622d0de64545ff7cbb26af472	496	original/MagicMayhem_CD/Realms/Medieval/Plains1/M1sec28.mps
589b208dabdaa9fcc7cbd70f8750930f51ff6a200dde11272459a726f096fd76	8422	original/MagicMayhem_CD/Realms/Medieval/Plains1/M1sec28.nod
4751f3966bd23cc98a6e3d81e11cacef83f699b40de8a53c32c95f3f6d264421	160	original/MagicMayhem_CD/Realms/Medieval/Plains1/M1sec29.evt
ff225691c7459eca78a269a23ccea7731227adcaf8b5d7ae22e6741def06d6da	12945	original/MagicMayhem_CD/Realms/Medieval/Plains1/M1sec29.map
c1507a2b675bc8270ebd53929885f7b797f4c81ca6e16f13df8b5b55a2e0fe65	576	original/MagicMayhem_CD/Realms/Medieval/Plains1/M1sec29.mps
671d5821fed73a00f49ce0c84c2103c0686571d0fc9f055199c71bc096f9a18c	12374	original/MagicMayhem_CD/Realms/Medieval/Plains1/M1sec29.nod
bc5de961972b28c06b78b5fa38b8c959ddaf03d5762f40ec56b4b951a70e6468	16	original/MagicMayhem_CD/Realms/Medieval/Plains1/M1sec30.evt
92498d60f24c9b361b6c7a83db9d98ff4b42366019ce62c0d6134450c5419645	12466	original/MagicMayhem_CD/Realms/Medieval/Plains1/M1sec30.map
4ff908315b820c3fd9ae6d07c66a36053b7d73ea09f4cfe3c924b28681b10b94	536	original/MagicMayhem_CD/Realms/Medieval/Plains1/M1sec30.mps
b2f93d3c0edb56b018ee04e90d48b66bbe40f84ad7fa09476fc0f090e2047de5	12868	original/MagicMayhem_CD/Realms/Medieval/Plains1/M1sec30.nod
bc5de961972b28c06b78b5fa38b8c959ddaf03d5762f40ec56b4b951a70e6468	16	original/MagicMayhem_CD/Realms/Medieval/Plains1/M1sec31.evt
856e6de5a69f149518c729aa38704083c2279eaa56efc394bca88b8558be99dc	12850	original/MagicMayhem_CD/Realms/Medieval/Plains1/M1sec31.map
43b0dd403327854d984c306931413681f73e0a223bd0c95d9b64e0513e3913d8	616	original/MagicMayhem_CD/Realms/Medieval/Plains1/M1sec31.mps
1a149abd653f87a52a751b74ec9ec939f9854322937fecd8b945c7bf69fce2fd	15832	original/MagicMayhem_CD/Realms/Medieval/Plains1/M1sec31.nod
bc5de961972b28c06b78b5fa38b8c959ddaf03d5762f40ec56b4b951a70e6468	16	original/MagicMayhem_CD/Realms/Medieval/Plains1/M1sec32.evt
1fed964693be91cb4ec8fa0c2a9726e0a517a17f79872dbb5238461f67a2bab8	12712	original/MagicMayhem_CD/Realms/Medieval/Plains1/M1sec32.map
769bfc7afe6e084e42e814ff204120d672d4053ce5a2324b30421afefdb8050e	576	original/MagicMayhem_CD/Realms/Medieval/Plains1/M1sec32.mps
664443a986e2145f82670b4e9784a78d4f700a0015aa91219d190139e6c3539d	16326	original/MagicMayhem_CD/Realms/Medieval/Plains1/M1sec32.nod
bc5de961972b28c06b78b5fa38b8c959ddaf03d5762f40ec56b4b951a70e6468	16	original/MagicMayhem_CD/Realms/Medieval/Plains1/M1sec33.evt
87cdc59d3a4d06e1a658ff50bca4592d563205154a6c737cb59232b492e0138c	12360	original/MagicMayhem_CD/Realms/Medieval/Plains1/M1sec33.map
20a3ed52364339f918b66559550da0d387858a41619017aafabc4a44b8e8a6b8	536	original/MagicMayhem_CD/Realms/Medieval/Plains1/M1sec33.mps
b2812fa9d5656c97a861ea3f63cedd79e84b387b1359df4d547921aee15a7919	17808	original/MagicMayhem_CD/Realms/Medieval/Plains1/M1sec33.nod
bc5de961972b28c06b78b5fa38b8c959ddaf03d5762f40ec56b4b951a70e6468	16	original/MagicMayhem_CD/Realms/Medieval/Plains1/M1sec34.evt
9012587d975e5ebf8b17da8085f7454971f30a3390bfac63d01f239b8ba08b3f	12464	original/MagicMayhem_CD/Realms/Medieval/Plains1/M1sec34.map
1a4a8c5f407b01600355634622b7e8f08cf033472266d0e2cb694c5adcac4aab	536	original/MagicMayhem_CD/Realms/Medieval/Plains1/M1sec34.mps
67fe170fd64cbc082a91ccc42dfc283b04eb5904cbde2cb5cbe357e68818df17	13856	original/MagicMayhem_CD/Realms/Medieval/Plains1/M1sec34.nod
231f8f20b7a6d69aa57b09bff7cbac1367a31137d153075d00dee8856943f552	232	original/MagicMayhem_CD/Realms/Medieval/Plains1/M1sec50.evt
39431190f5cabf142cbd63e6046e4e0f2da022865063c39e0019da64a7620312	12623	original/MagicMayhem_CD/Realms/Medieval/Plains1/M1sec50.map
c40d88d5dd689f4c323cf9736681ebb2f8091700f1a6716277818e4aec864e08	456	original/MagicMayhem_CD/Realms/Medieval/Plains1/M1sec50.mps
a828ba4215f3a77c041c9c51f88f0f0ad047e7bcbdb0876259bfc8cc2086274e	24724	original/MagicMayhem_CD/Realms/Medieval/Plains1/M1sec50.nod
7766609a3dd625c6449904a6407842e58cadfeb775518f79c4fbbe21e00d9d44	160	original/MagicMayhem_CD/Realms/Medieval/Plains1/M1sec51.evt
bdc582c4d4dd241ec3932c87cf30bc3e1431b59d868a639889a6a2b510c1f16e	12601	original/MagicMayhem_CD/Realms/Medieval/Plains1/M1sec51.map
49a2f9346fc5084b4a6cd147742ffcef33ac4f4431dab2e998737ec9db3d1ba9	416	original/MagicMayhem_CD/Realms/Medieval/Plains1/M1sec51.mps
9611565ccf211571f7380d571ab354385ab27d8d79de44c32faf6aca92afe7dd	20278	original/MagicMayhem_CD/Realms/Medieval/Plains1/M1sec51.nod
464c178335eadaf490a0fe1d5cc2ee2b1678b44b50fd563ba0625fbbd4008fc6	160	original/MagicMayhem_CD/Realms/Medieval/Plains1/M1sec53.evt
566461cb7a4e101472b1fce947bc6ce4e9bb611c448a0c90376325135cab6880	18632	original/MagicMayhem_CD/Realms/Medieval/Plains1/M1sec53.map
06e62a69ddfe456de766203cda4b2aa3413e415d57ab9258851e1b2344c75c4c	416	original/MagicMayhem_CD/Realms/Medieval/Plains1/M1sec53.mps
38ab01e4f47bb4456cedf2cb103f204acb511ac4372b21ad9c7564af5c50fdfc	23242	original/MagicMayhem_CD/Realms/Medieval/Plains1/M1sec53.nod
f1fa921a59915c177dcbd86aa355497ec70e85d6a34847b8c245b5aca25ff759	160	original/MagicMayhem_CD/Realms/Medieval/Plains1/M1sec54.evt
348eefd6a1a702518dffb1d3d5606798718598ea966f83c7c1f91d5ebbdbe7d2	18661	original/MagicMayhem_CD/Realms/Medieval/Plains1/M1sec54.map
6a6a9f3d2b2083eb9b611409c2df201ae248110f85c29d9ae6c79eff40f2203e	376	original/MagicMayhem_CD/Realms/Medieval/Plains1/M1sec54.mps
7d5f0b6559a0ebead28d269e99fef5978e6792f712245e12af88eb85507184c2	18302	original/MagicMayhem_CD/Realms/Medieval/Plains1/M1sec54.nod
05e51e0ab2a781e8a0150bc89143b4e89f0872da3424c7d34ede58b2368e8255	160	original/MagicMayhem_CD/Realms/Medieval/Plains1/M1sec55.evt
3f89529ef8dd27066708b29cb4a3ff660d6d9925d5b1d5e60b3cf341d90303c3	18563	original/MagicMayhem_CD/Realms/Medieval/Plains1/M1sec55.map
cd3d531d38afe827de44474d1ad37525e8170ffe9585a8d2ff3928fe7706111d	376	original/MagicMayhem_CD/Realms/Medieval/Plains1/M1sec55.mps
989f7d41f36c0c5ee752e469db01847838e3588a1919eecd8faef6c343fed289	20278	original/MagicMayhem_CD/Realms/Medieval/Plains1/M1sec55.nod
cca4988c7e8b7809ed447b87a3a0cda6e8b140279770d3fe446fdc2766c06462	3564344	original/MagicMayhem_CD/Realms/Medieval/Plains1/Terrain.spr
746572aead6339e76c72b14b1c852dc5cf6182bc4411b80048af2aa464d5d68e	25956	original/MagicMayhem_CD/Realms/Medieval/Plains1/Terrain.tag
24ce6a1d936a5f67801eb7a63033163129cfad13f0c859fb1f8c7ccab5244651	770044	original/MagicMayhem_CD/Realms/Medieval/Plains1/Terrain.ttd
a66dc7890208a5bef6db12412e1c400bebfee95298f22a028a760f8600b17180	2272	original/MagicMayhem_CD/Realms/Medieval/Plains1/doors.ani
65d3adf8d0e463c93fdfe00a0e80a56a41a0d1f7589b53616d1b73fc99890798	10044	original/MagicMayhem_CD/Realms/Medieval/Plains1/terrain.ani
8ee11506296dd2f024a7695ff6f074dbb2cd334644d04892c80b44f11af0c247	3472	original/MagicMayhem_CD/Realms/Medieval/Plains2/M2sec00.evt
c77650e36a89870e391623dc156edf01f0dbc26b7a5e7d4ab34a586d1093e180	74655	original/MagicMayhem_CD/Realms/Medieval/Plains2/M2sec00.map
4ea02fb76ae643041f3187caa5103b2b24ee577f6fb9b2c7d47ff30070b6ba05	976	original/MagicMayhem_CD/Realms/Medieval/Plains2/M2sec00.mps
561d8846e3f6dd1be6197f2900d75302b2f801d56344ba39b6033d45da7fb38f	95860	original/MagicMayhem_CD/Realms/Medieval/Plains2/M2sec00.nod
c2d39773547f7dbe16a469c054b88ccb85664214192aa3df9a8ea2eb7a8498bb	1744	original/MagicMayhem_CD/Realms/Medieval/Plains2/M2sec01.evt
5be05c95301b56eb975e105ad072fe8a498b8061d696b715f7526fcae98b943f	74925	original/MagicMayhem_CD/Realms/Medieval/Plains2/M2sec01.map
9a646cbcf42a010db02469f432ff983faed0955fb2e65403eb0bf1d622fa99aa	816	original/MagicMayhem_CD/Realms/Medieval/Plains2/M2sec01.mps
e8b72e9f997132c489193107ea88419f7fde1d4a851f49f512526fcbb7639b7e	78076	original/MagicMayhem_CD/Realms/Medieval/Plains2/M2sec01.nod
b978080c723d39d7bc72bc7859f841711b04f537367c73a13e5d9eb348e1ffd9	1384	original/MagicMayhem_CD/Realms/Medieval/Plains2/M2sec03.evt
52ef2bb2c57286f3869f226573ac32800f8a3f962b1d28a09d3f70b8d4cc6b8e	37473	original/MagicMayhem_CD/Realms/Medieval/Plains2/M2sec03.map
08f68dcca816d45a596a1cb431d1f49efb2e8aacac5c7d50b98a4502c9a4d653	536	original/MagicMayhem_CD/Realms/Medieval/Plains2/M2sec03.mps
675fe74282dced2c4a5d0f4583e4e243700b1dbd89a4cc97b937cf549b79b9df	31640	original/MagicMayhem_CD/Realms/Medieval/Plains2/M2sec03.nod
bc5de961972b28c06b78b5fa38b8c959ddaf03d5762f40ec56b4b951a70e6468	16	original/MagicMayhem_CD/Realms/Medieval/Plains2/M2sec04.evt
9b03ab7f43490714be6e52e7b53bb02b04ecfa9ca64da123ea0d4b1687945340	31010	original/MagicMayhem_CD/Realms/Medieval/Plains2/M2sec04.map
e6e221b59458d30d2e4dc0ac9d4867b8d5ee1aaa8c461bcd18cea3974fa0bc5e	536	original/MagicMayhem_CD/Realms/Medieval/Plains2/M2sec04.mps
91ff1b4a36079bb3bffb901bc13404919371191952dd730faefe50fc0c540f1c	24724	original/MagicMayhem_CD/Realms/Medieval/Plains2/M2sec04.nod
c27d6074328c54d2793a3bec61406dda9157ae5a7b324c708ee3d02b5161bd36	88	original/MagicMayhem_CD/Realms/Medieval/Plains2/M2sec05.evt
0c3373a41365f576b57e12b778a3419f60974555a1e6a5f00ea2ecacf9ffb163	12469	original/MagicMayhem_CD/Realms/Medieval/Plains2/M2sec05.map
ef6bd57a210edc47749bcd56df9514e8d7f58c9bf639669d045bbf05355b1876	256	original/MagicMayhem_CD/Realms/Medieval/Plains2/M2sec05.mps
703d52c7c5a507704ad56548419f3266bd95a6171a62b2b1e20d2ee20652e73a	10892	original/MagicMayhem_CD/Realms/Medieval/Plains2/M2sec05.nod
7883e9999501003d16d2d73738cb2df2807e66ab712cd9094dd99537cdfbce50	1960	original/MagicMayhem_CD/Realms/Medieval/Plains2/M2sec06.evt
dfa3f650873c02fa1293d444bb1af3907e141a5eaeb5207b21fa735489ced267	25121	original/MagicMayhem_CD/Realms/Medieval/Plains2/M2sec06.map
17c8361f88b43ee420bf50395acc1cd87e582bbc6faa8643fd275aef9bc424d3	496	original/MagicMayhem_CD/Realms/Medieval/Plains2/M2sec06.mps
028a90df81e7edb851e477529f12de5c2dd5011a8a4642e9827cc86f01ed6cd6	17808	original/MagicMayhem_CD/Realms/Medieval/Plains2/M2sec06.nod
1c3c8ed0179f35741a66d15547f0691b5de2782097d34d7201682127159ec5d4	376	original/MagicMayhem_CD/Realms/Medieval/Plains2/M2sec07.evt
da8f5aa1f8362fb2dea109823d53c79787b5ce7fc5de52c0077d7822ce3ff44d	12442	original/MagicMayhem_CD/Realms/Medieval/Plains2/M2sec07.map
c18687c26f0cd6314e71c8fc550eeae5c44fac96a6373b5b0a695873ccac36eb	216	original/MagicMayhem_CD/Realms/Medieval/Plains2/M2sec07.mps
333dac525437b8a1f7f38c0992d9fe8cc1acea8d88a0c5a678a8d23e4167854d	8916	original/MagicMayhem_CD/Realms/Medieval/Plains2/M2sec07.nod
5ce912fb5bad692a3fc7a5edb9b02800c12820e206f91781a1bb6918595bf684	376	original/MagicMayhem_CD/Realms/Medieval/Plains2/M2sec08.evt
6210b3c01506d8840e3391fb7080549e9efe42ced84059d2539aed193d1d9364	12443	original/MagicMayhem_CD/Realms/Medieval/Plains2/M2sec08.map
0e41d60eb427f1f5176367aef66057c0bb87c09b55813d91483bb6da2531b42e	216	original/MagicMayhem_CD/Realms/Medieval/Plains2/M2sec08.mps
333dac525437b8a1f7f38c0992d9fe8cc1acea8d88a0c5a678a8d23e4167854d	8916	original/MagicMayhem_CD/Realms/Medieval/Plains2/M2sec08.nod
bc5de961972b28c06b78b5fa38b8c959ddaf03d5762f40ec56b4b951a70e6468	16	original/MagicMayhem_CD/Realms/Medieval/Plains2/M2sec10.evt
55d7bd41704a1c737dd2d8a8f9724f8e6ed57b13c15ceaf1e2cd8d7999a93ab2	12392	original/MagicMayhem_CD/Realms/Medieval/Plains2/M2sec10.map
eb4c6737baa4668159fcc7ad9e5234fbd86952de109b6786177ddfad226ddcbf	656	original/MagicMayhem_CD/Realms/Medieval/Plains2/M2sec10.mps
6d74a04d0c6be304165fa5d4aa28c30fb432dc01f66a1c0aa86ef43f4b4498ee	8916	original/MagicMayhem_CD/Realms/Medieval/Plains2/M2sec10.nod
bc5de961972b28c06b78b5fa38b8c959ddaf03d5762f40ec56b4b951a70e6468	16	original/MagicMayhem_CD/Realms/Medieval/Plains2/M2sec11.evt
9153618b292987bc09fb5b6215f8fbeae1ec095ad3e366206a9403d97343ad98	12593	original/MagicMayhem_CD/Realms/Medieval/Plains2/M2sec11.map
0b5fb44ebea15218395654e275c656880bd085b4086ffb5a56b5705ca47e24db	736	original/MagicMayhem_CD/Realms/Medieval/Plains2/M2sec11.mps
b892149b5d81e75d4c59adc37deee23d69400b92e080d62a4966c04726ed782a	10398	original/MagicMayhem_CD/Realms/Medieval/Plains2/M2sec11.nod
bc5de961972b28c06b78b5fa38b8c959ddaf03d5762f40ec56b4b951a70e6468	16	original/MagicMayhem_CD/Realms/Medieval/Plains2/M2sec12.evt
bb2f74892f2a9037cc1cf7c025424818c0895c5750aefcf35a431ca67bdecdd3	12575	original/MagicMayhem_CD/Realms/Medieval/Plains2/M2sec12.map
2aafbf1c5bd05d8bb0c9b1c66343fd540ccbff4e234f9bf60ed2c5d440de6c87	736	original/MagicMayhem_CD/Realms/Medieval/Plains2/M2sec12.mps
bac1f1bd4526fdbea2bc0e63c0e49b45d24ca920fea4134c0072ad012b46aa4b	8916	original/MagicMayhem_CD/Realms/Medieval/Plains2/M2sec12.nod
bc5de961972b28c06b78b5fa38b8c959ddaf03d5762f40ec56b4b951a70e6468	16	original/MagicMayhem_CD/Realms/Medieval/Plains2/M2sec13.evt
af50b43724ea67ba9705e42ffc48cf3468786be5ef6deed8e2801f08f9ceaa85	12528	original/MagicMayhem_CD/Realms/Medieval/Plains2/M2sec13.map
5efef2aa1ecb2733fc130066584e3bfdb48b1642d1bb85fd8256c6d7197a0116	736	original/MagicMayhem_CD/Realms/Medieval/Plains2/M2sec13.mps
a3429ba3f66ace25c1afb8bf8d24d4c447cd5398ee7f9117f58efb129b276b1f	8916	original/MagicMayhem_CD/Realms/Medieval/Plains2/M2sec13.nod
bc5de961972b28c06b78b5fa38b8c959ddaf03d5762f40ec56b4b951a70e6468	16	original/MagicMayhem_CD/Realms/Medieval/Plains2/M2sec14.evt
b8bd1077084bb53268d5aa92827cd850599196c363a8f3dde74e38fe7abb55d2	12491	original/MagicMayhem_CD/Realms/Medieval/Plains2/M2sec14.map
302e4424b73e6d9c940bbaac8c17da07998a8f1cffb115b89ac56ffacacf4cb9	696	original/MagicMayhem_CD/Realms/Medieval/Plains2/M2sec14.mps
ada75094d338e01dc333a14f81c7649a0ffd8cb64ff5ed9f0eaa4f49113d201d	12374	original/MagicMayhem_CD/Realms/Medieval/Plains2/M2sec14.nod
bc5de961972b28c06b78b5fa38b8c959ddaf03d5762f40ec56b4b951a70e6468	16	original/MagicMayhem_CD/Realms/Medieval/Plains2/M2sec20.evt
ad6a1a343dc98cc9865c4fa6c0fe9d80ee2e49813c88a75431792881e571b913	12480	original/MagicMayhem_CD/Realms/Medieval/Plains2/M2sec20.map
2ce2494332bad7f27aa8b29b10cf4191f277eb8cb56b881e9042b746d561a4bc	736	original/MagicMayhem_CD/Realms/Medieval/Plains2/M2sec20.mps
5e10c32af5c59dcfdea672c7ff369c37410274b1a14a5723f3615ef6a2563fc7	9904	original/MagicMayhem_CD/Realms/Medieval/Plains2/M2sec20.nod
bc5de961972b28c06b78b5fa38b8c959ddaf03d5762f40ec56b4b951a70e6468	16	original/MagicMayhem_CD/Realms/Medieval/Plains2/M2sec21.evt
51b67132f4428ec64449fbf4ea255f08e69daaa854d639eb7ec1e1b9786201ac	12594	original/MagicMayhem_CD/Realms/Medieval/Plains2/M2sec21.map
27652b625b8b44d57c69c15bf2893106e0afa65c9afa4627ea791eb3912aa877	736	original/MagicMayhem_CD/Realms/Medieval/Plains2/M2sec21.mps
fadf034344a3ac35f7d2515d3407445e1b16c6343508eaf88db31bb470fbee88	11880	original/MagicMayhem_CD/Realms/Medieval/Plains2/M2sec21.nod
bc5de961972b28c06b78b5fa38b8c959ddaf03d5762f40ec56b4b951a70e6468	16	original/MagicMayhem_CD/Realms/Medieval/Plains2/M2sec22.evt
ead1bc74eb6b13de67aa67ebac5b9bf3b3a4da46d9f569d38f7ae115723092a1	12393	original/MagicMayhem_CD/Realms/Medieval/Plains2/M2sec22.map
bffece06eec62564d2d8f15ad0a1722e582439363dc1c6ddc25f14de41f515ff	656	original/MagicMayhem_CD/Realms/Medieval/Plains2/M2sec22.mps
2564dc1abfa6a05f9402cd8fe89eaf45ae21e1c2550fb01bb68cc2afb6db8f06	9410	original/MagicMayhem_CD/Realms/Medieval/Plains2/M2sec22.nod
bc5de961972b28c06b78b5fa38b8c959ddaf03d5762f40ec56b4b951a70e6468	16	original/MagicMayhem_CD/Realms/Medieval/Plains2/M2sec23.evt
c290d0660d478327679eb0c6f4284916146110694786eec6f9e038ae844cf8c3	12630	original/MagicMayhem_CD/Realms/Medieval/Plains2/M2sec23.map
46c5c471d32c5bce8299af7fadbda4e3d8564936cd3b222f47e84ccd1ca05daf	736	original/MagicMayhem_CD/Realms/Medieval/Plains2/M2sec23.mps
5473d05ab957f6041e01a710df0abe332764e95e65cf748a50052a26b9765719	11386	original/MagicMayhem_CD/Realms/Medieval/Plains2/M2sec23.nod
bc5de961972b28c06b78b5fa38b8c959ddaf03d5762f40ec56b4b951a70e6468	16	original/MagicMayhem_CD/Realms/Medieval/Plains2/M2sec24.evt
8e734f70ca560973b72127f0ae1b9203a04e08d54e78f9cf4bb947203952d552	12268	original/MagicMayhem_CD/Realms/Medieval/Plains2/M2sec24.map
dcfd28af34c233f50571e957ddc3239a6c4e9e056e488c4d51107c08c5415125	656	original/MagicMayhem_CD/Realms/Medieval/Plains2/M2sec24.mps
16aeafe92bb71da6934ebea72f1b790ff7a5009563e682a6c83b5bb12f76a04f	7928	original/MagicMayhem_CD/Realms/Medieval/Plains2/M2sec24.nod
bc5de961972b28c06b78b5fa38b8c959ddaf03d5762f40ec56b4b951a70e6468	16	original/MagicMayhem_CD/Realms/Medieval/Plains2/M2sec25.evt
2e4ef42f3f1cda4cfe2565d6601cc198ca18a7407e39aa3de7acadfc1c889136	12614	original/MagicMayhem_CD/Realms/Medieval/Plains2/M2sec25.map
78654becae6d09767eb5484b0ebc88d5635ecdf315387aaf27d26633b7b7596c	736	original/MagicMayhem_CD/Realms/Medieval/Plains2/M2sec25.mps
831bbb624ee29274277020e26eefd84f92703f5a723410fc44437d9267aa3bca	9904	original/MagicMayhem_CD/Realms/Medieval/Plains2/M2sec25.nod
bc5de961972b28c06b78b5fa38b8c959ddaf03d5762f40ec56b4b951a70e6468	16	original/MagicMayhem_CD/Realms/Medieval/Plains2/M2sec26.evt
626cd01ec4ec1c9eddc2133b8de5f95220fd42cbe56535ab0111257518485a0b	12207	original/MagicMayhem_CD/Realms/Medieval/Plains2/M2sec26.map
7a823930153d6c1df54bcf448725a0ccd2e4315af9a509dfada85ac19a156e01	656	original/MagicMayhem_CD/Realms/Medieval/Plains2/M2sec26.mps
654f5ad2e67b2291355d09da4b608a8a750d10133325f162bbfa595b6a67ebec	7928	original/MagicMayhem_CD/Realms/Medieval/Plains2/M2sec26.nod
bc5de961972b28c06b78b5fa38b8c959ddaf03d5762f40ec56b4b951a70e6468	16	original/MagicMayhem_CD/Realms/Medieval/Plains2/M2sec27.evt
f16ae85fd0b74f1e907533a52331ab76a6cc79eafea94d00f20548eeff1749b1	12479	original/MagicMayhem_CD/Realms/Medieval/Plains2/M2sec27.map
9a409b4d3765b2663635b6d0581ccb7fb6fffd68ce11ed4a43800d22e599d82b	736	original/MagicMayhem_CD/Realms/Medieval/Plains2/M2sec27.mps
852c2fbe2bb9635a3dcf11ada1cd2df91aefe07fb21e454d545893ed2df9b7f4	9904	original/MagicMayhem_CD/Realms/Medieval/Plains2/M2sec27.nod
bc5de961972b28c06b78b5fa38b8c959ddaf03d5762f40ec56b4b951a70e6468	16	original/MagicMayhem_CD/Realms/Medieval/Plains2/M2sec28.evt
67b8aad93f935438ff2939d66610ac41eddfb4d91fb4c6f2cf70cfbd8d096dc3	12397	original/MagicMayhem_CD/Realms/Medieval/Plains2/M2sec28.map
f689d4c797414973b32f91e7996959eabeccdee4b4a8ca277a1e9ef662d607ec	656	original/MagicMayhem_CD/Realms/Medieval/Plains2/M2sec28.mps
83171cdb36026759759895a30272192db45751fa80cf8aa1528afc3f3d88faa0	9410	original/MagicMayhem_CD/Realms/Medieval/Plains2/M2sec28.nod
bc5de961972b28c06b78b5fa38b8c959ddaf03d5762f40ec56b4b951a70e6468	16	original/MagicMayhem_CD/Realms/Medieval/Plains2/M2sec29.evt
2e76f8e13de2de5de86b70dcff951cda26eb65f6e60fd6343fb0ac1ab7f3eb4a	12256	original/MagicMayhem_CD/Realms/Medieval/Plains2/M2sec29.map
e3de731c48f4bda0dcb5dddb36f079d4301e3da19adf8091419eacf292e91d50	656	original/MagicMayhem_CD/Realms/Medieval/Plains2/M2sec29.mps
e6e2f059eefad9d715129c050f3cfab49b17ddce550c343d6ef445eaaa645f4a	7928	original/MagicMayhem_CD/Realms/Medieval/Plains2/M2sec29.nod
bc5de961972b28c06b78b5fa38b8c959ddaf03d5762f40ec56b4b951a70e6468	16	original/MagicMayhem_CD/Realms/Medieval/Plains2/M2sec30.evt
7dd126ecd05b08ad85b6ab53fb38199da6a71bd1b8a2df356d51128ca5a35504	12528	original/MagicMayhem_CD/Realms/Medieval/Plains2/M2sec30.map
ef2d5c634f7387dfd45de8528b9e53cebf16175c922edde551a6384b6a465a51	536	original/MagicMayhem_CD/Realms/Medieval/Plains2/M2sec30.mps
89ea08c0199d32b0627691210e7b9bc76af84260fa3897e00ddd835ddec2201c	17314	original/MagicMayhem_CD/Realms/Medieval/Plains2/M2sec30.nod
bc5de961972b28c06b78b5fa38b8c959ddaf03d5762f40ec56b4b951a70e6468	16	original/MagicMayhem_CD/Realms/Medieval/Plains2/M2sec31.evt
e66ffa4dca43cf30bf9134e0140c787f1b34d8f3bd5594ebf9c0e75667b70754	12698	original/MagicMayhem_CD/Realms/Medieval/Plains2/M2sec31.map
25241fe0c64477e235bc79baafd91c514ccc840abb25b61a2342e50bafa6f4f7	616	original/MagicMayhem_CD/Realms/Medieval/Plains2/M2sec31.mps
b8eb6f51304e9adec652d75f4db0c8e4cd621d6b7cf9fce4687472e99d8ff7d2	17808	original/MagicMayhem_CD/Realms/Medieval/Plains2/M2sec31.nod
bc5de961972b28c06b78b5fa38b8c959ddaf03d5762f40ec56b4b951a70e6468	16	original/MagicMayhem_CD/Realms/Medieval/Plains2/M2sec32.evt
b1f000b473304a91516e6be186672ae9fec3edd0ae6abd45030a29913f4c094f	12696	original/MagicMayhem_CD/Realms/Medieval/Plains2/M2sec32.map
5620e7303dd48805d0f8a693e9daf15954ea2fd542bc4c1f6a4a79c706d5dc93	616	original/MagicMayhem_CD/Realms/Medieval/Plains2/M2sec32.mps
dcd509a8b1b356fad56858f82dc97d3ced2f21b23f0b81bbfbde689ff2c2f42b	18302	original/MagicMayhem_CD/Realms/Medieval/Plains2/M2sec32.nod
bc5de961972b28c06b78b5fa38b8c959ddaf03d5762f40ec56b4b951a70e6468	16	original/MagicMayhem_CD/Realms/Medieval/Plains2/M2sec33.evt
ec632a735d78381bdb48e9c88041a83529c6a94cfd1e81d07309778f34dc1c8e	12533	original/MagicMayhem_CD/Realms/Medieval/Plains2/M2sec33.map
2a19cf6347f864e74f090c87b4bd30ce2b679d649ebf21911695b1a55fcf6963	536	original/MagicMayhem_CD/Realms/Medieval/Plains2/M2sec33.mps
a6961e8eaaff656433f39e213c294a5e8a6b811943a70f812afce5ac68a7c378	13856	original/MagicMayhem_CD/Realms/Medieval/Plains2/M2sec33.nod
bc5de961972b28c06b78b5fa38b8c959ddaf03d5762f40ec56b4b951a70e6468	16	original/MagicMayhem_CD/Realms/Medieval/Plains2/M2sec34.evt
1630ccd57ba9ba99b33aa41e946596230809df390329226b83b958324b4b0891	12434	original/MagicMayhem_CD/Realms/Medieval/Plains2/M2sec34.map
1e863cd622a996608cb0773ba76a7bcea688c02d84f33d1d65b95e7236b70b3a	536	original/MagicMayhem_CD/Realms/Medieval/Plains2/M2sec34.mps
338cd14098b8bbf27711a9f81c0889c343c7653dd9eaed1d99554d0473cfee99	13362	original/MagicMayhem_CD/Realms/Medieval/Plains2/M2sec34.nod
bc5de961972b28c06b78b5fa38b8c959ddaf03d5762f40ec56b4b951a70e6468	16	original/MagicMayhem_CD/Realms/Medieval/Plains2/M2sec35.evt
3efeec9899aa8342682d45371205dcc2e44e411f0583385e73b5f893fb9b8290	12656	original/MagicMayhem_CD/Realms/Medieval/Plains2/M2sec35.map
00d9343c7ec6b1aece978e33c06d894cc2a1c7e45809c12d88b684fa6c592253	616	original/MagicMayhem_CD/Realms/Medieval/Plains2/M2sec35.mps
059c93cacfd4cf462946468747a742a4360fbc5441481e63a993e8a936569b88	18796	original/MagicMayhem_CD/Realms/Medieval/Plains2/M2sec35.nod
bc5de961972b28c06b78b5fa38b8c959ddaf03d5762f40ec56b4b951a70e6468	16	original/MagicMayhem_CD/Realms/Medieval/Plains2/M2sec36.evt
4c2043c229a6a5619dfdd8c89cacac2708db16e37a26c96ff9bf4391429fef04	12783	original/MagicMayhem_CD/Realms/Medieval/Plains2/M2sec36.map
7b83c7e7ebf300c4d388713eccefd299aba97e00ffa6745c0a1e40f7a2c81421	616	original/MagicMayhem_CD/Realms/Medieval/Plains2/M2sec36.mps
a24fdc829348a7efef901c8e7de750d632d05cc68a1a045cc573d0ee72284f23	19784	original/MagicMayhem_CD/Realms/Medieval/Plains2/M2sec36.nod
bc5de961972b28c06b78b5fa38b8c959ddaf03d5762f40ec56b4b951a70e6468	16	original/MagicMayhem_CD/Realms/Medieval/Plains2/M2sec37.evt
a0c85606309151f2d5ce004d77eab27c1e51c5e7bf0f4b8cf2e09f2e80e731ff	12938	original/MagicMayhem_CD/Realms/Medieval/Plains2/M2sec37.map
165053599951e87af4ae967d236d7383b2e3fa56f545dd1503b54b97bc94fcd5	576	original/MagicMayhem_CD/Realms/Medieval/Plains2/M2sec37.mps
b926ffb3a2e261d62c7569bc7d44c2c75e167f168d8256d1d5d97a3fdbd2a896	19290	original/MagicMayhem_CD/Realms/Medieval/Plains2/M2sec37.nod
bc5de961972b28c06b78b5fa38b8c959ddaf03d5762f40ec56b4b951a70e6468	16	original/MagicMayhem_CD/Realms/Medieval/Plains2/M2sec38.evt
4f7c46b2acaff6f3928b2a9274f1ee3f7065274f4aaad213b51f7ab12895cf32	12616	original/MagicMayhem_CD/Realms/Medieval/Plains2/M2sec38.map
c82077c512789b34569dc35c86c358ae378b73e73a1a8ffdffc3587fcf8b91aa	616	original/MagicMayhem_CD/Realms/Medieval/Plains2/M2sec38.mps
9f774e572ca1800a3ee2ceba13422e4f5ae6370ece56cbb9dcf4729ade0c01d6	13362	original/MagicMayhem_CD/Realms/Medieval/Plains2/M2sec38.nod
bc5de961972b28c06b78b5fa38b8c959ddaf03d5762f40ec56b4b951a70e6468	16	original/MagicMayhem_CD/Realms/Medieval/Plains2/M2sec39.evt
9a92f51b5506eb849e34cbf0e5ce5450e263806491c7e8468b6e76a3126a91b3	12387	original/MagicMayhem_CD/Realms/Medieval/Plains2/M2sec39.map
192b180848e4f368f4c5feb85380b6d49e5d5e1d8df6220f9e7dfe40bc82fe8a	656	original/MagicMayhem_CD/Realms/Medieval/Plains2/M2sec39.mps
d2678d8c8f4315aa7df2ccfaf6e422d995af83bb9836181327fa5cd5e949d75b	11880	original/MagicMayhem_CD/Realms/Medieval/Plains2/M2sec39.nod
bc5de961972b28c06b78b5fa38b8c959ddaf03d5762f40ec56b4b951a70e6468	16	original/MagicMayhem_CD/Realms/Medieval/Plains2/M2sec40.evt
e3f206c0d19d00c935ea8717ee538cddedc95bbd37fac24816d1913d671c395f	12432	original/MagicMayhem_CD/Realms/Medieval/Plains2/M2sec40.map
9fca730e5e2fd41c01a9d8349c5f7624aaa46e95a132dfda6e063303a7d7eca9	536	original/MagicMayhem_CD/Realms/Medieval/Plains2/M2sec40.mps
74110a020cf9f68a4475068f8f606511be1446343fb69afcb2bc9f8290018df9	13856	original/MagicMayhem_CD/Realms/Medieval/Plains2/M2sec40.nod
bc5de961972b28c06b78b5fa38b8c959ddaf03d5762f40ec56b4b951a70e6468	16	original/MagicMayhem_CD/Realms/Medieval/Plains2/M2sec41.evt
3119605b771f4da26bd56d4071778030b492bd16b521f37a43738bd9788814b8	18303	original/MagicMayhem_CD/Realms/Medieval/Plains2/M2sec41.map
c4620d97de598b61f3c0a027ed25898d39407465d7907d462e61978ca64b4704	536	original/MagicMayhem_CD/Realms/Medieval/Plains2/M2sec41.mps
ec80576ce21ea06b285369ef673a5fe0d58c057f02f44ff1642f9ed6ee64bb5d	10398	original/MagicMayhem_CD/Realms/Medieval/Plains2/M2sec41.nod
bc5de961972b28c06b78b5fa38b8c959ddaf03d5762f40ec56b4b951a70e6468	16	original/MagicMayhem_CD/Realms/Medieval/Plains2/M2sec42.evt
75456aff5c54d043b7423ec5cc16d896c8fd6d4f459f8ef1c421ede611ff538f	12453	original/MagicMayhem_CD/Realms/Medieval/Plains2/M2sec42.map
a859acdf969868c9e15ab0757229710b6effdb6a9545a3e19c2b1023ba2662df	536	original/MagicMayhem_CD/Realms/Medieval/Plains2/M2sec42.mps
864c65b6d6717fed8a2852539a2e982335c9d5e7a45fdffbe7efea99d7b94a69	10398	original/MagicMayhem_CD/Realms/Medieval/Plains2/M2sec42.nod
bc5de961972b28c06b78b5fa38b8c959ddaf03d5762f40ec56b4b951a70e6468	16	original/MagicMayhem_CD/Realms/Medieval/Plains2/M2sec43.evt
596791cfb2032196b680437edb9793e0f042cacfae71fdb3a00d932d26c9ff3e	12435	original/MagicMayhem_CD/Realms/Medieval/Plains2/M2sec43.map
e5e80b39c9c6161d08f75b29f7ee66f211e95b74a70f36879c4137ed14fb4fca	536	original/MagicMayhem_CD/Realms/Medieval/Plains2/M2sec43.mps
3d7ece00f6f296aea4ade5971b899a95399eaa71920514deb089c80c5f54f236	16326	original/MagicMayhem_CD/Realms/Medieval/Plains2/M2sec43.nod
bc5de961972b28c06b78b5fa38b8c959ddaf03d5762f40ec56b4b951a70e6468	16	original/MagicMayhem_CD/Realms/Medieval/Plains2/M2sec44.evt
1f1e099edc8666529456ced79a97fe99a3a9f00a192cb38abb9ddaedc01580ec	12653	original/MagicMayhem_CD/Realms/Medieval/Plains2/M2sec44.map
7bccb48ad589fa9d396cede1841411c87a0f2b09f823f54e335e73b1a9b55108	496	original/MagicMayhem_CD/Realms/Medieval/Plains2/M2sec44.mps
b455cc014df0f8cfb16bd02d8fc5149500ea1de8ebe0851432a07010c96a1843	14844	original/MagicMayhem_CD/Realms/Medieval/Plains2/M2sec44.nod
bc5de961972b28c06b78b5fa38b8c959ddaf03d5762f40ec56b4b951a70e6468	16	original/MagicMayhem_CD/Realms/Medieval/Plains2/M2sec50.evt
001971fb6829f25f9f63905bfa1363489f5c1ac7669b18d6531de5031c898475	12922	original/MagicMayhem_CD/Realms/Medieval/Plains2/M2sec50.map
bca90427c2fa2a5d7cdca0363725560f85cd48eeb35c3b1e412bb72556f23dc0	536	original/MagicMayhem_CD/Realms/Medieval/Plains2/M2sec50.mps
4c17c40149922f41142f338b56885b67b705676516540d8ac43900b9845ba627	19290	original/MagicMayhem_CD/Realms/Medieval/Plains2/M2sec50.nod
bc5de961972b28c06b78b5fa38b8c959ddaf03d5762f40ec56b4b951a70e6468	16	original/MagicMayhem_CD/Realms/Medieval/Plains2/M2sec51.evt
8858a573dd8df84acffcc3b502ed7b5574610f177a3892f5f9af973363973ace	19185	original/MagicMayhem_CD/Realms/Medieval/Plains2/M2sec51.map
19fbd8971e3c8fec8dd5cb3cfc458bfbac000ba4b9d48ebb7db4c7dc048f005d	456	original/MagicMayhem_CD/Realms/Medieval/Plains2/M2sec51.mps
bbddc9011057ffb1f7cb761f0ef03131d185499e7a5225f07a589803665bc2bd	18796	original/MagicMayhem_CD/Realms/Medieval/Plains2/M2sec51.nod
bc5de961972b28c06b78b5fa38b8c959ddaf03d5762f40ec56b4b951a70e6468	16	original/MagicMayhem_CD/Realms/Medieval/Plains2/M2sec52.evt
1a2b5c358836196227729626fb74285bdd595f09b4361745050a81f835940fe8	12581	original/MagicMayhem_CD/Realms/Medieval/Plains2/M2sec52.map
e38cd38c387456d0e4c9340e0efaca3dae287a9d1ff0f8e67a27f68ce3201784	496	original/MagicMayhem_CD/Realms/Medieval/Plains2/M2sec52.mps
dd6072076ef363e389120d976c15eeb0ffd0382345075d738f22ccde8ee804bb	13856	original/MagicMayhem_CD/Realms/Medieval/Plains2/M2sec52.nod
bc5de961972b28c06b78b5fa38b8c959ddaf03d5762f40ec56b4b951a70e6468	16	original/MagicMayhem_CD/Realms/Medieval/Plains2/M2sec53.evt
74ef3029fd7a8a3704b01990e5575443e82002d1e7e6fc75ea83a969c3610951	12734	original/MagicMayhem_CD/Realms/Medieval/Plains2/M2sec53.map
32ff3178526f005fe0ee4881df769a0037a59d65eff5c50351dc86a0228bf8b7	496	original/MagicMayhem_CD/Realms/Medieval/Plains2/M2sec53.mps
1679869e67a0a57944a87f05445d6664fd78f88c3657ea5dd471a7c422d509e9	21760	original/MagicMayhem_CD/Realms/Medieval/Plains2/M2sec53.nod
bc5de961972b28c06b78b5fa38b8c959ddaf03d5762f40ec56b4b951a70e6468	16	original/MagicMayhem_CD/Realms/Medieval/Plains2/M2sec54.evt
1975760fbf1da7e0e7d1206086d230be3cafc70dcb09515e289c86358a3e895f	12799	original/MagicMayhem_CD/Realms/Medieval/Plains2/M2sec54.map
8a316ae124be1359e8f162e3d146344822b35c73cc9bc97d8fb14197d3f8d2a7	536	original/MagicMayhem_CD/Realms/Medieval/Plains2/M2sec54.mps
f9f7ca585ddd00bada5179d1d49afcf4ac47c27ee89573fdcbe90d97abecc102	13856	original/MagicMayhem_CD/Realms/Medieval/Plains2/M2sec54.nod
130364e18bfb542f7f1e1b336a38e0b989e21aec02e591d99e265d2c826c90e4	160	original/MagicMayhem_CD/Realms/Medieval/Plains2/M2sec55.evt
8627a4588612ef60643cbfc15f86130d9fea57b62f16d148f201b87ea6b99822	12397	original/MagicMayhem_CD/Realms/Medieval/Plains2/M2sec55.map
b8151b3c84349f06bebc73d91574b3210039ef58bfb0faa0f721332ac085a88b	656	original/MagicMayhem_CD/Realms/Medieval/Plains2/M2sec55.mps
83171cdb36026759759895a30272192db45751fa80cf8aa1528afc3f3d88faa0	9410	original/MagicMayhem_CD/Realms/Medieval/Plains2/M2sec55.nod
bc5de961972b28c06b78b5fa38b8c959ddaf03d5762f40ec56b4b951a70e6468	16	original/MagicMayhem_CD/Realms/Medieval/Plains2/NewScratch.evt
bc5de961972b28c06b78b5fa38b8c959ddaf03d5762f40ec56b4b951a70e6468	16	original/MagicMayhem_CD/Realms/Medieval/Plains2/Pavillions.evt
a81e201b60b6a0d12014be7ff98b7090339a79c558f4798b0530dd0f0a8babd9	10044	original/MagicMayhem_CD/Realms/Medieval/Plains2/Terrain.ani
e237afaf0023e739e931473121dcad9f0d3046d15f98645691c457b8741b2f5d	3633240	original/MagicMayhem_CD/Realms/Medieval/Plains2/Terrain.spr
5fd32560759efa55498dffe03fbff837b4b2eff9f4ca32f37c94d50837ed9b64	25836	original/MagicMayhem_CD/Realms/Medieval/Plains2/Terrain.tag
bd8016581d63f9fd66b556d4388f47dc0690070128bfa0937149e5b94d7230df	766484	original/MagicMayhem_CD/Realms/Medieval/Plains2/Terrain.ttd
3ee6671bd543971acc7b055fa28125a9a2a6c313022ffb6a08914c748b9c3842	2272	original/MagicMayhem_CD/Realms/Medieval/Plains2/doors.ani
e1d7006a21b3fef22520b508017df6e704904ee86979831b578889bc0ecbaab3	4408	original/MagicMayhem_CD/Realms/Medieval/Swamp/MSsec00.evt
4d57c2e822e0d9b9911278293d6543b21716cf427e0f081220e51913943d885b	63312	original/MagicMayhem_CD/Realms/Medieval/Swamp/MSsec00.map
32d8c97aacdfc63f9aaf03844bfb54e362608fc6f83d0ee3f5a23ceef9a4b060	616	original/MagicMayhem_CD/Realms/Medieval/Swamp/MSsec00.mps
426b65f9dde733a539d70cbcd3a366c385597f3f845ce97e8ce4c73f0742cc14	79064	original/MagicMayhem_CD/Realms/Medieval/Swamp/MSsec00.nod
837166222dca1607e8bf55e7e8ef34d454c86dfcc21efb0395478dec49932426	20364	original/MagicMayhem_CD/Realms/Medieval/Swamp/MSsec00.tag
bc5de961972b28c06b78b5fa38b8c959ddaf03d5762f40ec56b4b951a70e6468	16	original/MagicMayhem_CD/Realms/Medieval/Swamp/MSsec01.evt
eb97c4d173be29af877b7ef65c736aa01f0fc8634340b8e5974132bf5f1dc12e	12723	original/MagicMayhem_CD/Realms/Medieval/Swamp/MSsec01.map
4340b3b7bf76eebc133c8bfdc0788f6738f6f1f797622aa04334aa2a4f1f5126	256	original/MagicMayhem_CD/Realms/Medieval/Swamp/MSsec01.mps
5418a567ddf6720a2012f3e8bb194a60f3cb23c47929325a03bd42da4da411ea	18302	original/MagicMayhem_CD/Realms/Medieval/Swamp/MSsec01.nod
837166222dca1607e8bf55e7e8ef34d454c86dfcc21efb0395478dec49932426	20364	original/MagicMayhem_CD/Realms/Medieval/Swamp/MSsec01.tag
bc5de961972b28c06b78b5fa38b8c959ddaf03d5762f40ec56b4b951a70e6468	16	original/MagicMayhem_CD/Realms/Medieval/Swamp/MSsec02.evt
3c73e548fd0b8eeae0c5d6cd586bdb6dfd999e01140abc5c3384a90c83a782aa	62222	original/MagicMayhem_CD/Realms/Medieval/Swamp/MSsec02.map
112ea20870c46b7e45fe9ee4e041f8d72bc571623ecaffcf858fb676d9c2a579	1056	original/MagicMayhem_CD/Realms/Medieval/Swamp/MSsec02.mps
20d45c4192d9829eaf67e24b991f3ca25038ef8b8e0709ceac73766f1d076629	56340	original/MagicMayhem_CD/Realms/Medieval/Swamp/MSsec02.nod
837166222dca1607e8bf55e7e8ef34d454c86dfcc21efb0395478dec49932426	20364	original/MagicMayhem_CD/Realms/Medieval/Swamp/MSsec02.tag
bc5de961972b28c06b78b5fa38b8c959ddaf03d5762f40ec56b4b951a70e6468	16	original/MagicMayhem_CD/Realms/Medieval/Swamp/MSsec03.evt
de26c6bc83aadcc0a9d1929e6b914d0143cb52869cc9b87b5998bae963ba5540	15852	original/MagicMayhem_CD/Realms/Medieval/Swamp/MSsec03.map
f181a1193cd75df90aefc425b7981b0150652facb873376d80a220cf9640f898	256	original/MagicMayhem_CD/Realms/Medieval/Swamp/MSsec03.mps
fdc81b7bbf6d456ed712901072e754dc4196d660d1f6566599e355d5ad8c83db	28676	original/MagicMayhem_CD/Realms/Medieval/Swamp/MSsec03.nod
837166222dca1607e8bf55e7e8ef34d454c86dfcc21efb0395478dec49932426	20364	original/MagicMayhem_CD/Realms/Medieval/Swamp/MSsec03.tag
6009ac822dd50c9fba46746b237b39dd969ba205cbb2551a5077cb8f1cc19bda	592	original/MagicMayhem_CD/Realms/Medieval/Swamp/MSsec04.evt
2a4bb41865c54194ca174a3f118fe21607504d13609836e1d3f2b4dbd540a711	15657	original/MagicMayhem_CD/Realms/Medieval/Swamp/MSsec04.map
584c3f6c38b00e5dd6cbcb60b6331b6f4e48a82c2dff55643ea073a99e7d1757	136	original/MagicMayhem_CD/Realms/Medieval/Swamp/MSsec04.mps
ae8de8d6c2cc5e75c071d9cb302d78dea8b05b283a4424d0ffca8b47e046ab09	10892	original/MagicMayhem_CD/Realms/Medieval/Swamp/MSsec04.nod
837166222dca1607e8bf55e7e8ef34d454c86dfcc21efb0395478dec49932426	20364	original/MagicMayhem_CD/Realms/Medieval/Swamp/MSsec04.tag
bc5de961972b28c06b78b5fa38b8c959ddaf03d5762f40ec56b4b951a70e6468	16	original/MagicMayhem_CD/Realms/Medieval/Swamp/MSsec05.evt
b3f5fea951d41c3d49f67b7c2725b2364eea9764b9dc9fc191af0b50df16e2a7	15085	original/MagicMayhem_CD/Realms/Medieval/Swamp/MSsec05.map
08a01dfd0449466d4cc7f09ee126ebf1169455d979a99812a1cab084024fe30e	176	original/MagicMayhem_CD/Realms/Medieval/Swamp/MSsec05.mps
f843e1d859fafb0cdde4af17db37dbed9e1084342d26a0d61c6fbeed804710cf	7928	original/MagicMayhem_CD/Realms/Medieval/Swamp/MSsec05.nod
837166222dca1607e8bf55e7e8ef34d454c86dfcc21efb0395478dec49932426	20364	original/MagicMayhem_CD/Realms/Medieval/Swamp/MSsec05.tag
bc5de961972b28c06b78b5fa38b8c959ddaf03d5762f40ec56b4b951a70e6468	16	original/MagicMayhem_CD/Realms/Medieval/Swamp/MSsec06.evt
3af327ad1f62925eea66450f8e2f7ea919f5cecba25b65214c91b5037e436406	15085	original/MagicMayhem_CD/Realms/Medieval/Swamp/MSsec06.map
08a01dfd0449466d4cc7f09ee126ebf1169455d979a99812a1cab084024fe30e	176	original/MagicMayhem_CD/Realms/Medieval/Swamp/MSsec06.mps
f843e1d859fafb0cdde4af17db37dbed9e1084342d26a0d61c6fbeed804710cf	7928	original/MagicMayhem_CD/Realms/Medieval/Swamp/MSsec06.nod
837166222dca1607e8bf55e7e8ef34d454c86dfcc21efb0395478dec49932426	20364	original/MagicMayhem_CD/Realms/Medieval/Swamp/MSsec06.tag
bc5de961972b28c06b78b5fa38b8c959ddaf03d5762f40ec56b4b951a70e6468	16	original/MagicMayhem_CD/Realms/Medieval/Swamp/MSsec07.evt
da8177d78797d7518aaa340745bf8764299ac519b8ce176744aef74eadf0c385	15085	original/MagicMayhem_CD/Realms/Medieval/Swamp/MSsec07.map
08a01dfd0449466d4cc7f09ee126ebf1169455d979a99812a1cab084024fe30e	176	original/MagicMayhem_CD/Realms/Medieval/Swamp/MSsec07.mps
f843e1d859fafb0cdde4af17db37dbed9e1084342d26a0d61c6fbeed804710cf	7928	original/MagicMayhem_CD/Realms/Medieval/Swamp/MSsec07.nod
837166222dca1607e8bf55e7e8ef34d454c86dfcc21efb0395478dec49932426	20364	original/MagicMayhem_CD/Realms/Medieval/Swamp/MSsec07.tag
df2f62506de7911fd22cab6473c79345391861ab76c41ea43ef515e641351602	3328	original/MagicMayhem_CD/Realms/Medieval/Swamp/MSsec08.evt
e0118c4eca0e2c3a24c063830077615cbd35fec416e8d3b86b0272b14835de69	62196	original/MagicMayhem_CD/Realms/Medieval/Swamp/MSsec08.map
83133daf3485481e4df210fb977ea87b0a79b9bd17a101d4552fc657a7cc77d9	976	original/MagicMayhem_CD/Realms/Medieval/Swamp/MSsec08.mps
217de1486e39ddb20a476ac736939cb71829a2f50c60d6545561f9e856f0117d	48930	original/MagicMayhem_CD/Realms/Medieval/Swamp/MSsec08.nod
837166222dca1607e8bf55e7e8ef34d454c86dfcc21efb0395478dec49932426	20364	original/MagicMayhem_CD/Realms/Medieval/Swamp/MSsec08.tag
bc5de961972b28c06b78b5fa38b8c959ddaf03d5762f40ec56b4b951a70e6468	16	original/MagicMayhem_CD/Realms/Medieval/Swamp/MSsec10.evt
561d987bef754f03aa82ef8f74ec7101de4f66ae4ee4a933dac555a9346eec0c	15421	original/MagicMayhem_CD/Realms/Medieval/Swamp/MSsec10.map
185f8db9272f0569c018924819a722896fda40c7fd4811d06d993f7660833545	656	original/MagicMayhem_CD/Realms/Medieval/Swamp/MSsec10.mps
1871a5bb0056d45d3a2b8482087e4637f95098597472efcee3d08c1f3516744c	7928	original/MagicMayhem_CD/Realms/Medieval/Swamp/MSsec10.nod
837166222dca1607e8bf55e7e8ef34d454c86dfcc21efb0395478dec49932426	20364	original/MagicMayhem_CD/Realms/Medieval/Swamp/MSsec10.tag
bc5de961972b28c06b78b5fa38b8c959ddaf03d5762f40ec56b4b951a70e6468	16	original/MagicMayhem_CD/Realms/Medieval/Swamp/MSsec11.evt
6ba266aa0e353e0ccbfd1f7bc4b3d70ad540db8237bdfb43b5e5e592da2ceadc	15462	original/MagicMayhem_CD/Realms/Medieval/Swamp/MSsec11.map
657d0ff924e55ca00d0bc19a1039c477b315b8891c61fa24abaf0c54a6a91d4d	656	original/MagicMayhem_CD/Realms/Medieval/Swamp/MSsec11.mps
5dce278e58f93c015a01cbeeb78c5125d6da8976a887d95eb89b8eef7d92762d	8422	original/MagicMayhem_CD/Realms/Medieval/Swamp/MSsec11.nod
837166222dca1607e8bf55e7e8ef34d454c86dfcc21efb0395478dec49932426	20364	original/MagicMayhem_CD/Realms/Medieval/Swamp/MSsec11.tag
bc5de961972b28c06b78b5fa38b8c959ddaf03d5762f40ec56b4b951a70e6468	16	original/MagicMayhem_CD/Realms/Medieval/Swamp/MSsec12.evt
39116c8702fea27d106f7f8a77a95657c4b9976255c4e7865812c4af8fcb7cd5	15675	original/MagicMayhem_CD/Realms/Medieval/Swamp/MSsec12.map
2a2af65e26e11c355896a676fa6cee0d5b0b57e14dd2b2f9a071a1a95f6014c1	656	original/MagicMayhem_CD/Realms/Medieval/Swamp/MSsec12.mps
ad2ea490f2756a4cb9dbfaef54a563e3505c5e0fca18c7d3d9a74d980097f307	11386	original/MagicMayhem_CD/Realms/Medieval/Swamp/MSsec12.nod
837166222dca1607e8bf55e7e8ef34d454c86dfcc21efb0395478dec49932426	20364	original/MagicMayhem_CD/Realms/Medieval/Swamp/MSsec12.tag
bc5de961972b28c06b78b5fa38b8c959ddaf03d5762f40ec56b4b951a70e6468	16	original/MagicMayhem_CD/Realms/Medieval/Swamp/MSsec13.evt
0f4cb61026ab768efbf8b8400160bd4de61b9771728110ae2a664ec78e88dc3b	15896	original/MagicMayhem_CD/Realms/Medieval/Swamp/MSsec13.map
47a04b4882d754d1d5f849de1328bdffe5ee71338492e5cfdaac71a885803d43	656	original/MagicMayhem_CD/Realms/Medieval/Swamp/MSsec13.mps
5d75e59997efa4433ddb087fbb0305c867868c2c5d22d7c62b1c2d79071c8e70	15338	original/MagicMayhem_CD/Realms/Medieval/Swamp/MSsec13.nod
837166222dca1607e8bf55e7e8ef34d454c86dfcc21efb0395478dec49932426	20364	original/MagicMayhem_CD/Realms/Medieval/Swamp/MSsec13.tag
244ed90d37f3ac6a073af4e2e80154c48e1f5e923314ff68f0edb94e13eafe77	376	original/MagicMayhem_CD/Realms/Medieval/Swamp/MSsec14.evt
ad1fc727984087c4973b2067be9dc60d5409b2379e02232fa9fea9565f66879a	15927	original/MagicMayhem_CD/Realms/Medieval/Swamp/MSsec14.map
5f5ca09dd05cd36e137531905cb7ad47cb45f347d261a79243645b44da8c0846	496	original/MagicMayhem_CD/Realms/Medieval/Swamp/MSsec14.mps
6f1f117a54ad9d1566af594f563174c8fec93735db21bddce30634eb9c9394af	21266	original/MagicMayhem_CD/Realms/Medieval/Swamp/MSsec14.nod
837166222dca1607e8bf55e7e8ef34d454c86dfcc21efb0395478dec49932426	20364	original/MagicMayhem_CD/Realms/Medieval/Swamp/MSsec14.tag
bc5de961972b28c06b78b5fa38b8c959ddaf03d5762f40ec56b4b951a70e6468	16	original/MagicMayhem_CD/Realms/Medieval/Swamp/MSsec20.evt
d1ab0231128d7bff1034613713db0572f4cd693cdc9f28e2ffa88cbef230f34a	15643	original/MagicMayhem_CD/Realms/Medieval/Swamp/MSsec20.map
ed76c3ca513f9fd2226fbd16eeee00a551df55c8e609ecb5a1c6c44d9948ecbb	656	original/MagicMayhem_CD/Realms/Medieval/Swamp/MSsec20.mps
2b6573b84e5be47828c3f589699a6791570b613d43fb1eba6880a66f8527c64b	13856	original/MagicMayhem_CD/Realms/Medieval/Swamp/MSsec20.nod
837166222dca1607e8bf55e7e8ef34d454c86dfcc21efb0395478dec49932426	20364	original/MagicMayhem_CD/Realms/Medieval/Swamp/MSsec20.tag
bc5de961972b28c06b78b5fa38b8c959ddaf03d5762f40ec56b4b951a70e6468	16	original/MagicMayhem_CD/Realms/Medieval/Swamp/MSsec21.evt
448196218cd95015e7b7d1219899179a887f00d373ddc4a2a93649c1bf786e1e	15764	original/MagicMayhem_CD/Realms/Medieval/Swamp/MSsec21.map
af1246441c66aa59ee71694277f46e27d9b3ab1f04fef9905a5c9415160c7c07	656	original/MagicMayhem_CD/Realms/Medieval/Swamp/MSsec21.mps
024890646b93737611b214d570c73bf50bfda1fdc3e267f8e8db303e3a6b2179	15832	original/MagicMayhem_CD/Realms/Medieval/Swamp/MSsec21.nod
837166222dca1607e8bf55e7e8ef34d454c86dfcc21efb0395478dec49932426	20364	original/MagicMayhem_CD/Realms/Medieval/Swamp/MSsec21.tag
bc5de961972b28c06b78b5fa38b8c959ddaf03d5762f40ec56b4b951a70e6468	16	original/MagicMayhem_CD/Realms/Medieval/Swamp/MSsec22.evt
e377b4e5942365817d04cb50604c849ac04e4433b6320e5e8f77d977a5d0d408	15525	original/MagicMayhem_CD/Realms/Medieval/Swamp/MSsec22.map
7633c7cd8b9bc3ee325ec54ce9fe142c33c5e0d2d3c67098d5d5f5a806719848	656	original/MagicMayhem_CD/Realms/Medieval/Swamp/MSsec22.mps
818564011fb5efe2379e96264f7c72f961bc5a9477ffdd106b2e37be9a3fae45	10892	original/MagicMayhem_CD/Realms/Medieval/Swamp/MSsec22.nod
837166222dca1607e8bf55e7e8ef34d454c86dfcc21efb0395478dec49932426	20364	original/MagicMayhem_CD/Realms/Medieval/Swamp/MSsec22.tag
bc5de961972b28c06b78b5fa38b8c959ddaf03d5762f40ec56b4b951a70e6468	16	original/MagicMayhem_CD/Realms/Medieval/Swamp/MSsec23.evt
5854a1db201fb64544afc28f2159d455aa8a6744e9adac0a64e49fbae154c008	15580	original/MagicMayhem_CD/Realms/Medieval/Swamp/MSsec23.map
31c87c31ea975b4a1e3d677298fd119fa9ed28cd10929b394afb4407a29ebe22	616	original/MagicMayhem_CD/Realms/Medieval/Swamp/MSsec23.mps
1610d89c2b218653af515ad8615c55efd7bd81c51779c4d43337e06b00a55b2a	10398	original/MagicMayhem_CD/Realms/Medieval/Swamp/MSsec23.nod
837166222dca1607e8bf55e7e8ef34d454c86dfcc21efb0395478dec49932426	20364	original/MagicMayhem_CD/Realms/Medieval/Swamp/MSsec23.tag
bc5de961972b28c06b78b5fa38b8c959ddaf03d5762f40ec56b4b951a70e6468	16	original/MagicMayhem_CD/Realms/Medieval/Swamp/MSsec24.evt
d911cb3272591191d7a29395dc0f43a97487fc5646150ec401829de524807263	15694	original/MagicMayhem_CD/Realms/Medieval/Swamp/MSsec24.map
608e728652495d6257309fc3195961daf273d7320ada24098808c92cf49c5afb	656	original/MagicMayhem_CD/Realms/Medieval/Swamp/MSsec24.mps
04632b41e1630989b233e42a8852dd8302c4dcc6c341fddba8f1a2a63c29cae1	14350	original/MagicMayhem_CD/Realms/Medieval/Swamp/MSsec24.nod
837166222dca1607e8bf55e7e8ef34d454c86dfcc21efb0395478dec49932426	20364	original/MagicMayhem_CD/Realms/Medieval/Swamp/MSsec24.tag
bc5de961972b28c06b78b5fa38b8c959ddaf03d5762f40ec56b4b951a70e6468	16	original/MagicMayhem_CD/Realms/Medieval/Swamp/MSsec25.evt
9633acf9a8471ba0c869f7f8ed05b0a46c66fafeb32f233a54fa67f9ab0df734	15861	original/MagicMayhem_CD/Realms/Medieval/Swamp/MSsec25.map
042c9eda83103574a32466aa670e82843b691524d599707e9af927f394a2f7c1	616	original/MagicMayhem_CD/Realms/Medieval/Swamp/MSsec25.mps
e0e18ea9919e2e11e2fbfba13a36d129c52594a61ed48571ec160181d27f711f	16326	original/MagicMayhem_CD/Realms/Medieval/Swamp/MSsec25.nod
837166222dca1607e8bf55e7e8ef34d454c86dfcc21efb0395478dec49932426	20364	original/MagicMayhem_CD/Realms/Medieval/Swamp/MSsec25.tag
bc5de961972b28c06b78b5fa38b8c959ddaf03d5762f40ec56b4b951a70e6468	16	original/MagicMayhem_CD/Realms/Medieval/Swamp/MSsec26.evt
3de93c78ec41a95c1e51896c27236a038e566d99a699a90bd65d91c10fa3e38c	15501	original/MagicMayhem_CD/Realms/Medieval/Swamp/MSsec26.map
33db12287690f8aff2aea4958c70237ca025a5421a4f6c943610adaf982d0706	656	original/MagicMayhem_CD/Realms/Medieval/Swamp/MSsec26.mps
d09d805a2efc9ac0feb1095ed0e3263efc8a3416c569d4f0c6491095c547e321	12374	original/MagicMayhem_CD/Realms/Medieval/Swamp/MSsec26.nod
837166222dca1607e8bf55e7e8ef34d454c86dfcc21efb0395478dec49932426	20364	original/MagicMayhem_CD/Realms/Medieval/Swamp/MSsec26.tag
bc5de961972b28c06b78b5fa38b8c959ddaf03d5762f40ec56b4b951a70e6468	16	original/MagicMayhem_CD/Realms/Medieval/Swamp/MSsec27.evt
de222a3b5ae4d51656e755b6d1f84cbeafae35f1b5d30dd240ad5ef492f4171f	15880	original/MagicMayhem_CD/Realms/Medieval/Swamp/MSsec27.map
6340ae774312fc616ad5e6f02d04ed54eb75d00d752d47cc4d13556cdb56fea8	656	original/MagicMayhem_CD/Realms/Medieval/Swamp/MSsec27.mps
2b1aca470f0a05add2e3c1d14f547a5e01b322e0bf88986b8b5844b82f05fdb7	14844	original/MagicMayhem_CD/Realms/Medieval/Swamp/MSsec27.nod
837166222dca1607e8bf55e7e8ef34d454c86dfcc21efb0395478dec49932426	20364	original/MagicMayhem_CD/Realms/Medieval/Swamp/MSsec27.tag
bc5de961972b28c06b78b5fa38b8c959ddaf03d5762f40ec56b4b951a70e6468	16	original/MagicMayhem_CD/Realms/Medieval/Swamp/MSsec28.evt
b0978b4b879634dcdcb58fa7135cda9dbae491f7f73308d0d63bbb329d26d4b0	15535	original/MagicMayhem_CD/Realms/Medieval/Swamp/MSsec28.map
b1563e3226bb41f46a2ba796334470395e9074c0d4c3305acbd228a643c39a90	656	original/MagicMayhem_CD/Realms/Medieval/Swamp/MSsec28.mps
5b9038f642080eafa25ce7bd3625db1c192f126fcb5dc86dc05a795496745649	13856	original/MagicMayhem_CD/Realms/Medieval/Swamp/MSsec28.nod
837166222dca1607e8bf55e7e8ef34d454c86dfcc21efb0395478dec49932426	20364	original/MagicMayhem_CD/Realms/Medieval/Swamp/MSsec28.tag
bc5de961972b28c06b78b5fa38b8c959ddaf03d5762f40ec56b4b951a70e6468	16	original/MagicMayhem_CD/Realms/Medieval/Swamp/MSsec29.evt
a63e33bc031cbad4fc66a881b04cf25cca1cc7e36ab9b0e6c10c7be846159ae2	15524	original/MagicMayhem_CD/Realms/Medieval/Swamp/MSsec29.map
fbe91adba3870468c3f4ac12231d99dd18def0b86675100354e79a0dfddf18ed	656	original/MagicMayhem_CD/Realms/Medieval/Swamp/MSsec29.mps
308bf4abdca4199717b30acda38215b000629cc25c26a7a5f2651848e1ea8a20	12374	original/MagicMayhem_CD/Realms/Medieval/Swamp/MSsec29.nod
837166222dca1607e8bf55e7e8ef34d454c86dfcc21efb0395478dec49932426	20364	original/MagicMayhem_CD/Realms/Medieval/Swamp/MSsec29.tag
e649f58f00ce4be00726079f38eb56b1f11efbdaa6e90a7b490737cd771f1e77	304	original/MagicMayhem_CD/Realms/Medieval/Swamp/MSsec50.evt
a9879b60f00a96e6d5d73a1351a960b40ba3f8a0bfa8e995ce9891d0b3f0a23d	12635	original/MagicMayhem_CD/Realms/Medieval/Swamp/MSsec50.map
a16db996dfeffbcbb25d5f9695ddc656cb994d356e2d53315a9d3b32d16eabfe	256	original/MagicMayhem_CD/Realms/Medieval/Swamp/MSsec50.mps
37ee61d7b7e6e5b84d8ce4ff080dbc19c6a7b215675851393ced3439b031467b	13362	original/MagicMayhem_CD/Realms/Medieval/Swamp/MSsec50.nod
837166222dca1607e8bf55e7e8ef34d454c86dfcc21efb0395478dec49932426	20364	original/MagicMayhem_CD/Realms/Medieval/Swamp/MSsec50.tag
8ff1709c619a55d8a3b365677cdc8d4a742d8cca25f114e7624c325463ff70f1	376	original/MagicMayhem_CD/Realms/Medieval/Swamp/MSsec51.evt
3fd3ebc8463f9968a16e553ead3964f6161ab623804929b55112e373bb14c793	17470	original/MagicMayhem_CD/Realms/Medieval/Swamp/MSsec51.map
da3bd5af76674a4c57d5aa0680e3d419a3dda95eb78d554796d1e3e4301997e4	256	original/MagicMayhem_CD/Realms/Medieval/Swamp/MSsec51.mps
73c643f7dcf9c0159d914057fbd8e285f874f6c1baf88157816dce6cd864bc6f	13856	original/MagicMayhem_CD/Realms/Medieval/Swamp/MSsec51.nod
837166222dca1607e8bf55e7e8ef34d454c86dfcc21efb0395478dec49932426	20364	original/MagicMayhem_CD/Realms/Medieval/Swamp/MSsec51.tag
53f8ab0bb1632006292347ca100ae110ba933d28f3094dab3f111b78ced2588e	232	original/MagicMayhem_CD/Realms/Medieval/Swamp/MSsec52.evt
a701fade4028d2f19287a3d641db12809322c414921b8875ad9bc40ed66eb5dd	15500	original/MagicMayhem_CD/Realms/Medieval/Swamp/MSsec52.map
888f962d01e4147ceae1df5d9bec29c988bf2af7da7c4388728837f78c515358	256	original/MagicMayhem_CD/Realms/Medieval/Swamp/MSsec52.mps
f6964084a0568f9be454b9507ec0e6bee4c228771f05a1db9dab655c2a482443	10892	original/MagicMayhem_CD/Realms/Medieval/Swamp/MSsec52.nod
837166222dca1607e8bf55e7e8ef34d454c86dfcc21efb0395478dec49932426	20364	original/MagicMayhem_CD/Realms/Medieval/Swamp/MSsec52.tag
45a7052d25bf13909693ce224744d86f1c7d94a13170550a69ad6bcd737138bd	376	original/MagicMayhem_CD/Realms/Medieval/Swamp/MSsec53.evt
f9db9364c390d56625dc11e00fc24b73688179eae2b560010bb67c875b38ab37	17640	original/MagicMayhem_CD/Realms/Medieval/Swamp/MSsec53.map
b7a6473ae244982d9bf93f79c61eeb72532996077415156a277ffc91fb8c9a52	256	original/MagicMayhem_CD/Realms/Medieval/Swamp/MSsec53.mps
73c643f7dcf9c0159d914057fbd8e285f874f6c1baf88157816dce6cd864bc6f	13856	original/MagicMayhem_CD/Realms/Medieval/Swamp/MSsec53.nod
837166222dca1607e8bf55e7e8ef34d454c86dfcc21efb0395478dec49932426	20364	original/MagicMayhem_CD/Realms/Medieval/Swamp/MSsec53.tag
39f2e79f638faa10b432039ee446719c9a30e758c1604395f75aec14fd98e258	376	original/MagicMayhem_CD/Realms/Medieval/Swamp/MSsec54.evt
358fbf52ef6f8938265f79307d36b5d2dc5016b34323e9d7fdc25835ae49d423	17644	original/MagicMayhem_CD/Realms/Medieval/Swamp/MSsec54.map
d89d78345b3f2463dc360a6fceff04ea35de99a68eeb806cb8ae3c09eebd06fd	256	original/MagicMayhem_CD/Realms/Medieval/Swamp/MSsec54.mps
73c643f7dcf9c0159d914057fbd8e285f874f6c1baf88157816dce6cd864bc6f	13856	original/MagicMayhem_CD/Realms/Medieval/Swamp/MSsec54.nod
837166222dca1607e8bf55e7e8ef34d454c86dfcc21efb0395478dec49932426	20364	original/MagicMayhem_CD/Realms/Medieval/Swamp/MSsec54.tag
dfd780b0a2ab6dbe26fec061f0d0f47543d4440035a4b3c4d49a27c9845a1464	448	original/MagicMayhem_CD/Realms/Medieval/Swamp/MSsec55.evt
0c090c8782ba41686b0c7c85782fc53c5b654a28f8801b9cc9acc7243bdba9dc	17656	original/MagicMayhem_CD/Realms/Medieval/Swamp/MSsec55.map
309ec7d55f7087e07fed1cbbcf730d333f7bfbf58c6b0ffbc08657ad40fee9fe	256	original/MagicMayhem_CD/Realms/Medieval/Swamp/MSsec55.mps
73c643f7dcf9c0159d914057fbd8e285f874f6c1baf88157816dce6cd864bc6f	13856	original/MagicMayhem_CD/Realms/Medieval/Swamp/MSsec55.nod
837166222dca1607e8bf55e7e8ef34d454c86dfcc21efb0395478dec49932426	20364	original/MagicMayhem_CD/Realms/Medieval/Swamp/MSsec55.tag
11cb25f07eb095629d3c829e714179c2246860dc5a909eb990c2274f3903e4e7	2735232	original/MagicMayhem_CD/Realms/Medieval/Swamp/Terrain.spr
837166222dca1607e8bf55e7e8ef34d454c86dfcc21efb0395478dec49932426	20364	original/MagicMayhem_CD/Realms/Medieval/Swamp/Terrain.tag
af305bed12417f58bbb9060dd89ee2480c29a2e87926cfb77cd71a6422b1565a	604148	original/MagicMayhem_CD/Realms/Medieval/Swamp/Terrain.ttd
bc5de961972b28c06b78b5fa38b8c959ddaf03d5762f40ec56b4b951a70e6468	16	original/MagicMayhem_CD/Realms/Medieval/Swamp/Trees.evt
a9dbe546f1916853278727ba4f19ecddeeb554b94ff988ca510edb62029660a8	15624	original/MagicMayhem_CD/Realms/Medieval/Swamp/Trees.map
08a01dfd0449466d4cc7f09ee126ebf1169455d979a99812a1cab084024fe30e	176	original/MagicMayhem_CD/Realms/Medieval/Swamp/Trees.mps
e83583caad9ae80b09a676dc1496b3d3f91eacaa38b5f674d3a805fd1c797a36	9904	original/MagicMayhem_CD/Realms/Medieval/Swamp/Trees.nod
837166222dca1607e8bf55e7e8ef34d454c86dfcc21efb0395478dec49932426	20364	original/MagicMayhem_CD/Realms/Medieval/Swamp/Trees.tag
6d1169beef61c5f12ee915dc267730c08b6998bb86f3b6033f03591d994e5683	480	original/MagicMayhem_CD/Realms/Medieval/Swamp/doors.ani
e13da3505b11311c055405a426cba36fb54297ac7b402e84b5da98bac66a2ac3	10484	original/MagicMayhem_CD/Realms/Medieval/Swamp/terrain.ani
2b0c48463bc3512a25c3687b4b5d5cff8f310f69003c13c06a589e89ef23cf6e	664	original/MagicMayhem_CD/Realms/Medieval/Village/MVsec00.evt
f1bb28b1a3a881156bfdc4da03d4821282729a52363a90ff837e064f1dc4ffbd	63569	original/MagicMayhem_CD/Realms/Medieval/Village/MVsec00.map
d04897851d5b3726fc558be2e61a14abb252a7cf8d900f6947a709179e769073	1296	original/MagicMayhem_CD/Realms/Medieval/Village/MVsec00.mps
cf8054294b7b254cbcc94e71a6fa8a26460848b674a26f082674297ab4290bf0	48930	original/MagicMayhem_CD/Realms/Medieval/Village/MVsec00.nod
bc5de961972b28c06b78b5fa38b8c959ddaf03d5762f40ec56b4b951a70e6468	16	original/MagicMayhem_CD/Realms/Medieval/Village/MVsec10.evt
39b416d091a4d0c8d3e450765c540577a8beecada8174ec7cb05e9b84a8b9e35	15680	original/MagicMayhem_CD/Realms/Medieval/Village/MVsec10.map
9999e2d3ce787400e4ee96b5f0c33308039f1fb44e5a2cbeed244fe1eeaa03ec	376	original/MagicMayhem_CD/Realms/Medieval/Village/MVsec10.mps
9b97cbec1199b3e405301e6dd143431da002b4a3c1073d41c85f14d659002d67	8422	original/MagicMayhem_CD/Realms/Medieval/Village/MVsec10.nod
ccc939768265104e3c5db5e130f24dfebbceb6a5cda2a61b3297d2f78365f470	736	original/MagicMayhem_CD/Realms/Medieval/Village/MVsec11.evt
1917fd82f313616728eda6819aaa3330086450456da0c85e4bbcd036f5582a5d	15601	original/MagicMayhem_CD/Realms/Medieval/Village/MVsec11.map
7504cf9b1c3defbd43ced63967f69000515af4f2d13aea872354078445505b93	376	original/MagicMayhem_CD/Realms/Medieval/Village/MVsec11.mps
fa1f3c68c722d822032e58ed6d50020285bf0972bf01d1e6ea266728039c2e27	8422	original/MagicMayhem_CD/Realms/Medieval/Village/MVsec11.nod
bc5de961972b28c06b78b5fa38b8c959ddaf03d5762f40ec56b4b951a70e6468	16	original/MagicMayhem_CD/Realms/Medieval/Village/MVsec12.evt
0f15a649f4554dfb59a5ecd4598615ec6d31a7bd5dbe79183a65c072da26df74	15470	original/MagicMayhem_CD/Realms/Medieval/Village/MVsec12.map
856568d939cbdfa26a19d11d151bd6f3e2d914839bbc4c0028f9d3b4c8f5a27b	376	original/MagicMayhem_CD/Realms/Medieval/Village/MVsec12.mps
5695ffd011c030eddd341dcb879e46220a1fb48b33781608f973b8dcd279c7e1	7928	original/MagicMayhem_CD/Realms/Medieval/Village/MVsec12.nod
bc5de961972b28c06b78b5fa38b8c959ddaf03d5762f40ec56b4b951a70e6468	16	original/MagicMayhem_CD/Realms/Medieval/Village/MVsec13.evt
e1a6d48e4dbe9f020b2b3544d8bfc7d28fad488930f09ae0a7b5ed6b4ae02202	15514	original/MagicMayhem_CD/Realms/Medieval/Village/MVsec13.map
6ff647846f4b93eed61515fdd21005b121176dbfa5a00fbe6997832456d72333	376	original/MagicMayhem_CD/Realms/Medieval/Village/MVsec13.mps
eb57b65a96ae0942415831cbb34190531674f5010f36d2b73fff7d642bd68763	7928	original/MagicMayhem_CD/Realms/Medieval/Village/MVsec13.nod
833a78e04b83b77a87112c51ac7f300f8a1ac7b54c260e5b0ff9a31bc6b654b9	232	original/MagicMayhem_CD/Realms/Medieval/Village/MVsec14.evt
dfc0aa708974ce60db114ff572a6001be117c1e9fbb90f853f18bc6400a2ea2e	16036	original/MagicMayhem_CD/Realms/Medieval/Village/MVsec14.map
a9848d7ec43a3267aad0984533b90e0d3384ec1c2f7e3e7350c0c0f524cbe561	336	original/MagicMayhem_CD/Realms/Medieval/Village/MVsec14.mps
e5001b43705d8f863e5be7dac3e917df8f72941cbe3c6e880961f2976f8abb78	11386	original/MagicMayhem_CD/Realms/Medieval/Village/MVsec14.nod
36283f2063860aef7c72ec0d27df56919425a5978887f24f52483ac15c90c965	448	original/MagicMayhem_CD/Realms/Medieval/Village/MVsec15.evt
f169b0a26ecb6ed2abc1ce975bc6fd796d34ea66c2dabfb25253ae748597ba6f	16507	original/MagicMayhem_CD/Realms/Medieval/Village/MVsec15.map
eea7024b0d623100c6e48342e952c87fb563b4489127fc153c244a4365310a31	456	original/MagicMayhem_CD/Realms/Medieval/Village/MVsec15.mps
5745ca35daa65c2a30bb767b74a5e900ae78cb2ff55a09bc10a6a40b5959ce72	13856	original/MagicMayhem_CD/Realms/Medieval/Village/MVsec15.nod
bc5de961972b28c06b78b5fa38b8c959ddaf03d5762f40ec56b4b951a70e6468	16	original/MagicMayhem_CD/Realms/Medieval/Village/MVsec16.evt
9adb969b3ca63e236b97b3365375684eacdf41ca081275c4cf548f7def17a2da	15631	original/MagicMayhem_CD/Realms/Medieval/Village/MVsec16.map
8c3c5fa7b6f3f584935f216af3515f9de4b41a15352f330eef08f0f466d3b054	416	original/MagicMayhem_CD/Realms/Medieval/Village/MVsec16.mps
6d67f9ce07a01d8cca0332694ccf4b0614fbaab7d017f58daa7bd70a9b440440	8916	original/MagicMayhem_CD/Realms/Medieval/Village/MVsec16.nod
bc5de961972b28c06b78b5fa38b8c959ddaf03d5762f40ec56b4b951a70e6468	16	original/MagicMayhem_CD/Realms/Medieval/Village/MVsec17.evt
e240b6738f4d3eceb4dbe183348a50b85faec55986a802b841f5e4a95446b39a	15589	original/MagicMayhem_CD/Realms/Medieval/Village/MVsec17.map
856a5d10bcbe6b0ec686c2cb5f544fd84a827060675a0e54981d15fe6640faa2	416	original/MagicMayhem_CD/Realms/Medieval/Village/MVsec17.mps
cde36977e3fa24d8e440af3630931673910e45819cbf959812dcf9890ce03597	7928	original/MagicMayhem_CD/Realms/Medieval/Village/MVsec17.nod
bc5de961972b28c06b78b5fa38b8c959ddaf03d5762f40ec56b4b951a70e6468	16	original/MagicMayhem_CD/Realms/Medieval/Village/MVsec18.evt
b839465d4b1d87e09d8ffe53e484efbe5afd5aac27134759facd424cdabcc30d	15531	original/MagicMayhem_CD/Realms/Medieval/Village/MVsec18.map
cc5c2512c678a3eb8e6ac08856fe4c09be9b66e49412cc512e44aec28639f84e	416	original/MagicMayhem_CD/Realms/Medieval/Village/MVsec18.mps
5710f8e6582f6a77a299599580ec452d352a17b0ef7bf11524946854c0bd334b	7928	original/MagicMayhem_CD/Realms/Medieval/Village/MVsec18.nod
4734fc87d20198036b1b45f8126878be92ff087bac0a99cfe947b3feda3bd967	160	original/MagicMayhem_CD/Realms/Medieval/Village/MVsec19.evt
7178c924796cfcf4e0cc9f04d4ee0e6d66fd506de8e71a941ecfbdb7c6efbdbe	15940	original/MagicMayhem_CD/Realms/Medieval/Village/MVsec19.map
1302e417959051761cd024c7988c8bb14d8c8b6ad055d5b0935381489eba8b84	376	original/MagicMayhem_CD/Realms/Medieval/Village/MVsec19.mps
baef4379eab05129dbfbc4e2afa04e2c52b04723e633bd62abee076d51f3b8c2	9904	original/MagicMayhem_CD/Realms/Medieval/Village/MVsec19.nod
dd578a26864125c50713a00fd38c2d133010a739bc36e326dbd21c01c3ad2cee	664	original/MagicMayhem_CD/Realms/Medieval/Village/MVsec20.evt
d310aa32a1b4c7a04d9dc80bc09cfef4aab0b6234a82689bf396c3f175445998	16109	original/MagicMayhem_CD/Realms/Medieval/Village/MVsec20.map
8a5b850dc83a64598ec7396750cac1fd8caea0be8c628b343b2b003b5423c2ef	616	original/MagicMayhem_CD/Realms/Medieval/Village/MVsec20.mps
e522f553006b8eacbdf934b3efdbe0aa0112a73ec4cf5b89da98efb831f3f39c	14350	original/MagicMayhem_CD/Realms/Medieval/Village/MVsec20.nod
ce94c5b0a1c570c1eba0cfcc0b5b2cae298e1076c6d2c554b806599b376d1471	520	original/MagicMayhem_CD/Realms/Medieval/Village/MVsec21.evt
9949e59f9b4740379d11ef74574b40bef5da708220e46e600caef7d159762da6	16057	original/MagicMayhem_CD/Realms/Medieval/Village/MVsec21.map
a15d8f26bf5932573e9ed54fc8a3507e681a67eed7a69942907eb8d13e2e8131	616	original/MagicMayhem_CD/Realms/Medieval/Village/MVsec21.mps
20a539ef41e4f135eaa5998d6174e2802e98a432bab89725ee1bd7b3a8a14db2	13856	original/MagicMayhem_CD/Realms/Medieval/Village/MVsec21.nod
7a61c584fc183bc0e18662dbfd3e57a50f4391f49f29d63b8ba9066ecb4e1328	304	original/MagicMayhem_CD/Realms/Medieval/Village/MVsec22.evt
6371b6c936545036d94f7beefe986b60d37957baac7643b5e22377cfebb73630	15895	original/MagicMayhem_CD/Realms/Medieval/Village/MVsec22.map
7ddd18f7228e31b70952552161bf7d8540b8d54e93cc50394e752f72e8bb8163	696	original/MagicMayhem_CD/Realms/Medieval/Village/MVsec22.mps
5a24738cba1f1b9e8ccfee3e334bf39d5a05b2f230e73b6a5aa595cde9b1ed11	11386	original/MagicMayhem_CD/Realms/Medieval/Village/MVsec22.nod
7dc5d77c5e82ea746863fb7f66df3c6a4da871f28c90ef88783ebbf4d2da8fd4	736	original/MagicMayhem_CD/Realms/Medieval/Village/MVsec23.evt
9dc6a22f2b20052f8383c076d3014467a27a5ab9ae9450893186f09e0b52896b	15845	original/MagicMayhem_CD/Realms/Medieval/Village/MVsec23.map
43c9966c46cec3c018864c5bc459742f176b17debad40cd0264c9c288044b465	736	original/MagicMayhem_CD/Realms/Medieval/Village/MVsec23.mps
16f0de7148ab9c487b9b0ad2d8d50906de5d14e1995453201b28929b1797dc10	11386	original/MagicMayhem_CD/Realms/Medieval/Village/MVsec23.nod
a48673228e74ff416f0a990aa910e858cc685bf9a717e20c7ae306d5e0e9ab14	232	original/MagicMayhem_CD/Realms/Medieval/Village/MVsec24.evt
6a45ddc920b0a8a390dc9cfbd24242533d82a5a542ecacfeb38c96eeefe4f1d6	16147	original/MagicMayhem_CD/Realms/Medieval/Village/MVsec24.map
a77a1716f84c280c89aead6689e83c8c3aa453c8699e73d063855eca3ebd4fe5	616	original/MagicMayhem_CD/Realms/Medieval/Village/MVsec24.mps
d4d067e7436cdd6774d1ddb3af11cc85966a728076c6273dd990c24756450575	13362	original/MagicMayhem_CD/Realms/Medieval/Village/MVsec24.nod
ec936cd630930b4622e7b6c5394bcc32be0c4e06f5a04e42c7043e52f0190400	592	original/MagicMayhem_CD/Realms/Medieval/Village/MVsec25.evt
806a784e4aa7c7664cd94aef733c32754501d019ca4a961091ce865f2e786dc5	16362	original/MagicMayhem_CD/Realms/Medieval/Village/MVsec25.map
7aa578eccfaa221ab11e61bb0c893895dcad6915d85a6f8655d3d6aef8e42434	736	original/MagicMayhem_CD/Realms/Medieval/Village/MVsec25.mps
a936612fe58b324dab4141a846324911303e4d5399ffcf483bf7636c494a0682	15832	original/MagicMayhem_CD/Realms/Medieval/Village/MVsec25.nod
541cfa15e70305808f491c5ef37c2b87cdc8b686929e7a40b2f3564473cd5e0c	232	original/MagicMayhem_CD/Realms/Medieval/Village/MVsec26.evt
d20b8940577e09d8a595495148008df9cf63b8c24d2a437953444afe6017056f	15834	original/MagicMayhem_CD/Realms/Medieval/Village/MVsec26.map
7d93c3d27b9719a4ca029457f365472cb1bb540fd2a832fde10b73120948dd80	696	original/MagicMayhem_CD/Realms/Medieval/Village/MVsec26.mps
23a626f6e1a0f33e9f9218610f0283ad46f0edc68dc32224a7b448896938332e	10892	original/MagicMayhem_CD/Realms/Medieval/Village/MVsec26.nod
b0bb16d40671d210f16bfb3abd75fd20c7a50dc481f7e413264f415937a769e7	304	original/MagicMayhem_CD/Realms/Medieval/Village/MVsec27.evt
ba3baea07f3d48a3fec230580d56a72a30ec22cf5da130a6979457bb8661474b	16153	original/MagicMayhem_CD/Realms/Medieval/Village/MVsec27.map
384ac325604aecbfc9bbdab8f2e362099944a171969ccb1633e1bd43be27d824	776	original/MagicMayhem_CD/Realms/Medieval/Village/MVsec27.mps
30695c7c3e1ef8ac7ff4e50494dcdeb85a7159cd04c39ea6f30761880e9d024b	12868	original/MagicMayhem_CD/Realms/Medieval/Village/MVsec27.nod
bc5de961972b28c06b78b5fa38b8c959ddaf03d5762f40ec56b4b951a70e6468	16	original/MagicMayhem_CD/Realms/Medieval/Village/MVsec28.evt
80751580dfb0f5bbd12b68eb78ce7240d22b71671ccbffec72ae80bf2c368b94	15553	original/MagicMayhem_CD/Realms/Medieval/Village/MVsec28.map
dcf8d4a2c5e105a5f32d30b263915b3fef14eebcab896157aa339295ab2f4eaa	696	original/MagicMayhem_CD/Realms/Medieval/Village/MVsec28.mps
5e5aeecaeed191af5e1091a6520487273027be011e3090d7f5813a3dd07c027c	16820	original/MagicMayhem_CD/Realms/Medieval/Village/MVsec28.nod
c5489255078cf39b6c159aa47baf9b9b73e9eb7c2b0b559fdb543da011a753e5	160	original/MagicMayhem_CD/Realms/Medieval/Village/MVsec29.evt
c77375507c2649aee76d0f4b190df6bb5bd4ffb8f29ae447ea33afd8fc1322af	18831	original/MagicMayhem_CD/Realms/Medieval/Village/MVsec29.map
0f9dc19f24bc140c339673500f6181def0ff2a97c1dbf829c9f0d54071ab202f	736	original/MagicMayhem_CD/Realms/Medieval/Village/MVsec29.mps
5f339271d5d322c3eef6623c908fb1caab39a82ce5767b747447e45566633c9b	12868	original/MagicMayhem_CD/Realms/Medieval/Village/MVsec29.nod
008f61e4d72fc057f8a695e6450f2adf73581a49b3f405f8c18452255e1be4dd	3425812	original/MagicMayhem_CD/Realms/Medieval/Village/Terrain.spr
b8c5d235cde0ba097e5f619dd9f22befe699b37d1876f69b6934a173494614d9	24780	original/MagicMayhem_CD/Realms/Medieval/Village/Terrain.tag
11c3ce05ee1d14ce31062f6e566d650ecd27cb95843e40ea8aabee1c8441c690	735156	original/MagicMayhem_CD/Realms/Medieval/Village/Terrain.ttd
88c986553ffd34a2826dc33c0aadcb41cc1c0eedf7c886e076e07ae011c57fa1	2272	original/MagicMayhem_CD/Realms/Medieval/Village/doors.ani
a00b0ca3579ebbdc23947d7cb2602440d717d7f4da4ae54626ce88de6dcce2ab	10140	original/MagicMayhem_CD/Realms/Medieval/Village/terrain.ani
368716f8a446f1db1b6748f9ba3725279eece098564effbc41aa2c54bde0d603	55	original/MagicMayhem_CD/SETUP.INI
91c757ee32f4f5054545b20e29d448293586903057ca07485f11543b9f47f6ca	291062	original/MagicMayhem_CD/_INST32I.EX_
7d6be716899ac639cd2155a4db015a6296a8c1f1b701226ce55abbf6b1b1bfb1	8704	original/MagicMayhem_CD/_ISDEL.EXE
17760418bb9fe5b0dc014c7cbe3e8a9d13fc7ae0baca6baf65e83e3681e1729d	11264	original/MagicMayhem_CD/_SETUP.DLL
c4fe3dc484923dcbfcf1d0bededcc1ef9c7870b2eb26bf3ca08b1fff4c38edb0	204366	original/MagicMayhem_CD/_sys1.cab
eab54cf8662e37362be2fdc754c761b30cd3083ab185085f1b172bd7c9378b3d	917472	original/MagicMayhem_CD/_user1.cab
87e7db3c613dfbc6224fb85b00ce7334dc74983b10baa22bd23082f607ce6f71	118533570	original/MagicMayhem_CD/data1.cab
aca8915ef96667d8253d0bccb11093861f8ccc199fed7509698b075e4a889df6	4525	original/MagicMayhem_CD/lang.dat
4d156b9235905f7966303e787a6fcd596862b3ad0b306404b19b7397231fc3c6	397	original/MagicMayhem_CD/layout.bin
2f148cb3d32ab70a315b5a853761c2702b6deef6ffaff6aa76d513b945ce7ef7	417	original/MagicMayhem_CD/os.dat
03e32ea27157bd460a23040f741c1c40e3bcb7f9cd4cf4211f589ea65ed1ebf3	62500	original/MagicMayhem_CD/setup.ins
708d29c649525882937031b3d73cc851b7b1bc30772eb4e0e2a71523908f2eb5	49	original/MagicMayhem_CD/setup.lid
46c875398accb71afbfc2d619b4ae1ebf61dc25047c07523954dd49e91b512e2	50578	original/MagicMayhem_CD/vielogo.tga
f85717e5360cbd0a779c606255d96c161bc2afa8b9595d1647cf38088ae463c8	314880000	original/MagicMayhem_ISO/MagicMayhem-data.iso
2690763b847c2f595d90d99a76cd681065d7dbabb60de8dc37ab32b2c7a0f747	3262	original/MagicMayhem_ISO/MagicMayhem.ccd
bcfc8acc59d67462a1b4783dcf6d01b5e738023e3e842cfddb3188fcebe160f4	799	original/MagicMayhem_ISO/MagicMayhem.cue
c181ce0da23d78ff45137885253cc5ddcf2024035ab60cb0e0ae1cd8836fec9e	800206848	original/MagicMayhem_ISO/MagicMayhem.img
ab5b76613da90c707b83be025d98fa0bb51d4e23749ae3cf389147308bb59449	32661504	original/MagicMayhem_ISO/MagicMayhem.sub
1b121e6e133ebc81ce95275aa985fec9ea3b8c8d650c4a833ac62fadff512cb2	6307	original/magic-mayhem-disc.sh
90a032fef35f7ffc21fa9cf9aea991147e9c2f92a5b550b63e6768825d8c80b3	456348	original/magicmayhemuksp1.exe
